{
  "task": "put some keychain on sofa.",
  "traj": [
    {
      "obs": "You are in the middle of a room. Looking quickly around you, you see a armchair 1, a diningtable 1, a drawer 1, a garbagecan 1, a ottoman 1, a shelf 1, a shelf 2, a shelf 3, a shelf 4, a shelf 5, a shelf 6, a shelf 7, a shelf 8, a sidetable 1, a sofa 1, and a tvstand 1.",
      "act": "go to shelf 8",
      "thought": "I am now in/on: the middle of a room\nCritical objects I have found:\nNone\nObjects I have taken:\nNone\nTo solve the task, I need to find and take a keychain, then put it on the sofa. First, I need to find a keychain. A keychain is more likely to appear on shelves (1-8), sidetables (1), drawers (1), or possibly in a garbagecan (1). I can check one by one, starting with shelf 8."
    },
    {
      "obs": "You arrive at loc 12. On the shelf 8, you see a keychain 1, and a statue 3.",
      "act": "take keychain 1 from shelf 8",
      "thought": "I am now in/on: shelf 8\nCritical objects I have found:\nkeychain 1 (shelf 8)\nObjects I have taken:\nNone\nNow I find a keychain (1). Next, I need to take it."
    },
    {
      "obs": "You pick up the keychain 1 from the shelf 8.",
      "act": "go to sofa 1",
      "thought": "I am now in/on: shelf 8\nCritical objects I have found:\nkeychain 1 (shelf 8)\nObjects I have taken:\nkeychain 1\nNow I have taken the keychain (1). Next, I need to go to and put it on the sofa 1."
    },
    {
      "obs": "You arrive at loc 14. On the sofa 1, you see a creditcard 1, and a pillow 1.",
      "act": "put keychain 1 in/on sofa 1",
      "thought": "I am now in/on: sofa 1\nCritical objects I have found:\nkeychain 1 (shelf 8)\nObjects I have taken:\nkeychain 1\nNow I am on the sofa 1. Next, I need to put the keychain 1 on it."
    },
    {
      "obs": "You put the keychain 1 in/on the sofa 1.",
      "act": "go to shelf 8"
    }
  ]
}