{
  "task": "put a spraybottle in cabinet.",
  "traj": [
    {
      "obs": "You are in the middle of a room. Looking quickly around you, you see a bathtubbasin 1, a cabinet 1, a cabinet 2, a cabinet 3, a cabinet 4, a countertop 1, a garbagecan 1, a handtowelholder 1, a shelf 1, a sinkbasin 1, a sinkbasin 2, a toilet 1, a toiletpaperhanger 1, a towelholder 1, and a towelholder 2.",
      "act": "go to cabinet 4",
      "thought": "I am now in/on: the middle of a room\nCritical objects I have found:\nNone\nObjects I have taken:\nNone\nTo solve the task, I need to find and take a spraybottle, then put it in a cabinet. First, I need to find a spraybottle. A spraybottle is more likely to appear in cabinets (1-4), countertop (1), or sinkbasins (1-2). I will check the cabinets first, starting with cabinet 4."
    },
    {
      "obs": "You arrive at loc 12. The cabinet 4 is closed.",
      "act": "open cabinet 4",
      "thought": "I am now in/on: cabinet 4\nCritical objects I have found:\nNone\nObjects I have taken:\nNone\nTo see objects in cabinet 4, I have to open it first."
    },
    {
      "obs": "You open the cabinet 4. The cabinet 4 is open. In it, you see a soapbar 2, and a soapbar 3.",
      "act": "go to garbagecan 1",
      "thought": "I am now in/on: cabinet 4\nCritical objects I have found:\nNone\nObjects I have taken:\nNone\nIn cabinet 4, there is no spraybottle. Next, I need to check other possible locations starting with garbagecan 1, as it is common to find various discarded or misplaced items there."
    },
    {
      "obs": "You arrive at loc 23. On the garbagecan 1, you see a spraybottle 3.",
      "act": "take spraybottle 3 from garbagecan 1",
      "thought": "I am now in/on: garbagecan 1\nCritical objects I have found:\nspraybottle 3 (garbagecan 1)\nObjects I have taken:\nNone\nNow I find a spraybottle (3). Next, I need to take it."
    },
    {
      "obs": "You pick up the spraybottle 3 from the garbagecan 1.",
      "act": "go to cabinet 4",
      "thought": "I am now in/on: garbagecan 1\nCritical objects I have found:\nspraybottle 3 (garbagecan 1)\nObjects I have taken:\nspraybottle 3\nNow I have taken a spraybottle (3). Next, I need to go to and put it in a cabinet. I will go back to cabinet 4 since it is already open."
    },
    {
      "obs": "You pick up the spraybottle 3 from the garbagecan 1.",
      "act": "open cabinet 4",
      "thought": "It seems there was a mistake in the observation, as I was already at the garbagecan 1 and had taken the spraybottle 3. I intended to go to cabinet 4 to put the spraybottle in it. Let's correct the action."
    },
    {
      "obs": "You pick up the spraybottle 3 from the garbagecan 1.",
      "act": "put spraybottle 3 in/on cabinet 4",
      "thought": "I am now in/on: garbagecan 1\nCritical objects I have found:\nspraybottle 3 (garbagecan 1)\nObjects I have taken:\nspraybottle 3\n\nI have the spraybottle 3 and need to put it in a cabinet. I will put it in cabinet 4 since it is already open and I am carrying the spraybottle 3."
    },
    {
      "obs": "You put the spraybottle 3 in/on the cabinet 4.",
      "act": "close cabinet 4"
    }
  ]
}