{
  "task": "put a tissuebox in garbagecan.",
  "traj": [
    {
      "obs": "You are in the middle of a room. Looking quickly around you, you see a bathtubbasin 1, a countertop 1, a drawer 1, a drawer 2, a drawer 3, a drawer 4, a drawer 5, a drawer 6, a drawer 7, a drawer 8, a garbagecan 1, a handtowelholder 1, a handtowelholder 2, a sinkbasin 1, a toilet 1, a toiletpaperhanger 1, and a towelholder 1.",
      "act": "go to drawer 8",
      "thought": "I am now in/on: the middle of a room\nCritical objects I have found:\nNone\nObjects I have taken:\nNone\nTo solve the task, I need to find and take a tissuebox, then put it in the garbagecan. First, I need to find a tissuebox. A tissuebox is more likely to appear in drawers (1-8), countertop (1), or sinkbasin (1). I can check one by one, starting with drawer 8."
    },
    {
      "obs": "You arrive at loc 6. The drawer 8 is closed.",
      "act": "open drawer 8",
      "thought": "I am now in/on: drawer 8\nCritical objects I have found:\nNone\nObjects I have taken:\nNone\nTo see objects in drawer 8, I have to open it first."
    },
    {
      "obs": "You open the drawer 8. The drawer 8 is open. In it, you see nothing.",
      "act": "go to drawer 4",
      "thought": "I am now in/on: drawer 8\nCritical objects I have found:\nNone\nObjects I have taken:\nNone\nDrawer 8 is empty. Next, I need to check drawer 4 for a tissuebox."
    },
    {
      "obs": "You arrive at loc 8. The drawer 4 is closed.",
      "act": "open drawer 4",
      "thought": "I am now in/on: drawer 4\nCritical objects I have found:\nNone\nObjects I have taken:\nNone\nTo see objects in drawer 4, I have to open it first."
    },
    {
      "obs": "You open the drawer 4. The drawer 4 is open. In it, you see a tissuebox 1.",
      "act": "take tissuebox 1 from drawer 4",
      "thought": "I am now in/on: drawer 4\nCritical objects I have found:\ntissuebox 1 (drawer 4)\nObjects I have taken:\nNone\nNow I find a tissuebox (1). Next, I need to take it."
    },
    {
      "obs": "You pick up the tissuebox 1 from the drawer 4.",
      "act": "go to garbagecan 1",
      "thought": "I am now in/on: drawer 4\nCritical objects I have found:\ntissuebox 1 (drawer 4)\nObjects I have taken:\ntissuebox 1\nNow I have taken the tissuebox (1). Next, I need to go to the garbagecan and put it in."
    },
    {
      "obs": "You arrive at loc 9. On the garbagecan 1, you see nothing.",
      "act": "put tissuebox 1 in/on garbagecan 1",
      "thought": "I am now in/on: garbagecan 1\nCritical objects I have found:\ntissuebox 1 (drawer 4)\nObjects I have taken:\ntissuebox 1\nNow I am at the garbagecan 1. Next, I need to put the tissuebox 1 in/on it."
    },
    {
      "obs": "You put the tissuebox 1 in/on the garbagecan 1.",
      "act": "go to drawer 8"
    }
  ]
}