{
  "task": "put some cellphone on sidetable.",
  "traj": [
    {
      "obs": "You are in the middle of a room. Looking quickly around you, you see a bed 1, a drawer 1, a drawer 10, a drawer 11, a drawer 2, a drawer 3, a drawer 4, a drawer 5, a drawer 6, a drawer 7, a drawer 8, a drawer 9, a dresser 1, a garbagecan 1, a laundryhamper 1, a safe 1, and a sidetable 1.",
      "act": "go to drawer 7",
      "thought": "I am now in/on: the middle of a room\nCritical objects I have found:\nNone\nObjects I have taken:\nNone\nTo solve the task, I need to find and take a cellphone, then put it on the sidetable. First, I need to find a cellphone. A cellphone is more likely to appear in drawers (1-11), dresser (1), or sidetable (1). I can check one by one, starting with drawer 7."
    },
    {
      "obs": "You arrive at loc 11. The drawer 7 is closed.",
      "act": "open drawer 7",
      "thought": "I am now in/on: drawer 7\nCritical objects I have found:\nNone\nObjects I have taken:\nNone\nTo see objects in drawer 7, I have to open it first."
    },
    {
      "obs": "You open the drawer 7. The drawer 7 is open. In it, you see nothing.",
      "act": "go to drawer 9",
      "thought": "I am now in/on: drawer 7\nCritical objects I have found:\nNone\nObjects I have taken:\nNone\nDrawer 7 is empty. Next, I need to check drawer 9 for a cellphone."
    },
    {
      "obs": "You arrive at loc 10. The drawer 9 is closed.",
      "act": "open drawer 9",
      "thought": "I am now in/on: drawer 7\nCritical objects I have found:\nNone\nObjects I have taken:\nNone\nDrawer 7 is empty. I will now open drawer 9 to look for a cellphone."
    },
    {
      "obs": "You open the drawer 9. The drawer 9 is open. In it, you see a cd 3.",
      "act": "go to bed 1",
      "thought": "I am now in/on: drawer 9\nCritical objects I have found:\nNone\nObjects I have taken:\nNone\nDrawer 9 contains a cd, but no cellphone. I will now check bed 1, as sometimes cellphones can be found on or near beds."
    },
    {
      "obs": "You arrive at loc 19. On the bed 1, you see a book 1, a cellphone 1, a cellphone 2, a cellphone 3, a pillow 1, and a pillow 2.",
      "act": "take cellphone 1 from bed 1",
      "thought": "I am now in/on: bed 1\nCritical objects I have found:\ncellphone 1 (bed 1)\nObjects I have taken:\nNone\nI have found cellphones on bed 1. Next, I need to take one of them."
    },
    {
      "obs": "You pick up the cellphone 1 from the bed 1.",
      "act": "go to sidetable 1",
      "thought": "I am now in/on: bed 1\nCritical objects I have found:\ncellphone 1 (bed 1)\nObjects I have taken:\ncellphone 1\nNow I have taken cellphone 1. Next, I need to go to and put it on the sidetable 1."
    },
    {
      "obs": "You arrive at loc 21. On the sidetable 1, you see a alarmclock 1, a cd 1, a creditcard 1, a creditcard 2, and a desklamp 1.",
      "act": "put cellphone 1 in/on sidetable 1",
      "thought": "I am now in/on: sidetable 1\nCritical objects I have found:\ncellphone 1 (bed 1)\nObjects I have taken:\ncellphone 1\nNow I am at the sidetable 1. Next, I need to put the cellphone 1 on it."
    },
    {
      "obs": "You put the cellphone 1 in/on the sidetable 1.",
      "act": "go to drawer 7"
    }
  ]
}