{
  "task": "put a soapbottle in toilet.",
  "traj": [
    {
      "obs": "You are in the middle of a room. Looking quickly around you, you see a bathtubbasin 1, a cabinet 1, a cabinet 2, a cabinet 3, a cabinet 4, a countertop 1, a garbagecan 1, a handtowelholder 1, a sinkbasin 1, a sinkbasin 2, a toilet 1, a toiletpaperhanger 1, and a towelholder 1.",
      "act": "go to countertop 1",
      "thought": "I am now in/on: the middle of a room\nCritical objects I have found:\nNone\nObjects I have taken:\nNone\nTo solve the task, I need to find and take a soapbottle, then put it in the toilet. First, I need to find a soapbottle. A soapbottle is more likely to appear on countertops (1), in cabinets (1-4), or near sinkbasins (1-2). I will start by checking the countertop 1."
    },
    {
      "obs": "You arrive at loc 5. On the countertop 1, you see a candle 1.",
      "act": "go to garbagecan 1",
      "thought": "I am now in/on: countertop 1\nCritical objects I have found:\nNone\nObjects I have taken:\nNone\nOn countertop 1, there is no soapbottle. Next, I need to check garbagecan 1, as sometimes items that are to be reused or have been misplaced can be found there."
    },
    {
      "obs": "You arrive at loc 1. On the garbagecan 1, you see a soapbottle 1.",
      "act": "take soapbottle 1 from garbagecan 1",
      "thought": "I am now in/on: garbagecan 1\nCritical objects I have found:\nsoapbottle 1 (garbagecan 1)\nObjects I have taken:\nNone\nNow I find a soapbottle (1). Next, I need to take it."
    },
    {
      "obs": "You pick up the soapbottle 1 from the garbagecan 1.",
      "act": "go to toilet 1",
      "thought": "I am now in/on: garbagecan 1\nCritical objects I have found:\nsoapbottle 1 (garbagecan 1)\nObjects I have taken:\nsoapbottle 1\nNow I have taken the soapbottle (1). Next, I need to go to and put it in the toilet 1."
    },
    {
      "obs": "You arrive at loc 12. On the toilet 1, you see a spraybottle 1, and a toiletpaper 2.",
      "act": "put soapbottle 1 in/on toilet 1",
      "thought": "I am now in/on: toilet 1\nCritical objects I have found:\nsoapbottle 1 (garbagecan 1)\nObjects I have taken:\nsoapbottle 1\nNow I am at the toilet 1. Next, I need to put the soapbottle 1 in/on it."
    },
    {
      "obs": "You put the soapbottle 1 in/on the toilet 1.",
      "act": "go to countertop 1"
    }
  ]
}