{
  "task": "put a remotecontrol in coffeetable.",
  "traj": [
    {
      "obs": "You are in the middle of a room. Looking quickly around you, you see a armchair 1, a coffeetable 1, a drawer 1, a drawer 2, a drawer 3, a drawer 4, a dresser 1, a garbagecan 1, a sidetable 1, a sidetable 2, and a sofa 1.",
      "act": "go to drawer 1",
      "thought": "I am now in/on: the middle of a room\nCritical objects I have found:\nNone\nObjects I have taken:\nNone\nTo solve the task, I need to find and take a remote control, then put it in the coffeetable. First, I need to find a remote control. A remote control is more likely to appear in drawers (1-4), sidetables (1-2), or on the coffeetable itself. I will check one by one, starting with drawer 1."
    },
    {
      "obs": "You arrive at loc 22. The drawer 1 is closed.",
      "act": "open drawer 1",
      "thought": "I am now in/on: drawer 1\nCritical objects I have found:\nNone\nObjects I have taken:\nNone\nTo see objects in drawer 1, I have to open it first."
    },
    {
      "obs": "You open the drawer 1. The drawer 1 is open. In it, you see nothing.",
      "act": "go to drawer 2",
      "thought": "I am now in/on: drawer 1\nCritical objects I have found:\nNone\nObjects I have taken:\nNone\nDrawer 1 is empty. Next, I need to check drawer 2 for the remote control."
    },
    {
      "obs": "You arrive at loc 13. On the drawer 2, you see nothing.",
      "act": "go to coffeetable 1",
      "thought": "I am now in/on: drawer 2\nCritical objects I have found:\nNone\nObjects I have taken:\nNone\nDrawer 2 is empty. Before continuing with the other drawers, I will check the coffeetable 1 as it is a common place to find a remote control."
    },
    {
      "obs": "You arrive at loc 4. On the coffeetable 1, you see a laptop 1, a newspaper 2, a statue 1, a statue 2, and a vase 4.",
      "act": "go to drawer 4",
      "thought": "I am now in/on: coffeetable 1\nCritical objects I have found:\nNone\nObjects I have taken:\nNone\nThe coffeetable 1 does not have the remote control. Next, I will check drawer 4."
    },
    {
      "obs": "You arrive at loc 2. The drawer 4 is closed.",
      "act": "open drawer 4",
      "thought": "I am now in/on: drawer 4\nCritical objects I have found:\nNone\nObjects I have taken:\nNone\nTo see objects in drawer 4, I have to open it first."
    },
    {
      "obs": "You open the drawer 4. The drawer 4 is open. In it, you see nothing.",
      "act": "go to drawer 3",
      "thought": "I am now in/on: drawer 4\nCritical objects I have found:\nNone\nObjects I have taken:\nNone\nDrawer 4 is empty. Next, I need to check drawer 3 for the remote control."
    },
    {
      "obs": "You arrive at loc 14. The drawer 3 is closed.",
      "act": "open drawer 3",
      "thought": "I am now in/on: drawer 3\nCritical objects I have found:\nNone\nObjects I have taken:\nNone\nTo see objects in drawer 3, I have to open it first."
    },
    {
      "obs": "You open the drawer 3. The drawer 3 is open. In it, you see a keychain 2.",
      "act": "go to sofa 1",
      "thought": "I am now in/on: drawer 3\nCritical objects I have found:\nNone\nObjects I have taken:\nNone\nDrawer 3 does not contain the remote control, only a keychain. Next, I will check the sofa 1, as sometimes remote controls can be found on or near sofas."
    },
    {
      "obs": "You arrive at loc 18. On the sofa 1, you see a creditcard 1, a newspaper 1, and a pillow 1.",
      "act": "go to dresser 1",
      "thought": "I am now in/on: sofa 1\nCritical objects I have found:\nNone\nObjects I have taken:\nNone\nThe sofa 1 does not have the remote control. Next, I will check the dresser 1, as it is another piece of furniture where a remote control might be placed."
    },
    {
      "obs": "You arrive at loc 20. On the dresser 1, you see a keychain 3, a pen 2, a remotecontrol 2, a vase 1, a vase 2, a vase 3, and a watch 1.",
      "act": "take remotecontrol 2 from dresser 1",
      "thought": "I am now in/on: dresser 1\nCritical objects I have found:\nremotecontrol 2 (dresser 1)\nObjects I have taken:\nNone\nI have found a remote control (2) on the dresser 1. Next, I need to take it."
    },
    {
      "obs": "You pick up the remotecontrol 2 from the dresser 1.",
      "act": "go to coffeetable 1",
      "thought": "I am now in/on: dresser 1\nCritical objects I have found:\nremotecontrol 2 (dresser 1)\nObjects I have taken:\nremotecontrol 2\nNow that I have the remote control (2), I need to go to the coffeetable 1 to put it there."
    },
    {
      "obs": "You arrive at loc 4. On the coffeetable 1, you see a laptop 1, a newspaper 2, a statue 1, a statue 2, and a vase 4.",
      "act": "put remotecontrol 2 in/on coffeetable 1",
      "thought": "I am now in/on: coffeetable 1\nCritical objects I have found:\nremotecontrol 2 (dresser 1)\nObjects I have taken:\nremotecontrol 2\nNow I am at the coffeetable 1. Next, I need to put the remote control 2 in/on it."
    },
    {
      "obs": "You put the remotecontrol 2 in/on the coffeetable 1.",
      "act": "go to drawer 1"
    }
  ]
}