{
  "task": "put some spraybottle on garbagecan.",
  "traj": [
    {
      "obs": "You are in the middle of a room. Looking quickly around you, you see a bathtubbasin 1, a countertop 1, a drawer 1, a drawer 2, a drawer 3, a drawer 4, a drawer 5, a drawer 6, a drawer 7, a drawer 8, a garbagecan 1, a handtowelholder 1, a sinkbasin 1, a toilet 1, a toiletpaperhanger 1, a towelholder 1, and a towelholder 2.",
      "act": "go to drawer 8",
      "thought": "I am now in/on: the middle of a room\nCritical objects I have found:\nNone\nObjects I have taken:\nNone\nTo solve the task, I need to find and take a spraybottle, then put it on the garbagecan. First, I need to find a spraybottle. A spraybottle is more likely to appear in drawers (1-8), countertop (1), or sinkbasin (1). I can check one by one, starting with drawer 8."
    },
    {
      "obs": "You arrive at loc 11. The drawer 8 is closed.",
      "act": "open drawer 8",
      "thought": "I am now in/on: drawer 8\nCritical objects I have found:\nNone\nObjects I have taken:\nNone\nTo see objects in drawer 8, I have to open it first."
    },
    {
      "obs": "You open the drawer 8. The drawer 8 is open. In it, you see nothing.",
      "act": "go to garbagecan 1",
      "thought": "I am now in/on: drawer 8\nCritical objects I have found:\nNone\nObjects I have taken:\nNone\nDrawer 8 is empty, so there is no spraybottle here. Next, I need to check the garbagecan 1, as it is possible that the spraybottle is already there. If not, I will continue searching the other drawers."
    },
    {
      "obs": "You arrive at loc 3. On the garbagecan 1, you see nothing.",
      "act": "go to countertop 1",
      "thought": "I am now in/on: garbagecan 1\nCritical objects I have found:\nNone\nObjects I have taken:\nNone\nThe garbagecan 1 is empty, so there is no spraybottle here. Next, I need to check the countertop 1, as it is another common place where a spraybottle might be found. If it's not there, I will continue searching the remaining drawers."
    },
    {
      "obs": "You arrive at loc 13. On the countertop 1, you see a soapbottle 2, a soapbottle 3, a spraybottle 2, and a tissuebox 2.",
      "act": "take spraybottle 2 from countertop 1",
      "thought": "I am now in/on: countertop 1\nCritical objects I have found:\nspraybottle 2 (countertop 1)\nObjects I have taken:\nNone\nI have found a spraybottle (2) on the countertop 1. Next, I need to take it."
    },
    {
      "obs": "You pick up the spraybottle 2 from the countertop 1.",
      "act": "go to garbagecan 1",
      "thought": "I am now in/on: countertop 1\nCritical objects I have found:\nspraybottle 2 (countertop 1)\nObjects I have taken:\nspraybottle 2\nNow I have taken the spraybottle (2). Next, I need to go to and put it on the garbagecan 1."
    },
    {
      "obs": "You pick up the spraybottle 2 from the countertop 1.",
      "act": "put spraybottle 2 in/on garbagecan 1",
      "thought": "I am now in/on: countertop 1\nCritical objects I have found:\nspraybottle 2 (countertop 1)\nObjects I have taken:\nspraybottle 2\nNow I have the spraybottle (2) and need to put it on the garbagecan 1."
    },
    {
      "obs": "You put the spraybottle 2 in/on the garbagecan 1.",
      "act": "go to drawer 8"
    }
  ]
}