{
  "task": "put a pencil in sidetable.",
  "traj": [
    {
      "obs": "You are in the middle of a room. Looking quickly around you, you see a armchair 1, a bed 1, a cabinet 1, a cabinet 2, a cabinet 3, a cabinet 4, a drawer 1, a drawer 2, a drawer 3, a drawer 4, a drawer 5, a drawer 6, a dresser 1, a garbagecan 1, a sidetable 1, and a sidetable 2.",
      "act": "go to sidetable 1",
      "thought": "I am now in/on: the middle of a room\nCritical objects I have found:\nNone\nObjects I have taken:\nNone\nTo solve the task, I need to find and take a pencil, then put it in a sidetable. First, I need to find a pencil. A pencil is more likely to appear in drawers (1-6), dresser (1), or on sidetables (1-2). I can check one by one, starting with sidetable 1 since it's also the target location for the pencil."
    },
    {
      "obs": "You arrive at loc 4. On the sidetable 1, you see a cellphone 2, and a pen 1.",
      "act": "go to drawer 5",
      "thought": "I am now in/on: sidetable 1\nCritical objects I have found:\nNone\nObjects I have taken:\nNone\nOn sidetable 1, there is no pencil. Next, I need to check drawer 5."
    },
    {
      "obs": "You arrive at loc 2. On the drawer 5, you see nothing.",
      "act": "go to drawer 2",
      "thought": "I am now in/on: drawer 5\nCritical objects I have found:\nNone\nObjects I have taken:\nNone\nIn drawer 5, there is no pencil. Next, I need to check drawer 2."
    },
    {
      "obs": "You arrive at loc 8. The drawer 2 is closed.",
      "act": "open drawer 2",
      "thought": "I am now in/on: drawer 2\nCritical objects I have found:\nNone\nObjects I have taken:\nNone\nTo see objects in drawer 2, I have to open it first."
    },
    {
      "obs": "You open the drawer 2. The drawer 2 is open. In it, you see nothing.",
      "act": "go to drawer 3",
      "thought": "I am now in/on: drawer 2\nCritical objects I have found:\nNone\nObjects I have taken:\nNone\nIn drawer 2, there is no pencil. Next, I need to check drawer 3."
    },
    {
      "obs": "You arrive at loc 9. The drawer 3 is closed.",
      "act": "open drawer 3",
      "thought": "I am now in/on: drawer 3\nCritical objects I have found:\nNone\nObjects I have taken:\nNone\nTo see objects in drawer 3, I have to open it first."
    },
    {
      "obs": "You open the drawer 3. The drawer 3 is open. In it, you see nothing.",
      "act": "go to drawer 1",
      "thought": "I am now in/on: drawer 3\nCritical objects I have found:\nNone\nObjects I have taken:\nNone\nIn drawer 3, there is no pencil. Next, I need to check drawer 1."
    },
    {
      "obs": "You arrive at loc 7. The drawer 1 is closed.",
      "act": "open drawer 1",
      "thought": "I am now in/on: drawer 3\nCritical objects I have found:\nNone\nObjects I have taken:\nNone\nTo see objects in drawer 1, I have to open it first."
    },
    {
      "obs": "You open the drawer 1. The drawer 1 is open. In it, you see a creditcard 2.",
      "act": "go to dresser 1",
      "thought": "I am now in/on: drawer 1\nCritical objects I have found:\nNone\nObjects I have taken:\nNone\nIn drawer 1, there is no pencil. Next, I need to check dresser 1."
    },
    {
      "obs": "You arrive at loc 6. On the dresser 1, you see a alarmclock 1, a cellphone 1, a creditcard 1, a laptop 1, a mug 1, and a pencil 1.",
      "act": "take pencil 1 from dresser 1",
      "thought": "I am now in/on: dresser 1\nCritical objects I have found:\npencil 1 (dresser 1)\nObjects I have taken:\nNone\nNow I find a pencil (1). Next, I need to take it."
    },
    {
      "obs": "You pick up the pencil 1 from the dresser 1.",
      "act": "go to sidetable 1",
      "thought": "I am now in/on: dresser 1\nCritical objects I have found:\npencil 1 (dresser 1)\nObjects I have taken:\npencil 1\nNow I have taken a pencil (1). Next, I need to go to and put it in/on sidetable 1."
    },
    {
      "obs": "You arrive at loc 4. On the sidetable 1, you see a cellphone 2, and a pen 1.",
      "act": "put pencil 1 in/on sidetable 1",
      "thought": "I am now in/on: sidetable 1\nCritical objects I have found:\npencil 1 (dresser 1)\nObjects I have taken:\npencil 1\nNow I am at sidetable 1 with the pencil. Next, I need to put the pencil in/on it."
    },
    {
      "obs": "You put the pencil 1 in/on the sidetable 1.",
      "act": "go to drawer 5"
    }
  ]
}