{
  "task": "put some candle on sidetable.",
  "traj": [
    {
      "obs": "You are in the middle of a room. Looking quickly around you, you see a bathtubbasin 1, a drawer 1, a garbagecan 1, a handtowelholder 1, a sidetable 1, a sinkbasin 1, a toilet 1, a toiletpaperhanger 1, a towelholder 1, and a towelholder 2.",
      "act": "go to drawer 1",
      "thought": "I am now in/on: the middle of a room\nCritical objects I have found:\nNone\nObjects I have taken:\nNone\nTo solve the task, I need to find and take a candle, then put it on the sidetable. First, I need to find a candle. A candle is more likely to appear in drawers (1), sidetables (1), or possibly in the garbagecan (1). I will check the drawer 1 first."
    },
    {
      "obs": "You arrive at loc 12. The drawer 1 is closed.",
      "act": "open drawer 1",
      "thought": "I am now in/on: drawer 1\nCritical objects I have found:\nNone\nObjects I have taken:\nNone\nTo see objects in drawer 1, I have to open it first."
    },
    {
      "obs": "You open the drawer 1. The drawer 1 is open. In it, you see a soapbar 3.",
      "act": "go to toilet 1",
      "thought": "I am now in/on: drawer 1\nCritical objects I have found:\nNone\nObjects I have taken:\nNone\nIn drawer 1, there is no candle. Next, I need to check the toilet 1 area, although it's less likely to find a candle there, it's on the way to the sidetable 1 where candles might be found."
    },
    {
      "obs": "You arrive at loc 4. On the toilet 1, you see a candle 1, a candle 2, a soapbottle 2, and a toiletpaper 1.",
      "act": "take candle 1 from toilet 1",
      "thought": "I am now in/on: toilet 1\nCritical objects I have found:\ncandle 1 (toilet 1)\nObjects I have taken:\nNone\nNow I find a candle (1). Next, I need to take it."
    },
    {
      "obs": "You pick up the candle 1 from the toilet 1.",
      "act": "go to sidetable 1",
      "thought": "I am now in/on: toilet 1\nCritical objects I have found:\ncandle 1 (toilet 1)\nObjects I have taken:\ncandle 1\nNow I have taken a candle (1). Next, I need to go to and put it on the sidetable 1."
    },
    {
      "obs": "You arrive at loc 14. On the sidetable 1, you see a houseplant 1, a soapbar 2, a spraybottle 1, a spraybottle 2, and a toiletpaper 3.",
      "act": "put candle 1 in/on sidetable 1",
      "thought": "I am now in/on: sidetable 1\nCritical objects I have found:\ncandle 1 (toilet 1)\nObjects I have taken:\ncandle 1\nNow I am at the sidetable 1. Next, I need to put the candle 1 on it."
    },
    {
      "obs": "You put the candle 1 in/on the sidetable 1.",
      "act": "go to drawer 1"
    }
  ]
}