{
  "task": "put a soapbottle in toilet.",
  "traj": [
    {
      "obs": "You are in the middle of a room. Looking quickly around you, you see a bathtubbasin 1, a cabinet 1, a cabinet 2, a cabinet 3, a cabinet 4, a countertop 1, a drawer 1, a drawer 2, a drawer 3, a drawer 4, a dresser 1, a garbagecan 1, a handtowelholder 1, a sinkbasin 1, a sinkbasin 2, a toilet 1, a toiletpaperhanger 1, and a towelholder 1.",
      "act": "go to cabinet 1",
      "thought": "I am now in/on: the middle of a room\nCritical objects I have found:\nNone\nObjects I have taken:\nNone\nTo solve the task, I need to find and take a soapbottle, then put it in the toilet. First, I need to find a soapbottle. A soapbottle is more likely to appear in cabinets (1-4), countertops (1), sinkbasins (1-2), or drawers (1-4). I will start by checking cabinet 1."
    },
    {
      "obs": "You arrive at loc 11. The cabinet 1 is closed.",
      "act": "open cabinet 1",
      "thought": "I am now in/on: cabinet 1\nCritical objects I have found:\nNone\nObjects I have taken:\nNone\nTo see objects in cabinet 1, I have to open it first."
    },
    {
      "obs": "You open the cabinet 1. The cabinet 1 is open. In it, you see nothing.",
      "act": "go to countertop 1",
      "thought": "I am now in/on: cabinet 1\nCritical objects I have found:\nNone\nObjects I have taken:\nNone\nCabinet 1 is empty. Next, I need to check countertop 1 for a soapbottle."
    },
    {
      "obs": "You arrive at loc 8. On the countertop 1, you see a soapbottle 2.",
      "act": "take soapbottle 2 from countertop 1",
      "thought": "I am now in/on: countertop 1\nCritical objects I have found:\nsoapbottle 2 (countertop 1)\nObjects I have taken:\nNone\nI have found a soapbottle (2) on the countertop 1. Next, I need to take it."
    },
    {
      "obs": "You pick up the soapbottle 2 from the countertop 1.",
      "act": "go to toilet 1",
      "thought": "I am now in/on: countertop 1\nCritical objects I have found:\nsoapbottle 2 (countertop 1)\nObjects I have taken:\nsoapbottle 2\nNow that I have the soapbottle (2), I need to go to the toilet to complete the task."
    },
    {
      "obs": "You arrive at loc 16. On the toilet 1, you see a candle 3, and a toiletpaper 1.",
      "act": "put soapbottle 2 in/on toilet 1",
      "thought": "I am now in/on: toilet 1\nCritical objects I have found:\nsoapbottle 2 (countertop 1)\nObjects I have taken:\nsoapbottle 2\nI am at the toilet 1 with the soapbottle (2). Now I need to put the soapbottle in/on the toilet to complete the task."
    },
    {
      "obs": "You put the soapbottle 2 in/on the toilet 1.",
      "act": "go to cabinet 1"
    }
  ]
}