{
  "task": "put a remotecontrol in ottoman.",
  "traj": [
    {
      "obs": "You are in the middle of a room. Looking quickly around you, you see a armchair 1, a diningtable 1, a drawer 1, a garbagecan 1, a ottoman 1, a shelf 1, a shelf 2, a shelf 3, a shelf 4, a shelf 5, a shelf 6, a shelf 7, a shelf 8, a sidetable 1, a sofa 1, and a tvstand 1.",
      "act": "go to shelf 8",
      "thought": "I am now in/on: the middle of a room\nCritical objects I have found:\nNone\nObjects I have taken:\nNone\nTo solve the task, I need to find and take a remote control, then put it in the ottoman. First, I need to find a remote control. A remote control is more likely to appear on shelves, sidetables, tvstands, or sofas. I will check the shelves first, starting with shelf 8."
    },
    {
      "obs": "You arrive at loc 12. On the shelf 8, you see nothing.",
      "act": "go to shelf 5",
      "thought": "I am now in/on: shelf 8\nCritical objects I have found:\nNone\nObjects I have taken:\nNone\nOn shelf 8, there is no remote control. Next, I need to check shelf 5."
    },
    {
      "obs": "You arrive at loc 11. On the shelf 5, you see nothing.",
      "act": "go to shelf 1",
      "thought": "I am now in/on: shelf 5\nCritical objects I have found:\nNone\nObjects I have taken:\nNone\nOn shelf 5, there is no remote control. Next, I need to check shelf 1."
    },
    {
      "obs": "You arrive at loc 10. On the shelf 1, you see nothing.",
      "act": "go to shelf 2",
      "thought": "I am now in/on: shelf 1\nCritical objects I have found:\nNone\nObjects I have taken:\nNone\nOn shelf 1, there is no remote control. Next, I need to check shelf 2."
    },
    {
      "obs": "You arrive at loc 8. On the shelf 2, you see nothing.",
      "act": "go to sidetable 1",
      "thought": "I am now in/on: shelf 2\nCritical objects I have found:\nNone\nObjects I have taken:\nNone\nOn shelf 2, there is no remote control. Next, I need to check sidetable 1."
    },
    {
      "obs": "You arrive at loc 20. On the sidetable 1, you see a creditcard 1, a keychain 1, and a statue 1.",
      "act": "go to shelf 3",
      "thought": "I am now in/on: sidetable 1\nCritical objects I have found:\nNone\nObjects I have taken:\nNone\nOn sidetable 1, there is no remote control. Next, I need to check shelf 3."
    },
    {
      "obs": "You arrive at loc 7. On the shelf 3, you see nothing.",
      "act": "go to ottoman 1",
      "thought": "I am now in/on: shelf 3\nCritical objects I have found:\nNone\nObjects I have taken:\nNone\nOn shelf 3, there is no remote control. Next, I need to check the ottoman 1, as sometimes items can be stored inside it."
    },
    {
      "obs": "You arrive at loc 15. On the ottoman 1, you see a creditcard 3.",
      "act": "go to shelf 6",
      "thought": "I am now in/on: ottoman 1\nCritical objects I have found:\nNone\nObjects I have taken:\nNone\nOn ottoman 1, there is no remote control. Next, I need to check shelf 6."
    },
    {
      "obs": "You arrive at loc 9. On the shelf 6, you see nothing.",
      "act": "go to shelf 7",
      "thought": "I am now in/on: shelf 6\nCritical objects I have found:\nNone\nObjects I have taken:\nNone\nOn shelf 6, there is no remote control. Next, I need to check shelf 7."
    },
    {
      "obs": "You arrive at loc 13. On the shelf 7, you see nothing.",
      "act": "go to diningtable 1",
      "thought": "I am now in/on: shelf 7\nCritical objects I have found:\nNone\nObjects I have taken:\nNone\nOn shelf 7, there is no remote control. Next, I need to check diningtable 1."
    },
    {
      "obs": "You arrive at loc 18. On the diningtable 1, you see a box 1, a keychain 2, a laptop 2, a remotecontrol 1, a statue 2, a statue 3, and a vase 1.",
      "act": "take remotecontrol 1 from diningtable 1",
      "thought": "I am now in/on: diningtable 1\nCritical objects I have found:\nremotecontrol 1 (diningtable 1)\nObjects I have taken:\nNone\nNow I find a remote control (1). Next, I need to take it."
    },
    {
      "obs": "You pick up the remotecontrol 1 from the diningtable 1.",
      "act": "go to ottoman 1",
      "thought": "I am now in/on: diningtable 1\nCritical objects I have found:\nremotecontrol 1 (diningtable 1)\nObjects I have taken:\nremotecontrol 1\nNow I have taken the remote control (1). Next, I need to go to and put it in the ottoman 1."
    },
    {
      "obs": "You pick up the remotecontrol 1 from the diningtable 1.",
      "act": "put remotecontrol 1 in/on ottoman 1",
      "thought": "I am now in/on: diningtable 1\nCritical objects I have found:\nremotecontrol 1 (diningtable 1)\nObjects I have taken:\nremotecontrol 1\nNow I have the remote control (1) and need to put it in the ottoman 1. I will proceed to the ottoman and place the remote control there."
    },
    {
      "obs": "You put the remotecontrol 1 in/on the ottoman 1.",
      "act": "go to shelf 8"
    }
  ]
}