{
  "task": "put a laptop in ottoman.",
  "traj": [
    {
      "obs": "You are in the middle of a room. Looking quickly around you, you see a armchair 1, a coffeetable 1, a coffeetable 2, a drawer 1, a drawer 2, a drawer 3, a drawer 4, a drawer 5, a drawer 6, a drawer 7, a drawer 8, a dresser 1, a dresser 2, a garbagecan 1, a ottoman 1, and a sofa 1.",
      "act": "go to coffeetable 2",
      "thought": "I am now in/on: the middle of a room\nCritical objects I have found:\nNone\nObjects I have taken:\nNone\nTo solve the task, I need to find and take a laptop, then put it in the ottoman. First, I need to find a laptop. A laptop is more likely to appear on surfaces like coffee tables, dressers, or inside drawers. I will start by checking coffeetable 2."
    },
    {
      "obs": "You arrive at loc 17. On the coffeetable 2, you see a watch 1.",
      "act": "go to coffeetable 1",
      "thought": "I am now in/on: coffeetable 2\nCritical objects I have found:\nNone\nObjects I have taken:\nNone\nOn coffeetable 2, there is no laptop. Next, I need to check coffeetable 1."
    },
    {
      "obs": "You arrive at loc 14. On the coffeetable 1, you see a creditcard 1, and a desklamp 1.",
      "act": "go to armchair 1",
      "thought": "I am now in/on: coffeetable 1\nCritical objects I have found:\nNone\nObjects I have taken:\nNone\nOn coffeetable 1, there is no laptop. Next, I need to check armchair 1, although it's less likely to have a laptop, it's worth a quick look before I start opening drawers."
    },
    {
      "obs": "You arrive at loc 23. On the armchair 1, you see nothing.",
      "act": "go to sofa 1",
      "thought": "I am now in/on: armchair 1\nCritical objects I have found:\nNone\nObjects I have taken:\nNone\nOn armchair 1, there is no laptop. Next, I need to check sofa 1, as sometimes items can be found on or near sofas."
    },
    {
      "obs": "You arrive at loc 27. On the sofa 1, you see a box 1, a creditcard 3, a laptop 1, and a pillow 1.",
      "act": "take laptop 1 from sofa 1",
      "thought": "I am now in/on: sofa 1\nCritical objects I have found:\nlaptop 1 (sofa 1)\nObjects I have taken:\nNone\nI have found a laptop (1) on the sofa 1. Next, I need to take it."
    },
    {
      "obs": "You pick up the laptop 1 from the sofa 1.",
      "act": "go to ottoman 1",
      "thought": "I am now in/on: sofa 1\nCritical objects I have found:\nlaptop 1 (sofa 1)\nObjects I have taken:\nlaptop 1\nNow I have taken the laptop (1). Next, I need to go to the ottoman and put the laptop in it."
    },
    {
      "obs": "You arrive at loc 25. On the ottoman 1, you see a newspaper 1.",
      "act": "put laptop 1 in/on ottoman 1",
      "thought": "I am now in/on: ottoman 1\nCritical objects I have found:\nlaptop 1 (sofa 1)\nObjects I have taken:\nlaptop 1\nNow I am at the ottoman 1. Next, I need to put the laptop 1 in/on it."
    },
    {
      "obs": "You put the laptop 1 in/on the ottoman 1.",
      "act": "go to coffeetable 2"
    }
  ]
}