{
  "task": "put a pen in drawer.",
  "traj": [
    {
      "obs": "You are in the middle of a room. Looking quickly around you, you see a bed 1, a desk 1, a drawer 1, a drawer 2, a drawer 3, a drawer 4, a drawer 5, a dresser 1, a garbagecan 1, a laundryhamper 1, and a shelf 1.",
      "act": "go to dresser 1",
      "thought": "I am now in/on: the middle of a room\nCritical objects I have found:\nNone\nObjects I have taken:\nNone\nTo solve the task, I need to find and take a pen, then put it in a drawer. First, I need to find a pen. A pen is more likely to appear in a desk (1), dresser (1), or drawers (1-5). I can check one by one, starting with dresser 1."
    },
    {
      "obs": "You arrive at loc 19. On the dresser 1, you see a desklamp 1, a mug 3, and a pen 3.",
      "act": "take pen 3 from dresser 1",
      "thought": "I am now in/on: dresser 1\nCritical objects I have found:\npen 3 (dresser 1)\nObjects I have taken:\nNone\nNow I find a pen (3) on the dresser 1. Next, I need to take it."
    },
    {
      "obs": "You pick up the pen 3 from the dresser 1.",
      "act": "go to drawer 5",
      "thought": "I am now in/on: dresser 1\nCritical objects I have found:\npen 3 (dresser 1)\nObjects I have taken:\npen 3\nNow I have taken a pen (3). Next, I need to go to a drawer and put it in. I will start with drawer 5."
    },
    {
      "obs": "You arrive at loc 18. On the drawer 5, you see nothing.",
      "act": "put pen 3 in/on drawer 5",
      "thought": "I am now in/on: drawer 5\nCritical objects I have found:\npen 3 (dresser 1)\nObjects I have taken:\npen 3\nNow I am at drawer 5. Next, I need to put the pen 3 in/on it."
    },
    {
      "obs": "You put the pen 3 in/on the drawer 5.",
      "act": "go to dresser 1"
    }
  ]
}