{
  "task": "put a creditcard in coffeetable.",
  "traj": [
    {
      "obs": "You are in the middle of a room. Looking quickly around you, you see a armchair 1, a armchair 2, a cabinet 1, a cabinet 2, a cabinet 3, a cabinet 4, a coffeetable 1, a drawer 1, a drawer 2, a drawer 3, a drawer 4, a dresser 1, a garbagecan 1, a sidetable 1, and a sofa 1.",
      "act": "go to sidetable 1",
      "thought": "I am now in/on: the middle of a room\nCritical objects I have found:\nNone\nObjects I have taken:\nNone\nTo solve the task, I need to find and take a credit card, then put it in the coffeetable. First, I need to find a credit card. A credit card is more likely to appear in drawers (1-4), sidetables (1), or dressers (1). I can check one by one, starting with sidetable 1."
    },
    {
      "obs": "You arrive at loc 9. On the sidetable 1, you see a keychain 1.",
      "act": "go to dresser 1",
      "thought": "I am now in/on: sidetable 1\nCritical objects I have found:\nNone\nObjects I have taken:\nNone\nOn sidetable 1, there is no credit card. Next, I need to check dresser 1."
    },
    {
      "obs": "You arrive at loc 20. On the dresser 1, you see a creditcard 1, a creditcard 2, a houseplant 1, a laptop 1, and a television 1.",
      "act": "take creditcard 2 from dresser 1",
      "thought": "I am now in/on: dresser 1\nCritical objects I have found:\ncreditcard 2 (dresser 1)\nObjects I have taken:\nNone\nNow I find a credit card (2). Next, I need to take it."
    },
    {
      "obs": "You pick up the creditcard 2 from the dresser 1.",
      "act": "go to coffeetable 1",
      "thought": "I am now in/on: dresser 1\nCritical objects I have found:\ncreditcard 2 (dresser 1)\nObjects I have taken:\ncreditcard 2\nNow I have taken creditcard 2. Next, I need to go to and put it in the coffeetable 1."
    },
    {
      "obs": "You arrive at loc 3. On the coffeetable 1, you see a statue 1.",
      "act": "put creditcard 2 in/on coffeetable 1",
      "thought": "I am now in/on: coffeetable 1\nCritical objects I have found:\ncreditcard 2 (dresser 1)\nObjects I have taken:\ncreditcard 2\nNow I am at the coffeetable 1. Next, I need to put the creditcard 2 in/on it."
    },
    {
      "obs": "You put the creditcard 2 in/on the coffeetable 1.",
      "act": "go to sidetable 1"
    }
  ]
}