{
  "task": "put a tissuebox in coffeetable.",
  "traj": [
    {
      "obs": "You are in the middle of a room. Looking quickly around you, you see a armchair 1, a armchair 2, a coffeetable 1, a coffeetable 2, a diningtable 1, a garbagecan 1, a sidetable 1, a sidetable 2, and a sofa 1.",
      "act": "go to diningtable 1",
      "thought": "I am now in/on: the middle of a room\nCritical objects I have found:\nNone\nObjects I have taken:\nNone\nTo solve the task, I need to find and take a tissuebox, then put it on a coffeetable. First, I need to find a tissuebox. A tissuebox is more likely to appear on surfaces like diningtables, sidetables, or coffeetables. I will start by checking diningtable 1."
    },
    {
      "obs": "You arrive at loc 1. On the diningtable 1, you see a box 1, a keychain 2, a newspaper 1, a newspaper 2, a plate 1, a remotecontrol 2, a statue 1, a statue 2, a tissuebox 1, and a tissuebox 2.",
      "act": "take tissuebox 1 from diningtable 1",
      "thought": "I am now in/on: diningtable 1\nCritical objects I have found:\ntissuebox 1 (diningtable 1)\nObjects I have taken:\nNone\nI have found two tissueboxes on diningtable 1. I will take tissuebox 1."
    },
    {
      "obs": "You pick up the tissuebox 1 from the diningtable 1.",
      "act": "go to coffeetable 2",
      "thought": "I am now in/on: diningtable 1\nCritical objects I have found:\ntissuebox 1 (diningtable 1)\nObjects I have taken:\ntissuebox 1\nI have taken tissuebox 1 from the diningtable 1. Next, I need to go to and put it on coffeetable 2."
    },
    {
      "obs": "You arrive at loc 21. On the coffeetable 2, you see a television 1.",
      "act": "put tissuebox 1 in/on coffeetable 2",
      "thought": "I am now in/on: coffeetable 2\nCritical objects I have found:\ntissuebox 1 (diningtable 1)\nObjects I have taken:\ntissuebox 1\nI am at coffeetable 2 with the tissuebox 1. Now I need to put the tissuebox 1 on the coffeetable 2."
    },
    {
      "obs": "You put the tissuebox 1 in/on the coffeetable 2.",
      "act": "go to diningtable 1"
    }
  ]
}