{
  "task": "put a cloth in toilet.",
  "traj": [
    {
      "obs": "You are in the middle of a room. Looking quickly around you, you see a cabinet 1, a cabinet 2, a cabinet 3, a cabinet 4, a countertop 1, a garbagecan 1, a handtowelholder 1, a sinkbasin 1, a sinkbasin 2, a toilet 1, a toiletpaperhanger 1, and a towelholder 1.",
      "act": "go to cabinet 1",
      "thought": "I am now in/on: the middle of a room\nCritical objects I have found:\nNone\nObjects I have taken:\nNone\nTo solve the task, I need to find and take a cloth, then put it in the toilet. First, I need to find a cloth. A cloth is more likely to appear in cabinets (1-4), countertop (1), or sinkbasin (1-2). I will check one by one, starting with cabinet 1."
    },
    {
      "obs": "You arrive at loc 10. The cabinet 1 is closed.",
      "act": "open cabinet 1",
      "thought": "I am now in/on: cabinet 1\nCritical objects I have found:\nNone\nObjects I have taken:\nNone\nTo see objects in cabinet 1, I have to open it first."
    },
    {
      "obs": "You open the cabinet 1. The cabinet 1 is open. In it, you see a cloth 1.",
      "act": "take cloth 1 from cabinet 1",
      "thought": "I am now in/on: cabinet 1\nCritical objects I have found:\ncloth 1 (cabinet 1)\nObjects I have taken:\nNone\nNow I find a cloth (1). Next, I need to take it."
    },
    {
      "obs": "You pick up the cloth 1 from the cabinet 1.",
      "act": "go to toilet 1",
      "thought": "I am now in/on: cabinet 1\nCritical objects I have found:\ncloth 1 (cabinet 1)\nObjects I have taken:\ncloth 1\nNow I have taken the cloth (1). Next, I need to go to and put it in the toilet."
    },
    {
      "obs": "You arrive at loc 17. On the toilet 1, you see a spraybottle 2, and a toiletpaper 2.",
      "act": "put cloth 1 in/on toilet 1",
      "thought": "I am now in/on: toilet 1\nCritical objects I have found:\ncloth 1 (cabinet 1)\nObjects I have taken:\ncloth 1\nNow I am at the toilet 1. Next, I need to put the cloth 1 in/on it."
    },
    {
      "obs": "You put the cloth 1 in/on the toilet 1.",
      "act": "go to cabinet 1"
    }
  ]
}