{
  "task": "put some spraybottle on toilet.",
  "traj": [
    {
      "obs": "You are in the middle of a room. Looking quickly around you, you see a bathtubbasin 1, a countertop 1, a countertop 2, a drawer 1, a drawer 2, a drawer 3, a drawer 4, a garbagecan 1, a handtowelholder 1, a sinkbasin 1, a toilet 1, a toiletpaperhanger 1, a towelholder 1, and a towelholder 2.",
      "act": "go to toilet 1",
      "thought": "I am now in/on: the middle of a room\nCritical objects I have found:\nNone\nObjects I have taken:\nNone\nTo solve the task, I need to find and take a spraybottle, then put it on the toilet. First, I need to find a spraybottle. A spraybottle is more likely to appear in drawers (1-4), countertops (1-2), or possibly in the garbagecan (1). I can check one by one, starting with the closest storage locations, which are the drawers."
    },
    {
      "obs": "You arrive at loc 2. On the toilet 1, you see a candle 1, and a candle 2.",
      "act": "go to drawer 3",
      "thought": "I am now in/on: the middle of a room\nCritical objects I have found:\nNone\nObjects I have taken:\nNone\nTo find a spraybottle, I will start by checking the drawers. Drawer 3 is one of the closest storage locations where a spraybottle might be found. Let's check there first."
    },
    {
      "obs": "You arrive at loc 10. The drawer 3 is closed.",
      "act": "open drawer 3",
      "thought": "I am now in/on: drawer 3\nCritical objects I have found:\nNone\nObjects I have taken:\nNone\nTo see objects in drawer 3, I have to open it first."
    },
    {
      "obs": "You open the drawer 3. The drawer 3 is open. In it, you see a soapbar 1, and a toiletpaper 2.",
      "act": "go to countertop 1",
      "thought": "I am now in/on: drawer 3\nCritical objects I have found:\nNone\nObjects I have taken:\nNone\nIn drawer 3, there is no spraybottle. Next, I need to check countertop 1."
    },
    {
      "obs": "You arrive at loc 14. On the countertop 1, you see a cloth 2, and a toiletpaper 3.",
      "act": "go to drawer 4",
      "thought": "I am now in/on: countertop 1\nCritical objects I have found:\nNone\nObjects I have taken:\nNone\nOn countertop 1, there is no spraybottle. Next, I need to check drawer 4."
    },
    {
      "obs": "You arrive at loc 6. The drawer 4 is closed.",
      "act": "open drawer 4",
      "thought": "I am now in/on: drawer 4\nCritical objects I have found:\nNone\nObjects I have taken:\nNone\nTo see objects in drawer 4, I have to open it first."
    },
    {
      "obs": "You open the drawer 4. The drawer 4 is open. In it, you see nothing.",
      "act": "go to drawer 2",
      "thought": "I am now in/on: drawer 4\nCritical objects I have found:\nNone\nObjects I have taken:\nNone\nIn drawer 4, there is no spraybottle. Next, I need to check drawer 2."
    },
    {
      "obs": "You arrive at loc 12. The drawer 2 is closed.",
      "act": "open drawer 2",
      "thought": "I am now in/on: drawer 2\nCritical objects I have found:\nNone\nObjects I have taken:\nNone\nTo see objects in drawer 2, I have to open it first."
    },
    {
      "obs": "You open the drawer 2. The drawer 2 is open. In it, you see nothing.",
      "act": "go to drawer 1",
      "thought": "I am now in/on: drawer 2\nCritical objects I have found:\nNone\nObjects I have taken:\nNone\nIn drawer 2, there is no spraybottle. Next, I need to check drawer 1."
    },
    {
      "obs": "You arrive at loc 9. The drawer 1 is closed.",
      "act": "open drawer 1",
      "thought": "I am now in/on: drawer 1\nCritical objects I have found:\nNone\nObjects I have taken:\nNone\nTo see objects in drawer 1, I have to open it first."
    },
    {
      "obs": "You open the drawer 1. The drawer 1 is open. In it, you see nothing.",
      "act": "go to countertop 2",
      "thought": "I am now in/on: drawer 1\nCritical objects I have found:\nNone\nObjects I have taken:\nNone\nIn drawer 1, there is no spraybottle. Next, I need to check countertop 2."
    },
    {
      "obs": "You arrive at loc 4. On the countertop 2, you see a soapbottle 1, a spraybottle 1, and a towel 2.",
      "act": "take spraybottle 1 from countertop 2",
      "thought": "I am now in/on: countertop 2\nCritical objects I have found:\nspraybottle 1 (countertop 2)\nObjects I have taken:\nNone\nNow I find a spraybottle (1). Next, I need to take it."
    },
    {
      "obs": "You pick up the spraybottle 1 from the countertop 2.",
      "act": "go to toilet 1",
      "thought": "I am now in/on: countertop 2\nCritical objects I have found:\nspraybottle 1 (countertop 2)\nObjects I have taken:\nspraybottle 1\nNow I have taken the spraybottle (1). Next, I need to go to and put it on the toilet 1."
    },
    {
      "obs": "You arrive at loc 2. On the toilet 1, you see a candle 1, and a candle 2.",
      "act": "put spraybottle 1 in/on toilet 1",
      "thought": "I am now in/on: toilet 1\nCritical objects I have found:\nspraybottle 1 (countertop 2)\nObjects I have taken:\nspraybottle 1\nNow I am at the toilet 1. Next, I need to put the spraybottle 1 on it."
    },
    {
      "obs": "You put the spraybottle 1 in/on the toilet 1.",
      "act": "go to drawer 3"
    }
  ]
}