{
  "task": "put a pillow in armchair.",
  "traj": [
    {
      "obs": "You are in the middle of a room. Looking quickly around you, you see a armchair 1, a coffeetable 1, a drawer 1, a garbagecan 1, a shelf 1, a shelf 2, a shelf 3, a shelf 4, a shelf 5, a shelf 6, a sidetable 1, a sofa 1, a sofa 2, and a tvstand 1.",
      "act": "go to sofa 2",
      "thought": "I am now in/on: the middle of a room\nCritical objects I have found:\nNone\nObjects I have taken:\nNone\nTo solve the task, I need to find and take a pillow, then put it in the armchair. First, I need to find a pillow. A pillow is more likely to be found on sofas or armchairs. I will start by checking sofa 2."
    },
    {
      "obs": "You arrive at loc 25. On the sofa 2, you see a creditcard 2, a pillow 2, and a remotecontrol 1.",
      "act": "take pillow 2 from sofa 2",
      "thought": "I am now in/on: sofa 2\nCritical objects I have found:\npillow 2 (sofa 2)\nObjects I have taken:\nNone\nI have found a pillow (2) on sofa 2. Next, I need to take it."
    },
    {
      "obs": "You pick up the pillow 2 from the sofa 2.",
      "act": "go to armchair 1",
      "thought": "I am now in/on: sofa 2\nCritical objects I have found:\npillow 2 (sofa 2)\nObjects I have taken:\npillow 2\nNow that I have the pillow (2), I need to go to the armchair to put the pillow in it."
    },
    {
      "obs": "You arrive at loc 9. On the armchair 1, you see a newspaper 2.",
      "act": "put pillow 2 in/on armchair 1",
      "thought": "I am now in/on: armchair 1\nCritical objects I have found:\npillow 2 (sofa 2)\nObjects I have taken:\npillow 2\nI am at the armchair 1 with the pillow 2. Now I need to put the pillow in/on the armchair."
    },
    {
      "obs": "You put the pillow 2 in/on the armchair 1.",
      "act": "go to sofa 2"
    }
  ]
}