{
  "task": "put some cloth on cart.",
  "traj": [
    {
      "obs": "You are in the middle of a room. Looking quickly around you, you see a bathtubbasin 1, a cart 1, a garbagecan 1, a handtowelholder 1, a handtowelholder 2, a shelf 1, a shelf 2, a shelf 3, a shelf 4, a sinkbasin 1, a toilet 1, a toiletpaperhanger 1, a towelholder 1, and a towelholder 2.",
      "act": "go to sinkbasin 1",
      "thought": "I am now in/on: the middle of a room\nCritical objects I have found:\nNone\nObjects I have taken:\nNone\nTo solve the task, I need to find and take a cloth, then put it on the cart. First, I need to find a cloth. A cloth is more likely to appear in sinkbasin (1), shelf (1-4), or garbagecan (1). I can check one by one, starting with sinkbasin 1."
    },
    {
      "obs": "You arrive at loc 16. On the sinkbasin 1, you see a soapbar 1.",
      "act": "go to garbagecan 1",
      "thought": "I am now in/on: sinkbasin 1\nCritical objects I have found:\nNone\nObjects I have taken:\nNone\nOn sinkbasin 1, there is no cloth. Next, I need to check garbagecan 1."
    },
    {
      "obs": "You arrive at loc 2. On the garbagecan 1, you see nothing.",
      "act": "go to shelf 4",
      "thought": "I am now in/on: garbagecan 1\nCritical objects I have found:\nNone\nObjects I have taken:\nNone\nIn garbagecan 1, there is no cloth. Next, I need to check shelf 4."
    },
    {
      "obs": "You arrive at loc 18. On the shelf 4, you see a dishsponge 3, and a toiletpaper 1.",
      "act": "go to cart 1",
      "thought": "I am now in/on: shelf 4\nCritical objects I have found:\nNone\nObjects I have taken:\nNone\nOn shelf 4, there is no cloth. I need to continue searching for a cloth. However, I mistakenly chose to go to the cart 1 instead of continuing to search the remaining shelves. I need to correct this and go to shelf 3 next."
    },
    {
      "obs": "You arrive at loc 17. On the cart 1, you see a candle 2, a dishsponge 2, and a spraybottle 1.",
      "act": "go to toilet 1",
      "thought": "act: go to shelf 3\nthink: I am now in/on: cart 1\nCritical objects I have found:\nNone\nObjects I have taken:\nNone\nOn cart 1, there is no cloth. I need to continue searching for a cloth. I will check shelf 3 next."
    },
    {
      "obs": "You arrive at loc 8. On the toilet 1, you see a candle 1, and a soapbottle 1.",
      "act": "go to bathtubbasin 1",
      "thought": "act: go to shelf 3\nthink: I am now in/on: toilet 1\nCritical objects I have found:\nNone\nObjects I have taken:\nNone\nOn toilet 1, there is no cloth. I need to continue searching for a cloth. I will check shelf 3 next."
    },
    {
      "obs": "You arrive at loc 5. On the bathtubbasin 1, you see a cloth 1, a cloth 3, and a dishsponge 1.",
      "act": "take cloth 3 from bathtubbasin 1",
      "thought": "I am now in/on: bathtubbasin 1\nCritical objects I have found:\ncloth 3 (bathtubbasin 1)\nObjects I have taken:\nNone\nI have found a cloth (3) in the bathtubbasin 1. Next, I need to take it."
    },
    {
      "obs": "You pick up the cloth 3 from the bathtubbasin 1.",
      "act": "go to cart 1",
      "thought": "I am now in/on: bathtubbasin 1\nCritical objects I have found:\ncloth 3 (bathtubbasin 1)\nObjects I have taken:\ncloth 3\nNow I have taken the cloth (3). Next, I need to go to and put it on the cart 1."
    },
    {
      "obs": "You pick up the cloth 3 from the bathtubbasin 1.",
      "act": "put cloth 3 in/on cart 1",
      "thought": "I am now in/on: bathtubbasin 1\nCritical objects I have found:\ncloth 3 (bathtubbasin 1)\nObjects I have taken:\ncloth 3\n\nNow I have taken the cloth (3). Next, I need to put it on the cart 1. However, it seems there was a mistake in the observation as it repeated the action of picking up the cloth. I will proceed with the action to put the cloth on the cart."
    },
    {
      "obs": "You put the cloth 3 in/on the cart 1.",
      "act": "go to sinkbasin 1"
    }
  ]
}