{
  "task": "put some soapbottle on garbagecan.",
  "traj": [
    {
      "obs": "You are in the middle of a room. Looking quickly around you, you see a bathtubbasin 1, a drawer 1, a drawer 2, a garbagecan 1, a handtowelholder 1, a sidetable 1, a sinkbasin 1, a toilet 1, a toiletpaperhanger 1, and a towelholder 1.",
      "act": "go to toilet 1",
      "thought": "I am now in/on: the middle of a room\nCritical objects I have found:\nNone\nObjects I have taken:\nNone\nTo solve the task, I need to find and take a soapbottle, then put it on the garbagecan. First, I need to find a soapbottle. A soapbottle is more likely to appear in drawers (1-2), sinkbasin (1), or sidetable (1). I can check one by one, starting with the closest, which is toilet 1, although it's less likely to have a soapbottle, it's worth checking quickly."
    },
    {
      "obs": "You arrive at loc 12. On the toilet 1, you see a toiletpaper 2.",
      "act": "go to garbagecan 1",
      "thought": "I am now in/on: toilet 1\nCritical objects I have found:\nNone\nObjects I have taken:\nNone\nOn toilet 1, there is no soapbottle. Next, I need to check garbagecan 1, as it is also close and sometimes people place items on top of it temporarily."
    },
    {
      "obs": "You arrive at loc 14. On the garbagecan 1, you see nothing.",
      "act": "go to drawer 1",
      "thought": "I am now in/on: garbagecan 1\nCritical objects I have found:\nNone\nObjects I have taken:\nNone\nOn garbagecan 1, there is no soapbottle. Next, I need to check drawer 1, as it is a common place to find such items."
    },
    {
      "obs": "You arrive at loc 1. On the drawer 1, you see a candle 2.",
      "act": "go to sidetable 1",
      "thought": "I am now in/on: drawer 1\nCritical objects I have found:\nNone\nObjects I have taken:\nNone\nIn drawer 1, there is no soapbottle. Next, I need to check sidetable 1, as it could also be a place where a soapbottle is placed."
    },
    {
      "obs": "You arrive at loc 3. On the sidetable 1, you see a candle 1, a soapbar 2, a soapbottle 1, a soapbottle 2, a spraybottle 1, a tissuebox 1, and a toiletpaper 1.",
      "act": "take soapbottle 2 from sidetable 1",
      "thought": "I am now in/on: sidetable 1\nCritical objects I have found:\nsoapbottle 2 (sidetable 1)\nObjects I have taken:\nNone\nI have found a soapbottle (2) on the sidetable 1. Next, I need to take it."
    },
    {
      "obs": "You pick up the soapbottle 2 from the sidetable 1.",
      "act": "go to garbagecan 1",
      "thought": "I am now in/on: sidetable 1\nCritical objects I have found:\nsoapbottle 2 (sidetable 1)\nObjects I have taken:\nsoapbottle 2\nNow I have taken the soapbottle (2). Next, I need to go to and put it on the garbagecan 1."
    },
    {
      "obs": "You pick up the soapbottle 2 from the sidetable 1.",
      "act": "put soapbottle 2 in/on garbagecan 1",
      "thought": "I am now in/on: sidetable 1\nCritical objects I have found:\nsoapbottle 2 (sidetable 1)\nObjects I have taken:\nsoapbottle 2\nNow I have taken the soapbottle (2). Next, I need to put it on the garbagecan 1."
    },
    {
      "obs": "You put the soapbottle 2 in/on the garbagecan 1.",
      "act": "go to toilet 1"
    }
  ]
}