{
  "task": "put a spraybottle in toilet.",
  "traj": [
    {
      "obs": "You are in the middle of a room. Looking quickly around you, you see a bathtubbasin 1, a cabinet 1, a cabinet 2, a cabinet 3, a cabinet 4, a cabinet 5, a countertop 1, a garbagecan 1, a handtowelholder 1, a handtowelholder 2, a sinkbasin 1, a toilet 1, a toiletpaperhanger 1, and a towelholder 1.",
      "act": "go to cabinet 4",
      "thought": "I am now in/on: the middle of a room\nCritical objects I have found:\nNone\nObjects I have taken:\nNone\nTo solve the task, I need to find and take a spraybottle, then put it in the toilet. First, I need to find a spraybottle. A spraybottle is more likely to appear in cabinets (1-5), countertop (1), or garbagecan (1). I will check the cabinets one by one, starting with cabinet 4."
    },
    {
      "obs": "You arrive at loc 6. The cabinet 4 is closed.",
      "act": "open cabinet 4",
      "thought": "I am now in/on: cabinet 4\nCritical objects I have found:\nNone\nObjects I have taken:\nNone\nTo see objects in cabinet 4, I have to open it first."
    },
    {
      "obs": "You open the cabinet 4. The cabinet 4 is open. In it, you see nothing.",
      "act": "go to cabinet 2",
      "thought": "I am now in/on: cabinet 4\nCritical objects I have found:\nNone\nObjects I have taken:\nNone\nCabinet 4 is empty. Next, I need to check cabinet 2."
    },
    {
      "obs": "You arrive at loc 3. The cabinet 2 is closed.",
      "act": "open cabinet 2",
      "thought": "I am now in/on: cabinet 4\nCritical objects I have found:\nNone\nObjects I have taken:\nNone\nCabinet 4 is empty. Now I will open cabinet 2 to check for a spraybottle."
    },
    {
      "obs": "You open the cabinet 2. The cabinet 2 is open. In it, you see a soapbar 1.",
      "act": "go to cabinet 1",
      "thought": "I am now in/on: cabinet 2\nCritical objects I have found:\nNone\nObjects I have taken:\nNone\nCabinet 2 does not contain a spraybottle. Next, I need to check cabinet 1."
    },
    {
      "obs": "You arrive at loc 2. The cabinet 1 is closed.",
      "act": "open cabinet 1",
      "thought": "I am now in/on: cabinet 2\nCritical objects I have found:\nNone\nObjects I have taken:\nNone\nCabinet 2 does not contain a spraybottle. Now I will open cabinet 1 to check for a spraybottle."
    },
    {
      "obs": "You open the cabinet 1. The cabinet 1 is open. In it, you see a candle 1.",
      "act": "go to countertop 1",
      "thought": "I am now in/on: cabinet 1\nCritical objects I have found:\nNone\nObjects I have taken:\nNone\nCabinet 1 does not contain a spraybottle. Next, I need to check the countertop 1."
    },
    {
      "obs": "You arrive at loc 10. On the countertop 1, you see a candle 2, a soapbottle 1, a spraybottle 1, and a toiletpaper 1.",
      "act": "take spraybottle 1 from countertop 1",
      "thought": "I am now in/on: countertop 1\nCritical objects I have found:\nspraybottle 1 (countertop 1)\nObjects I have taken:\nNone\nI have found a spraybottle (1) on the countertop 1. Next, I need to take it."
    },
    {
      "obs": "You pick up the spraybottle 1 from the countertop 1.",
      "act": "go to toilet 1",
      "thought": "I am now in/on: countertop 1\nCritical objects I have found:\nspraybottle 1 (countertop 1)\nObjects I have taken:\nspraybottle 1\nNow I have taken the spraybottle (1). Next, I need to go to the toilet and put it in there."
    },
    {
      "obs": "You arrive at loc 4. On the toilet 1, you see a toiletpaper 2.",
      "act": "put spraybottle 1 in/on toilet 1",
      "thought": "I am now in/on: toilet 1\nCritical objects I have found:\nspraybottle 1 (countertop 1)\nObjects I have taken:\nspraybottle 1\nNow I am at the toilet 1. Next, I need to put the spraybottle 1 in/on it."
    },
    {
      "obs": "You put the spraybottle 1 in/on the toilet 1.",
      "act": "go to cabinet 4"
    }
  ]
}