{
  "task": "put some pillow on ottoman.",
  "traj": [
    {
      "obs": "You are in the middle of a room. Looking quickly around you, you see a armchair 1, a diningtable 1, a drawer 1, a garbagecan 1, a ottoman 1, a shelf 1, a shelf 2, a shelf 3, a shelf 4, a shelf 5, a shelf 6, a shelf 7, a shelf 8, a sidetable 1, a sofa 1, and a tvstand 1.",
      "act": "go to ottoman 1",
      "thought": "I am now in/on: the middle of a room\nCritical objects I have found:\nNone\nObjects I have taken:\nNone\nTo solve the task, I need to find and take a pillow, then put it on the ottoman. First, I need to find a pillow. A pillow is more likely to appear on furniture such as a sofa, armchair, or shelf. I will start by checking the ottoman since I am already heading there."
    },
    {
      "obs": "You arrive at loc 17. On the ottoman 1, you see nothing.",
      "act": "go to sofa 1",
      "thought": "I am now in/on: ottoman 1\nCritical objects I have found:\nNone\nObjects I have taken:\nNone\nOn ottoman 1, there is no pillow. Next, I need to check sofa 1, as pillows are commonly found on sofas."
    },
    {
      "obs": "You arrive at loc 16. On the sofa 1, you see a pillow 1.",
      "act": "take pillow 1 from sofa 1",
      "thought": "I am now in/on: sofa 1\nCritical objects I have found:\npillow 1 (sofa 1)\nObjects I have taken:\nNone\nNow I find a pillow (1) on the sofa 1. Next, I need to take it."
    },
    {
      "obs": "You pick up the pillow 1 from the sofa 1.",
      "act": "go to ottoman 1",
      "thought": "I am now in/on: sofa 1\nCritical objects I have found:\npillow 1 (sofa 1)\nObjects I have taken:\npillow 1\nNow I have taken the pillow (1). Next, I need to go to and put it on ottoman 1."
    },
    {
      "obs": "You pick up the pillow 1 from the sofa 1.",
      "act": "put pillow 1 in/on ottoman 1",
      "thought": "I am now in/on: sofa 1\nCritical objects I have found:\npillow 1 (sofa 1)\nObjects I have taken:\npillow 1\nNow I have taken the pillow (1). Next, I need to go to and put it on ottoman 1."
    },
    {
      "obs": "You put the pillow 1 in/on the ottoman 1.",
      "act": "go to sofa 1"
    }
  ]
}