{
  "task": "put some watch on coffeetable.",
  "traj": [
    {
      "obs": "You are in the middle of a room. Looking quickly around you, you see a armchair 1, a coffeetable 1, a drawer 1, a drawer 2, a drawer 3, a drawer 4, a drawer 5, a drawer 6, a drawer 7, a garbagecan 1, a sidetable 1, a sidetable 2, a sidetable 3, a sofa 1, a sofa 2, and a tvstand 1.",
      "act": "go to sidetable 1",
      "thought": "I am now in/on: the middle of a room\nCritical objects I have found:\nNone\nObjects I have taken:\nNone\nTo solve the task, I need to find and take a watch, then put it on the coffeetable. First, I need to find a watch. A watch is more likely to appear on sidetables (1-3), drawers (1-7), or maybe even on the coffeetable itself. I will check the sidetables first, starting with sidetable 1."
    },
    {
      "obs": "You arrive at loc 9. On the sidetable 1, you see nothing.",
      "act": "go to drawer 3",
      "thought": "I am now in/on: sidetable 1\nCritical objects I have found:\nNone\nObjects I have taken:\nNone\nOn sidetable 1, there is no watch. Next, I need to check the drawers, starting with drawer 3 as it is the central one among the drawers."
    },
    {
      "obs": "You arrive at loc 13. The drawer 3 is closed.",
      "act": "open drawer 3",
      "thought": "I am now in/on: drawer 3\nCritical objects I have found:\nNone\nObjects I have taken:\nNone\nTo see objects in drawer 3, I have to open it first."
    },
    {
      "obs": "You open the drawer 3. The drawer 3 is open. In it, you see nothing.",
      "act": "go to sofa 2",
      "thought": "I am now in/on: drawer 3\nCritical objects I have found:\nNone\nObjects I have taken:\nNone\nDrawer 3 is empty, so there is no watch there. I will continue searching for the watch. Since I am already checking drawers, I will continue with this strategy before moving to other sidetables. However, I mistakenly chose to go to sofa 2, which is not part of my search plan. I need to correct this and continue searching the drawers."
    },
    {
      "obs": "You arrive at loc 7. On the sofa 2, you see a keychain 2, and a pillow 1.",
      "act": "go to drawer 4",
      "thought": "I am now in/on: sofa 2\nCritical objects I have found:\nNone\nObjects I have taken:\nNone\nOn sofa 2, there is no watch. I need to correct my previous mistake and continue searching the drawers for the watch. Next, I will check drawer 4."
    },
    {
      "obs": "You arrive at loc 13. The drawer 4 is closed.",
      "act": "open drawer 4",
      "thought": "I am now in/on: drawer 4\nCritical objects I have found:\nNone\nObjects I have taken:\nNone\nTo see objects in drawer 4, I have to open it first."
    },
    {
      "obs": "You open the drawer 4. The drawer 4 is open. In it, you see nothing.",
      "act": "go to sidetable 2",
      "thought": "I am now in/on: drawer 4\nCritical objects I have found:\nNone\nObjects I have taken:\nNone\nDrawer 4 is empty, so there is no watch there. I will continue searching for the watch. Next, I will check sidetable 2."
    },
    {
      "obs": "You arrive at loc 10. On the sidetable 2, you see a statue 1.",
      "act": "go to sidetable 3",
      "thought": "I am now in/on: sidetable 2\nCritical objects I have found:\nNone\nObjects I have taken:\nNone\nOn sidetable 2, there is no watch. Next, I need to check sidetable 3."
    },
    {
      "obs": "You arrive at loc 5. On the sidetable 3, you see a watch 2.",
      "act": "take watch 2 from sidetable 3",
      "thought": "I am now in/on: sidetable 3\nCritical objects I have found:\nwatch 2 (sidetable 3)\nObjects I have taken:\nNone\nNow I find a watch (2) on sidetable 3. Next, I need to take it."
    },
    {
      "obs": "You pick up the watch 2 from the sidetable 3.",
      "act": "go to coffeetable 1",
      "thought": "I am now in/on: sidetable 3\nCritical objects I have found:\nwatch 2 (sidetable 3)\nObjects I have taken:\nwatch 2\nNow I have taken the watch (2). Next, I need to go to and put it on the coffeetable 1."
    },
    {
      "obs": "You arrive at loc 19. On the coffeetable 1, you see a creditcard 1, and a laptop 1.",
      "act": "put watch 2 in/on coffeetable 1",
      "thought": "I am now in/on: coffeetable 1\nCritical objects I have found:\nwatch 2 (sidetable 3)\nObjects I have taken:\nwatch 2\nNow I am at the coffeetable 1. Next, I need to put the watch 2 on it."
    },
    {
      "obs": "You put the watch 2 in/on the coffeetable 1.",
      "act": "go to sidetable 1"
    }
  ]
}