{
  "task": "put a statue in coffeetable.",
  "traj": [
    {
      "obs": "You are in the middle of a room. Looking quickly around you, you see a coffeetable 1, a diningtable 1, a drawer 1, a garbagecan 1, a sidetable 1, a sidetable 2, a sofa 1, and a sofa 2.",
      "act": "go to coffeetable 1",
      "thought": "I am now in/on: the middle of a room\nCritical objects I have found:\nNone\nObjects I have taken:\nNone\nTo solve the task, I need to find and take a statue, then put it on the coffeetable. First, I need to find a statue. A statue is more likely to appear on surfaces like sidetables, diningtables, or coffeetables. I will start by checking the coffeetable since that is also the target location for the statue."
    },
    {
      "obs": "You arrive at loc 19. On the coffeetable 1, you see a box 1, a keychain 1, a plate 1, a plate 2, and a watch 1.",
      "act": "go to diningtable 1",
      "thought": "I am now in/on: coffeetable 1\nCritical objects I have found:\nNone\nObjects I have taken:\nNone\nOn coffeetable 1, there is no statue. Next, I need to check diningtable 1 to see if there is a statue there."
    },
    {
      "obs": "You arrive at loc 20. On the diningtable 1, you see a laptop 2, and a plate 3.",
      "act": "go to sidetable 1",
      "thought": "I am now in/on: diningtable 1\nCritical objects I have found:\nNone\nObjects I have taken:\nNone\nOn diningtable 1, there is no statue. Next, I need to check sidetable 1 to see if there is a statue there."
    },
    {
      "obs": "You arrive at loc 14. On the sidetable 1, you see a box 2, a creditcard 1, a statue 1, a television 1, and a vase 1.",
      "act": "take statue 1 from sidetable 1",
      "thought": "I am now in/on: sidetable 1\nCritical objects I have found:\nstatue 1 (sidetable 1)\nObjects I have taken:\nNone\nI have found a statue (1) on sidetable 1. Next, I need to take it."
    },
    {
      "obs": "You pick up the statue 1 from the sidetable 1.",
      "act": "go to coffeetable 1",
      "thought": "I am now in/on: sidetable 1\nCritical objects I have found:\nstatue 1 (sidetable 1)\nObjects I have taken:\nstatue 1\nNow that I have taken the statue (1), I need to go to the coffeetable 1 to put it there."
    },
    {
      "obs": "You pick up the statue 1 from the sidetable 1.",
      "act": "put statue 1 in/on coffeetable 1",
      "thought": "I am now in/on: coffeetable 1\nCritical objects I have found:\nstatue 1 (sidetable 1)\nObjects I have taken:\nstatue 1\nI am at the coffeetable 1 with the statue 1 in hand. Now I need to put the statue 1 on the coffeetable."
    },
    {
      "obs": "You put the statue 1 in/on the coffeetable 1.",
      "act": "go to diningtable 1"
    }
  ]
}