{
  "task": "put a book in armchair.",
  "traj": [
    {
      "obs": "You are in the middle of a room. Looking quickly around you, you see a armchair 1, a coffeetable 1, a drawer 1, a drawer 2, a drawer 3, a drawer 4, a dresser 1, a garbagecan 1, a sidetable 1, a sidetable 2, and a sofa 1.",
      "act": "go to drawer 1",
      "thought": "I am now in/on: the middle of a room\nCritical objects I have found:\nNone\nObjects I have taken:\nNone\nTo solve the task, I need to find and take a book, then put it in the armchair. First, I need to find a book. A book is more likely to appear in drawers (1-4), dresser (1), sidetables (1-2), or maybe even the garbagecan (1). I will check one by one, starting with drawer 1."
    },
    {
      "obs": "You arrive at loc 20. The drawer 1 is closed.",
      "act": "open drawer 1",
      "thought": "I am now in/on: drawer 1\nCritical objects I have found:\nNone\nObjects I have taken:\nNone\nTo see objects in drawer 1, I have to open it first."
    },
    {
      "obs": "You open the drawer 1. The drawer 1 is open. In it, you see nothing.",
      "act": "go to drawer 2",
      "thought": "I am now in/on: drawer 1\nCritical objects I have found:\nNone\nObjects I have taken:\nNone\nDrawer 1 is empty, so I need to check the next location for a book. I will go to drawer 2 next."
    },
    {
      "obs": "You arrive at loc 13. On the drawer 2, you see a creditcard 1.",
      "act": "go to coffeetable 1",
      "thought": "I am now in/on: drawer 2\nCritical objects I have found:\nNone\nObjects I have taken:\nNone\nIn drawer 2, there is no book. I will check the coffeetable 1 next, as it is a common place to find books."
    },
    {
      "obs": "You arrive at loc 4. On the coffeetable 1, you see a book 3, a keychain 3, a laptop 1, a newspaper 2, a statue 2, and a vase 3.",
      "act": "take book 3 from coffeetable 1",
      "thought": "I am now in/on: coffeetable 1\nCritical objects I have found:\nbook 3 (coffeetable 1)\nObjects I have taken:\nNone\nI have found a book (3) on the coffeetable 1. Next, I need to take it."
    },
    {
      "obs": "You pick up the book 3 from the coffeetable 1.",
      "act": "go to armchair 1",
      "thought": "I am now in/on: coffeetable 1\nCritical objects I have found:\nbook 3 (coffeetable 1)\nObjects I have taken:\nbook 3\nNow I have taken the book (3). Next, I need to go to the armchair and put the book in it."
    },
    {
      "obs": "You arrive at loc 19. On the armchair 1, you see nothing.",
      "act": "put book 3 in/on armchair 1",
      "thought": "I am now in/on: armchair 1\nCritical objects I have found:\nbook 3 (coffeetable 1)\nObjects I have taken:\nbook 3\nNow I am at the armchair 1. Next, I need to put the book 3 in/on it."
    },
    {
      "obs": "You put the book 3 in/on the armchair 1.",
      "act": "go to drawer 1"
    }
  ]
}