{
  "task": "put some keychain on desk.",
  "traj": [
    {
      "obs": "You are in the middle of a room. Looking quickly around you, you see a bed 1, a bed 2, a desk 1, a drawer 1, a drawer 2, a drawer 3, a garbagecan 1, a laundryhamper 1, and a shelf 1.",
      "act": "go to shelf 1",
      "thought": "I am now in/on: the middle of a room\nCritical objects I have found:\nNone\nObjects I have taken:\nNone\nTo solve the task, I need to find and take a keychain, then put it on the desk. First, I need to find a keychain. A keychain is more likely to appear in drawers (1-3), on a shelf (1), or possibly in a garbagecan (1). I will check one by one, starting with shelf 1."
    },
    {
      "obs": "You arrive at loc 4. On the shelf 1, you see a alarmclock 1, a bowl 1, a desklamp 1, a keychain 1, and a statue 1.",
      "act": "take keychain 1 from shelf 1",
      "thought": "I am now in/on: shelf 1\nCritical objects I have found:\nkeychain 1 (shelf 1)\nObjects I have taken:\nNone\nNow I find a keychain (1) on shelf 1. Next, I need to take it."
    },
    {
      "obs": "You pick up the keychain 1 from the shelf 1.",
      "act": "go to desk 1",
      "thought": "I am now in/on: shelf 1\nCritical objects I have found:\nkeychain 1 (shelf 1)\nObjects I have taken:\nkeychain 1\nNow I have taken the keychain (1). Next, I need to go to and put it on desk 1."
    },
    {
      "obs": "You arrive at loc 1. On the desk 1, you see a book 1, a cd 1, a cellphone 1, a creditcard 1, a mug 1, a mug 2, and a pen 1.",
      "act": "put keychain 1 in/on desk 1",
      "thought": "I am now in/on: desk 1\nCritical objects I have found:\nkeychain 1 (shelf 1)\nObjects I have taken:\nkeychain 1\nNow I am at the desk 1. Next, I need to put the keychain 1 on it."
    },
    {
      "obs": "You put the keychain 1 in/on the desk 1.",
      "act": "go to shelf 1"
    }
  ]
}