{
  "task": "put some laptop on ottoman.",
  "traj": [
    {
      "obs": "You are in the middle of a room. Looking quickly around you, you see a armchair 1, a coffeetable 1, a diningtable 1, a drawer 1, a drawer 2, a drawer 3, a drawer 4, a drawer 5, a drawer 6, a drawer 7, a garbagecan 1, a ottoman 1, a sidetable 1, and a sofa 1.",
      "act": "go to sofa 1",
      "thought": "I am now in/on: the middle of a room\nCritical objects I have found:\nNone\nObjects I have taken:\nNone\nTo solve the task, I need to find and take a laptop, then put it on the ottoman. First, I need to find a laptop. A laptop is more likely to appear on surfaces like diningtables, coffeetables, sidetables, or within drawers. I can check one by one, starting with the sofa 1, as people often use laptops on sofas and may leave them there."
    },
    {
      "obs": "You arrive at loc 14. On the sofa 1, you see a book 2, a book 3, a newspaper 2, and a remotecontrol 3.",
      "act": "go to ottoman 1",
      "thought": "I am now in/on: sofa 1\nCritical objects I have found:\nNone\nObjects I have taken:\nNone\nOn sofa 1, there is no laptop. Next, I need to check ottoman 1, as it is another piece of furniture in the living area where someone might place a laptop temporarily."
    },
    {
      "obs": "You arrive at loc 24. On the ottoman 1, you see a cellphone 1.",
      "act": "go to diningtable 1",
      "thought": "I am now in/on: ottoman 1\nCritical objects I have found:\nNone\nObjects I have taken:\nNone\nOn ottoman 1, there is no laptop. Next, I need to check diningtable 1, as it is a common place where people might leave a laptop."
    },
    {
      "obs": "You arrive at loc 17. On the diningtable 1, you see a book 1, a keychain 2, a newspaper 1, a plate 1, a tissuebox 1, and a tissuebox 2.",
      "act": "go to coffeetable 1",
      "thought": "I am now in/on: diningtable 1\nCritical objects I have found:\nNone\nObjects I have taken:\nNone\nOn diningtable 1, there is no laptop. Next, I need to check coffeetable 1, as it is another common place where people might leave a laptop."
    },
    {
      "obs": "You arrive at loc 6. On the coffeetable 1, you see a bowl 1, a creditcard 1, a keychain 1, a laptop 1, a pencil 1, a pencil 2, a remotecontrol 2, and a vase 1.",
      "act": "take laptop 1 from coffeetable 1",
      "thought": "I am now in/on: coffeetable 1\nCritical objects I have found:\nlaptop 1 (coffeetable 1)\nObjects I have taken:\nNone\nI have found a laptop (1) on the coffeetable 1. Next, I need to take it."
    },
    {
      "obs": "You pick up the laptop 1 from the coffeetable 1.",
      "act": "go to ottoman 1",
      "thought": "I am now in/on: coffeetable 1\nCritical objects I have found:\nlaptop 1 (coffeetable 1)\nObjects I have taken:\nlaptop 1\nNow I have taken the laptop (1). Next, I need to go to and put it on the ottoman 1."
    },
    {
      "obs": "You pick up the laptop 1 from the coffeetable 1.",
      "act": "put laptop 1 in/on ottoman 1",
      "thought": "I am now in/on: coffeetable 1\nCritical objects I have found:\nlaptop 1 (coffeetable 1)\nObjects I have taken:\nlaptop 1\nI have taken the laptop (1) and need to put it on the ottoman 1. However, it seems there was an error in the observation as it repeated the action of picking up the laptop. I will assume I am currently holding the laptop and standing by the coffeetable 1. I need to move to the ottoman 1 to complete the task."
    },
    {
      "obs": "You put the laptop 1 in/on the ottoman 1.",
      "act": "go to sofa 1"
    }
  ]
}