{
  "task": "put some soapbottle on toilet.",
  "traj": [
    {
      "obs": "You are in the middle of a room. Looking quickly around you, you see a bathtubbasin 1, a garbagecan 1, a handtowelholder 1, a shelf 1, a shelf 2, a shelf 3, a sinkbasin 1, a toilet 1, a toiletpaperhanger 1, and a towelholder 1.",
      "act": "go to shelf 2",
      "thought": "I am now in/on: the middle of a room\nCritical objects I have found:\nNone\nObjects I have taken:\nNone\nTo solve the task, I need to find and take a soapbottle, then put it on the toilet. First, I need to find a soapbottle. A soapbottle is more likely to appear on shelves (1-3), sinkbasin (1), or in the garbagecan (1). I will check one by one, starting with shelf 2."
    },
    {
      "obs": "You arrive at loc 11. On the shelf 2, you see a toiletpaper 1, and a toiletpaper 2.",
      "act": "go to garbagecan 1",
      "thought": "I am now in/on: shelf 2\nCritical objects I have found:\nNone\nObjects I have taken:\nNone\nOn shelf 2, there is no soapbottle. Next, I need to check garbagecan 1."
    },
    {
      "obs": "You arrive at loc 7. On the garbagecan 1, you see nothing.",
      "act": "go to toilet 1",
      "thought": "I am now in/on: garbagecan 1\nCritical objects I have found:\nNone\nObjects I have taken:\nNone\nIn garbagecan 1, there is no soapbottle. Next, I need to check the toilet 1, although it's unlikely that a soapbottle would be there."
    },
    {
      "obs": "You arrive at loc 9. On the toilet 1, you see a candle 1.",
      "act": "go to shelf 1",
      "thought": "I am now in/on: toilet 1\nCritical objects I have found:\nNone\nObjects I have taken:\nNone\nOn toilet 1, there is no soapbottle. Next, I need to check shelf 1."
    },
    {
      "obs": "You arrive at loc 10. On the shelf 1, you see a spraybottle 1.",
      "act": "go to shelf 3",
      "thought": "I am now in/on: shelf 1\nCritical objects I have found:\nNone\nObjects I have taken:\nNone\nOn shelf 1, there is no soapbottle. Next, I need to check shelf 3."
    },
    {
      "obs": "You arrive at loc 5. On the shelf 3, you see a soapbar 2, a soapbottle 1, and a tissuebox 1.",
      "act": "take soapbottle 1 from shelf 3",
      "thought": "I am now in/on: shelf 3\nCritical objects I have found:\nsoapbottle 1 (shelf 3)\nObjects I have taken:\nNone\nNow I find a soapbottle (1). Next, I need to take it."
    },
    {
      "obs": "You pick up the soapbottle 1 from the shelf 3.",
      "act": "go to toilet 1",
      "thought": "I am now in/on: shelf 3\nCritical objects I have found:\nsoapbottle 1 (shelf 3)\nObjects I have taken:\nsoapbottle 1\nNow I have taken the soapbottle (1). Next, I need to go to and put it on the toilet 1."
    },
    {
      "obs": "You pick up the soapbottle 1 from the shelf 3.",
      "act": "put soapbottle 1 in/on toilet 1",
      "thought": "I am now in/on: shelf 3\nCritical objects I have found:\nsoapbottle 1 (shelf 3)\nObjects I have taken:\nsoapbottle 1\nNow I have taken the soapbottle (1). Next, I need to go to and put it on the toilet 1."
    },
    {
      "obs": "You put the soapbottle 1 in/on the toilet 1.",
      "act": "go to shelf 2"
    }
  ]
}