{
  "task": "put a tissuebox in sidetable.",
  "traj": [
    {
      "obs": "You are in the middle of a room. Looking quickly around you, you see a armchair 1, a coffeetable 1, a drawer 1, a drawer 2, a drawer 3, a drawer 4, a dresser 1, a garbagecan 1, a sidetable 1, a sidetable 2, a sidetable 3, and a sofa 1.",
      "act": "go to garbagecan 1",
      "thought": "I am now in/on: the middle of a room\nCritical objects I have found:\nNone\nObjects I have taken:\nNone\nTo solve the task, I need to find and take a tissuebox, then put it in a sidetable. First, I need to find a tissuebox. A tissuebox is more likely to appear in drawers (1-4), dresser (1), or sidetables (1-3). I can check one by one, starting with the garbagecan 1, although it's less likely to find a tissuebox there, it's still possible."
    },
    {
      "obs": "You arrive at loc 11. On the garbagecan 1, you see nothing.",
      "act": "go to drawer 4",
      "thought": "I am now in/on: garbagecan 1\nCritical objects I have found:\nNone\nObjects I have taken:\nNone\nIn the garbagecan 1, there is no tissuebox. Next, I need to check drawer 4."
    },
    {
      "obs": "You arrive at loc 16. The drawer 4 is closed.",
      "act": "open drawer 4",
      "thought": "I am now in/on: drawer 4\nCritical objects I have found:\nNone\nObjects I have taken:\nNone\nTo see objects in drawer 4, I have to open it first."
    },
    {
      "obs": "You open the drawer 4. The drawer 4 is open. In it, you see nothing.",
      "act": "go to dresser 1",
      "thought": "I am now in/on: drawer 4\nCritical objects I have found:\nNone\nObjects I have taken:\nNone\nIn drawer 4, there is no tissuebox. Next, I need to check dresser 1."
    },
    {
      "obs": "You arrive at loc 17. On the dresser 1, you see a keychain 1, a pen 1, a remotecontrol 1, and a television 1.",
      "act": "go to coffeetable 1",
      "thought": "I am now in/on: dresser 1\nCritical objects I have found:\nNone\nObjects I have taken:\nNone\nOn dresser 1, there is no tissuebox. Next, I need to check coffeetable 1, although it's not a typical place for a tissuebox, it's worth a look since it's in the room."
    },
    {
      "obs": "You arrive at loc 26. On the coffeetable 1, you see a box 1, a cellphone 3, a pencil 1, a statue 1, a tissuebox 1, and a tissuebox 2.",
      "act": "take tissuebox 2 from coffeetable 1",
      "thought": "I am now in/on: coffeetable 1\nCritical objects I have found:\ntissuebox 2 (coffeetable 1)\nObjects I have taken:\nNone\nNow I find a tissuebox (2). Next, I need to take it."
    },
    {
      "obs": "You pick up the tissuebox 2 from the coffeetable 1.",
      "act": "go to sidetable 2",
      "thought": "I am now in/on: coffeetable 1\nCritical objects I have found:\ntissuebox 2 (coffeetable 1)\nObjects I have taken:\ntissuebox 2\nNow I have taken a tissuebox (2). Next, I need to go to and put it in a sidetable. I will start with sidetable 2."
    },
    {
      "obs": "You arrive at loc 4. On the sidetable 2, you see a laptop 1.",
      "act": "put tissuebox 2 in/on sidetable 2",
      "thought": "I am now in/on: sidetable 2\nCritical objects I have found:\ntissuebox 2 (coffeetable 1)\nObjects I have taken:\ntissuebox 2\nNow I am at sidetable 2. Next, I need to put the tissuebox 2 in/on it."
    },
    {
      "obs": "You put the tissuebox 2 in/on the sidetable 2.",
      "act": "go to garbagecan 1"
    }
  ]
}