{
  "task": "put some cloth on drawer.",
  "traj": [
    {
      "obs": "You are in the middle of a room. Looking quickly around you, you see a countertop 1, a drawer 1, a drawer 2, a drawer 3, a drawer 4, a drawer 5, a drawer 6, a garbagecan 1, a handtowelholder 1, a handtowelholder 2, a sinkbasin 1, a toilet 1, a toiletpaperhanger 1, a towelholder 1, and a towelholder 2.",
      "act": "go to drawer 4",
      "thought": "I am now in/on: the middle of a room\nCritical objects I have found:\nNone\nObjects I have taken:\nNone\nTo solve the task, I need to find and take a cloth, then put it on a drawer. First, I need to find a cloth. A cloth is more likely to appear in drawers (1-6), sinkbasin (1), or garbagecan (1). I can check one by one, starting with drawer 4."
    },
    {
      "obs": "You arrive at loc 6. The drawer 4 is closed.",
      "act": "open drawer 4",
      "thought": "I am now in/on: drawer 4\nCritical objects I have found:\nNone\nObjects I have taken:\nNone\nTo see objects in drawer 4, I have to open it first."
    },
    {
      "obs": "You open the drawer 4. The drawer 4 is open. In it, you see nothing.",
      "act": "go to drawer 2",
      "thought": "I am now in/on: drawer 4\nCritical objects I have found:\nNone\nObjects I have taken:\nNone\nIn drawer 4, there is no cloth. Next, I need to check drawer 2."
    },
    {
      "obs": "You arrive at loc 13. The drawer 2 is closed.",
      "act": "open drawer 2",
      "thought": "I am now in/on: drawer 2\nCritical objects I have found:\nNone\nObjects I have taken:\nNone\nTo see objects in drawer 2, I have to open it first."
    },
    {
      "obs": "You open the drawer 2. The drawer 2 is open. In it, you see nothing.",
      "act": "go to garbagecan 1",
      "thought": "I am now in/on: drawer 2\nCritical objects I have found:\nNone\nObjects I have taken:\nNone\nIn drawer 2, there is no cloth. Next, I need to check garbagecan 1."
    },
    {
      "obs": "You arrive at loc 11. On the garbagecan 1, you see nothing.",
      "act": "go to drawer 3",
      "thought": "I am now in/on: garbagecan 1\nCritical objects I have found:\nNone\nObjects I have taken:\nNone\nIn garbagecan 1, there is no cloth. Next, I need to check drawer 3."
    },
    {
      "obs": "You arrive at loc 7. The drawer 3 is closed.",
      "act": "open drawer 3",
      "thought": "I am now in/on: drawer 3\nCritical objects I have found:\nNone\nObjects I have taken:\nNone\nTo see objects in drawer 3, I have to open it first."
    },
    {
      "obs": "You open the drawer 3. The drawer 3 is open. In it, you see a soapbar 1.",
      "act": "go to drawer 5",
      "thought": "I am now in/on: drawer 3\nCritical objects I have found:\nNone\nObjects I have taken:\nNone\nIn drawer 3, there is no cloth. Next, I need to check drawer 5."
    },
    {
      "obs": "You arrive at loc 5. The drawer 5 is closed.",
      "act": "open drawer 5",
      "thought": "I am now in/on: drawer 5\nCritical objects I have found:\nNone\nObjects I have taken:\nNone\nTo see objects in drawer 5, I have to open it first."
    },
    {
      "obs": "You open the drawer 5. The drawer 5 is open. In it, you see nothing.",
      "act": "go to countertop 1",
      "thought": "I am now in/on: drawer 5\nCritical objects I have found:\nNone\nObjects I have taken:\nNone\nIn drawer 5, there is no cloth. Next, I need to check countertop 1."
    },
    {
      "obs": "You arrive at loc 17. On the countertop 1, you see a candle 1, a cloth 1, a sink 1, a soapbottle 1, and a spraybottle 1.",
      "act": "take cloth 1 from countertop 1",
      "thought": "I am now in/on: countertop 1\nCritical objects I have found:\ncloth 1 (countertop 1)\nObjects I have taken:\nNone\nNow I find a cloth (1). Next, I need to take it."
    },
    {
      "obs": "You pick up the cloth 1 from the countertop 1.",
      "act": "go to drawer 4",
      "thought": "I am now in/on: countertop 1\nCritical objects I have found:\ncloth 1 (countertop 1)\nObjects I have taken:\ncloth 1\nNow I have taken a cloth (1). Next, I need to go to and put it in/on drawer 4."
    },
    {
      "obs": "You arrive at loc 6. The drawer 4 is closed.",
      "act": "open drawer 4",
      "thought": "I am now in/on: countertop 1\nCritical objects I have found:\ncloth 1 (countertop 1)\nObjects I have taken:\ncloth 1\nI am holding the cloth and need to put it in a drawer. I am at drawer 4, but it is closed. I need to open it again to put the cloth inside."
    },
    {
      "obs": "You open the drawer 4. The drawer 4 is open. In it, you see nothing.",
      "act": "put cloth 1 in/on drawer 4",
      "thought": "I am now in/on: drawer 4\nCritical objects I have found:\ncloth 1 (countertop 1)\nObjects I have taken:\ncloth 1\nNow that drawer 4 is open and I have the cloth, I can put the cloth in/on drawer 4 to complete the task."
    },
    {
      "obs": "You put the cloth 1 in/on the drawer 4.",
      "act": "close drawer 4"
    }
  ]
}