{
  "task": "put some pen on desk.",
  "traj": [
    {
      "obs": "You are in the middle of a room. Looking quickly around you, you see a bed 1, a cabinet 1, a cabinet 2, a cabinet 3, a cabinet 4, a desk 1, a drawer 1, a drawer 2, a garbagecan 1, a shelf 1, and a sidetable 1.",
      "act": "go to drawer 1",
      "thought": "I am now in/on: the middle of a room\nCritical objects I have found:\nNone\nObjects I have taken:\nNone\nTo solve the task, I need to find and take a pen, then put it on the desk. First, I need to find a pen. A pen is more likely to appear in drawers (1-2), cabinets (1-4), desk (1), or sidetable (1). I will check one by one, starting with drawer 1."
    },
    {
      "obs": "You arrive at loc 17. The drawer 1 is closed.",
      "act": "open drawer 1",
      "thought": "I am now in/on: drawer 1\nCritical objects I have found:\nNone\nObjects I have taken:\nNone\nTo see objects in drawer 1, I have to open it first."
    },
    {
      "obs": "You open the drawer 1. The drawer 1 is open. In it, you see a creditcard 1.",
      "act": "go to drawer 2",
      "thought": "I am now in/on: drawer 1\nCritical objects I have found:\nNone\nObjects I have taken:\nNone\nIn drawer 1, there is no pen. Next, I need to check drawer 2."
    },
    {
      "obs": "You arrive at loc 18. The drawer 2 is closed.",
      "act": "open drawer 2",
      "thought": "I am now in/on: drawer 1\nCritical objects I have found:\nNone\nObjects I have taken:\nNone\nTo see objects in drawer 2, I have to open it first."
    },
    {
      "obs": "You open the drawer 2. The drawer 2 is open. In it, you see nothing.",
      "act": "go to garbagecan 1",
      "thought": "I am now in/on: drawer 2\nCritical objects I have found:\nNone\nObjects I have taken:\nNone\nIn drawer 2, there is no pen. Next, I need to check garbagecan 1, although it's less likely to find a pen there, it's still worth checking before moving on to the cabinets."
    },
    {
      "obs": "You arrive at loc 19. On the garbagecan 1, you see a pen 1.",
      "act": "take pen 1 from garbagecan 1",
      "thought": "I am now in/on: garbagecan 1\nCritical objects I have found:\npen 1 (garbagecan 1)\nObjects I have taken:\nNone\nNow I find a pen (1). Next, I need to take it."
    },
    {
      "obs": "You pick up the pen 1 from the garbagecan 1.",
      "act": "go to desk 1",
      "thought": "I am now in/on: garbagecan 1\nCritical objects I have found:\npen 1 (garbagecan 1)\nObjects I have taken:\npen 1\nNow I have taken a pen (1). Next, I need to go to and put it on desk 1."
    },
    {
      "obs": "You arrive at loc 8. On the desk 1, you see a book 2, a book 3, a box 1, a creditcard 2, a keychain 2, a pencil 1, and a pencil 2.",
      "act": "put pen 1 in/on desk 1",
      "thought": "I am now in/on: desk 1\nCritical objects I have found:\npen 1 (garbagecan 1)\nObjects I have taken:\npen 1\nNow I am at the desk 1. Next, I need to put the pen 1 on it."
    },
    {
      "obs": "You put the pen 1 in/on the desk 1.",
      "act": "go to drawer 1"
    }
  ]
}