{
  "task": "put a remotecontrol in sofa.",
  "traj": [
    {
      "obs": "You are in the middle of a room. Looking quickly around you, you see a armchair 1, a diningtable 1, a drawer 1, a drawer 2, a drawer 3, a drawer 4, a garbagecan 1, a shelf 1, a sidetable 1, a sidetable 2, a sidetable 3, and a sofa 1.",
      "act": "go to drawer 4",
      "thought": "I am now in/on: the middle of a room\nCritical objects I have found:\nNone\nObjects I have taken:\nNone\nTo solve the task, I need to find and take a remote control, then put it in the sofa. First, I need to find a remote control. A remote control is more likely to appear in drawers (1-4), sidetables (1-3), or on the shelf (1). I can check one by one, starting with drawer 4."
    },
    {
      "obs": "You arrive at loc 22. The drawer 4 is closed.",
      "act": "open drawer 4",
      "thought": "I am now in/on: drawer 4\nCritical objects I have found:\nNone\nObjects I have taken:\nNone\nTo see objects in drawer 4, I have to open it first."
    },
    {
      "obs": "You open the drawer 4. The drawer 4 is open. In it, you see a creditcard 1.",
      "act": "go to sidetable 2",
      "thought": "I am now in/on: drawer 4\nCritical objects I have found:\nNone\nObjects I have taken:\nNone\nIn drawer 4, there is no remote control. Next, I need to check sidetable 2."
    },
    {
      "obs": "You arrive at loc 18. On the sidetable 2, you see a houseplant 1, a laptop 1, and a statue 2.",
      "act": "go to armchair 1",
      "thought": "I am now in/on: sidetable 2\nCritical objects I have found:\nNone\nObjects I have taken:\nNone\nOn sidetable 2, there is no remote control. Next, I need to check armchair 1, as remote controls can sometimes be found near seating areas."
    },
    {
      "obs": "You arrive at loc 2. On the armchair 1, you see a pillow 1.",
      "act": "go to sofa 1",
      "thought": "I am now in/on: armchair 1\nCritical objects I have found:\nNone\nObjects I have taken:\nNone\nOn armchair 1, there is no remote control. Next, I need to check sofa 1, as remote controls can sometimes be found on or near sofas."
    },
    {
      "obs": "You arrive at loc 5. On the sofa 1, you see a laptop 2, and a newspaper 2.",
      "act": "go to shelf 1",
      "thought": "I am now in/on: sofa 1\nCritical objects I have found:\nNone\nObjects I have taken:\nNone\nOn sofa 1, there is no remote control. Next, I need to check shelf 1, as remote controls can sometimes be found on shelves."
    },
    {
      "obs": "You arrive at loc 21. On the shelf 1, you see a tissuebox 3, a vase 1, a vase 2, and a vase 3.",
      "act": "go to sidetable 3",
      "thought": "I am now in/on: shelf 1\nCritical objects I have found:\nNone\nObjects I have taken:\nNone\nOn shelf 1, there is no remote control. Next, I need to check sidetable 3."
    },
    {
      "obs": "You arrive at loc 7. On the sidetable 3, you see a newspaper 1, and a remotecontrol 2.",
      "act": "take remotecontrol 2 from sidetable 3",
      "thought": "I am now in/on: sidetable 3\nCritical objects I have found:\nremotecontrol 2 (sidetable 3)\nObjects I have taken:\nNone\nNow I find a remote control (2). Next, I need to take it."
    },
    {
      "obs": "You pick up the remotecontrol 2 from the sidetable 3.",
      "act": "go to sofa 1",
      "thought": "I am now in/on: sidetable 3\nCritical objects I have found:\nremotecontrol 2 (sidetable 3)\nObjects I have taken:\nremotecontrol 2\nNow I have taken the remote control (2). Next, I need to go to and put it in the sofa 1."
    },
    {
      "obs": "You pick up the remotecontrol 2 from the sidetable 3.",
      "act": "put remotecontrol 2 in/on sofa 1",
      "thought": "I am now in/on: sidetable 3\nCritical objects I have found:\nremotecontrol 2 (sidetable 3)\nObjects I have taken:\nremotecontrol 2\nNow I have taken the remote control (2). Next, I need to go to and put it in the sofa 1."
    },
    {
      "obs": "You put the remotecontrol 2 in/on the sofa 1.",
      "act": "go to drawer 4"
    }
  ]
}