{
  "task": "put some book on sofa.",
  "traj": [
    {
      "obs": "You are in the middle of a room. Looking quickly around you, you see a armchair 1, a coffeetable 1, a drawer 1, a drawer 2, a drawer 3, a drawer 4, a dresser 1, a garbagecan 1, a sidetable 1, a sidetable 2, and a sofa 1.",
      "act": "go to drawer 1",
      "thought": "I am now in/on: the middle of a room\nCritical objects I have found:\nNone\nObjects I have taken:\nNone\nTo solve the task, I need to find and take a book, then put it on the sofa. First, I need to find a book. A book is more likely to appear in drawers (1-4), dresser (1), sidetables (1-2), or maybe even the garbagecan (1). I will check one by one, starting with drawer 1."
    },
    {
      "obs": "You arrive at loc 20. The drawer 1 is closed.",
      "act": "open drawer 1",
      "thought": "I am now in/on: drawer 1\nCritical objects I have found:\nNone\nObjects I have taken:\nNone\nTo see objects in drawer 1, I have to open it first."
    },
    {
      "obs": "You open the drawer 1. The drawer 1 is open. In it, you see nothing.",
      "act": "go to drawer 2",
      "thought": "I am now in/on: drawer 1\nCritical objects I have found:\nNone\nObjects I have taken:\nNone\nDrawer 1 is empty, so there is no book here. Next, I need to check drawer 2."
    },
    {
      "obs": "You arrive at loc 13. On the drawer 2, you see nothing.",
      "act": "go to coffeetable 1",
      "thought": "I am now in/on: drawer 2\nCritical objects I have found:\nNone\nObjects I have taken:\nNone\nDrawer 2 is also empty, so there is no book here. I will check the coffeetable 1 next, as it's a common place to find books in a living room."
    },
    {
      "obs": "You arrive at loc 5. On the coffeetable 1, you see a book 3, a book 4, a keychain 1, a keychain 2, a keychain 3, a laptop 1, a pen 2, a pen 3, a vase 2, a vase 3, and a watch 1.",
      "act": "take book 4 from coffeetable 1",
      "thought": "I am now in/on: coffeetable 1\nCritical objects I have found:\nbook 4 (coffeetable 1)\nObjects I have taken:\nNone\nI have found books on the coffeetable 1. Next, I need to take one of the books."
    },
    {
      "obs": "You pick up the book 4 from the coffeetable 1.",
      "act": "go to sofa 1",
      "thought": "I am now in/on: coffeetable 1\nCritical objects I have found:\nbook 4 (coffeetable 1)\nObjects I have taken:\nbook 4\nNow I have taken book 4. Next, I need to go to the sofa and put the book on it."
    },
    {
      "obs": "You arrive at loc 16. On the sofa 1, you see a pillow 1.",
      "act": "put book 4 in/on sofa 1",
      "thought": "I am now in/on: sofa 1\nCritical objects I have found:\nbook 4 (coffeetable 1)\nObjects I have taken:\nbook 4\nNow I am at the sofa 1. Next, I need to put the book 4 on it."
    },
    {
      "obs": "You put the book 4 in/on the sofa 1.",
      "act": "go to drawer 1"
    }
  ]
}