{
  "task": "put a candle in cart.",
  "traj": [
    {
      "obs": "You are in the middle of a room. Looking quickly around you, you see a bathtubbasin 1, a cart 1, a garbagecan 1, a handtowelholder 1, a handtowelholder 2, a shelf 1, a shelf 2, a shelf 3, a shelf 4, a sinkbasin 1, a toilet 1, a toiletpaperhanger 1, a towelholder 1, and a towelholder 2.",
      "act": "go to shelf 4",
      "thought": "I am now in/on: the middle of a room\nCritical objects I have found:\nNone\nObjects I have taken:\nNone\nTo solve the task, I need to find and take a candle, then put it in the cart. First, I need to find a candle. A candle is more likely to appear on shelves (1-4). I can check one by one, starting with shelf 4."
    },
    {
      "obs": "You arrive at loc 18. On the shelf 4, you see nothing.",
      "act": "go to toilet 1",
      "thought": "I am now in/on: shelf 4\nCritical objects I have found:\nNone\nObjects I have taken:\nNone\nOn shelf 4, there is no candle. I need to continue searching for a candle. However, going to the toilet 1 is not the right move since candles are not typically found there. I should check the other shelves instead."
    },
    {
      "obs": "You arrive at loc 7. On the toilet 1, you see a candle 1, a soapbar 1, and a soapbottle 2.",
      "act": "take candle 1 from toilet 1",
      "thought": "I am now in/on: toilet 1\nCritical objects I have found:\ncandle 1 (toilet 1)\nObjects I have taken:\nNone\nUnexpectedly, I found a candle on the toilet 1. Next, I need to take the candle 1."
    },
    {
      "obs": "You pick up the candle 1 from the toilet 1.",
      "act": "go to cart 1",
      "thought": "I am now in/on: toilet 1\nCritical objects I have found:\ncandle 1 (toilet 1)\nObjects I have taken:\ncandle 1\nNow I have taken the candle 1. Next, I need to go to the cart 1 to put the candle in it."
    },
    {
      "obs": "You arrive at loc 17. On the cart 1, you see a spraybottle 1.",
      "act": "put candle 1 in/on cart 1",
      "thought": "I am now in/on: cart 1\nCritical objects I have found:\ncandle 1 (toilet 1)\nObjects I have taken:\ncandle 1\nNow I am at the cart 1. Next, I need to put the candle 1 in/on it."
    },
    {
      "obs": "You put the candle 1 in/on the cart 1.",
      "act": "go to shelf 4"
    }
  ]
}