{
  "task": "put a tomato in microwave.",
  "traj": [
    {
      "obs": "You are in the middle of a room. Looking quickly around you, you see a cabinet 1, a cabinet 10, a cabinet 11, a cabinet 12, a cabinet 13, a cabinet 14, a cabinet 15, a cabinet 2, a cabinet 3, a cabinet 4, a cabinet 5, a cabinet 6, a cabinet 7, a cabinet 8, a cabinet 9, a coffeemachine 1, a countertop 1, a countertop 2, a countertop 3, a countertop 4, a drawer 1, a drawer 2, a drawer 3, a drawer 4, a fridge 1, a garbagecan 1, a microwave 1, a sinkbasin 1, a stoveburner 1, a stoveburner 2, a stoveburner 3, a stoveburner 4, and a toaster 1.",
      "act": "go to garbagecan 1",
      "thought": "I am now in/on: the middle of a room\nCritical objects I have found:\nNone\nObjects I have taken:\nNone\nTo solve the task, I need to find and take a tomato, then put it in the microwave. A tomato is more likely to appear in fridges (1), countertops (1-4), or garbagecan (1). I can check one by one, starting with garbagecan 1 since it's a common place for discarded food items."
    },
    {
      "obs": "You arrive at loc 34. On the garbagecan 1, you see a apple 1, and a papertowelroll 1.",
      "act": "go to sinkbasin 1",
      "thought": "I am now in/on: garbagecan 1\nCritical objects I have found:\nNone\nObjects I have taken:\nNone\nIn garbagecan 1, there is no tomato. Next, I need to check sinkbasin 1 as it's another common place where food items might be found after being used or washed."
    },
    {
      "obs": "You arrive at loc 25. On the sinkbasin 1, you see nothing.",
      "act": "go to countertop 3",
      "thought": "I am now in/on: sinkbasin 1\nCritical objects I have found:\nNone\nObjects I have taken:\nNone\nOn sinkbasin 1, there is no tomato. Next, I need to check countertop 3 as countertops are often used for food preparation and might have tomatoes."
    },
    {
      "obs": "You arrive at loc 5. On the countertop 3, you see a bowl 3, a bread 1, a butterknife 1, a egg 2, a plate 2, a plate 3, a spatula 1, a spoon 1, and a spoon 2.",
      "act": "go to countertop 2",
      "thought": "I am now in/on: countertop 3\nCritical objects I have found:\nNone\nObjects I have taken:\nNone\nOn countertop 3, there is no tomato. Next, I need to check countertop 2 as it's another possible location for a tomato."
    },
    {
      "obs": "You arrive at loc 40. On the countertop 2, you see a bowl 1, and a kettle 1.",
      "act": "go to fridge 1",
      "thought": "I am now in/on: countertop 2\nCritical objects I have found:\nNone\nObjects I have taken:\nNone\nOn countertop 2, there is no tomato. Next, I need to check the fridge 1 as it's a common storage place for fresh produce like tomatoes."
    },
    {
      "obs": "You arrive at loc 8. The fridge 1 is closed.",
      "act": "open fridge 1",
      "thought": "I am now in/on: countertop 2\nCritical objects I have found:\nNone\nObjects I have taken:\nNone\nTo see objects in fridge 1, I have to open it first. Tomatoes are often stored in the fridge to keep them fresh."
    },
    {
      "obs": "You open the fridge 1. The fridge 1 is open. In it, you see a apple 2, and a potato 1.",
      "act": "go to microwave 1",
      "thought": "I am now in/on: fridge 1\nCritical objects I have found:\nNone\nObjects I have taken:\nNone\nIn fridge 1, there is no tomato. Next, I need to check the microwave 1, as sometimes people place food items on top of or near appliances."
    },
    {
      "obs": "You arrive at loc 7. The microwave 1 is closed.",
      "act": "open microwave 1",
      "thought": "I am now in/on: fridge 1\nCritical objects I have found:\nNone\nObjects I have taken:\nNone\nI have not found a tomato in the fridge. I will now open the microwave to see if there is a tomato inside, as sometimes people might leave food items in there."
    },
    {
      "obs": "You open the microwave 1. The microwave 1 is open. In it, you see a cup 3.",
      "act": "go to countertop 4",
      "thought": "I am now in/on: microwave 1\nCritical objects I have found:\nNone\nObjects I have taken:\nNone\nIn the microwave, there is no tomato. Next, I need to check countertop 4 as it's another possible location for a tomato."
    },
    {
      "obs": "You arrive at loc 23. On the countertop 4, you see a bread 2, a butterknife 2, a lettuce 1, a pan 1, a peppershaker 3, a pot 3, a spoon 3, a tomato 1, and a tomato 2.",
      "act": "take tomato 1 from countertop 4",
      "thought": "I am now in/on: countertop 4\nCritical objects I have found:\ntomato 1 (countertop 4)\nObjects I have taken:\nNone\nI have found tomatoes on countertop 4. Next, I need to take one of the tomatoes."
    },
    {
      "obs": "You pick up the tomato 1 from the countertop 4.",
      "act": "go to microwave 1",
      "thought": "I am now in/on: countertop 4\nCritical objects I have found:\ntomato 1 (countertop 4)\nObjects I have taken:\ntomato 1\nNow I have taken a tomato (1). Next, I need to go to the microwave and put it in."
    },
    {
      "obs": "You pick up the tomato 1 from the countertop 4.",
      "act": "open microwave 1",
      "thought": "I am now in/on: countertop 4\nCritical objects I have found:\ntomato 1 (countertop 4)\nObjects I have taken:\ntomato 1\n\nI have already taken a tomato (1) and I am currently at countertop 4. I need to go to the microwave to put the tomato in it. However, it seems there was a mistake in my last observation, as it repeated the action of picking up the tomato. I should proceed to the microwave."
    },
    {
      "obs": "You pick up the tomato 1 from the countertop 4.",
      "act": "put tomato 1 in/on microwave 1",
      "thought": "I am now in/on: countertop 4\nCritical objects I have found:\ntomato 1 (countertop 4)\nObjects I have taken:\ntomato 1\n\nI have the tomato (1) and need to put it in the microwave. However, there seems to be a confusion in the observations as it repeated the action of picking up the tomato. I will correct this by attempting to put the tomato in the microwave, assuming I am already at the microwave."
    },
    {
      "obs": "You put the tomato 1 in/on the microwave 1.",
      "act": "close microwave 1"
    }
  ]
}