{
  "task": "put some box on armchair.",
  "traj": [
    {
      "obs": "You are in the middle of a room. Looking quickly around you, you see a armchair 1, a coffeetable 1, a drawer 1, a garbagecan 1, a shelf 1, a shelf 2, a shelf 3, a shelf 4, a shelf 5, a shelf 6, a sidetable 1, a sofa 1, a sofa 2, and a tvstand 1.",
      "act": "go to drawer 1",
      "thought": "I am now in/on: the middle of a room\nCritical objects I have found:\nNone\nObjects I have taken:\nNone\nTo solve the task, I need to find and take a box, then put it on the armchair. First, I need to find a box. A box is more likely to appear in storage spaces such as drawers (1), shelves (1-6), or maybe even on the coffeetable (1) or tvstand (1). I will start by checking drawer 1."
    },
    {
      "obs": "You arrive at loc 17. The drawer 1 is closed.",
      "act": "open drawer 1",
      "thought": "I am now in/on: drawer 1\nCritical objects I have found:\nNone\nObjects I have taken:\nNone\nTo see objects in drawer 1, I have to open it first."
    },
    {
      "obs": "You open the drawer 1. The drawer 1 is open. In it, you see a creditcard 1.",
      "act": "go to shelf 2",
      "thought": "I am now in/on: drawer 1\nCritical objects I have found:\nNone\nObjects I have taken:\nNone\nIn drawer 1, there is no box. Next, I need to check shelf 2."
    },
    {
      "obs": "You arrive at loc 5. On the shelf 2, you see nothing.",
      "act": "go to sofa 2",
      "thought": "I am now in/on: shelf 2\nCritical objects I have found:\nNone\nObjects I have taken:\nNone\nOn shelf 2, there is no box. I mistakenly went to sofa 2, but I should continue checking the shelves for a box. I will correct my course and go to shelf 1 next."
    },
    {
      "obs": "You arrive at loc 23. On the sofa 2, you see a box 1, a newspaper 1, and a pillow 1.",
      "act": "take box 1 from sofa 2",
      "thought": "I am now in/on: sofa 2\nCritical objects I have found:\nbox 1 (sofa 2)\nObjects I have taken:\nNone\nI have found a box (1) on sofa 2. Next, I need to take it."
    },
    {
      "obs": "You pick up the box 1 from the sofa 2.",
      "act": "go to armchair 1",
      "thought": "I am now in/on: sofa 2\nCritical objects I have found:\nbox 1 (sofa 2)\nObjects I have taken:\nbox 1\nNow I have taken the box (1). Next, I need to go to and put it on the armchair 1."
    },
    {
      "obs": "You arrive at loc 7. On the armchair 1, you see nothing.",
      "act": "put box 1 in/on armchair 1",
      "thought": "I am now in/on: armchair 1\nCritical objects I have found:\nbox 1 (sofa 2)\nObjects I have taken:\nbox 1\nNow I am at the armchair 1. Next, I need to put the box 1 on it."
    },
    {
      "obs": "You put the box 1 in/on the armchair 1.",
      "act": "go to drawer 1"
    }
  ]
}