{
  "task": "put some newspaper on armchair.",
  "traj": [
    {
      "obs": "You are in the middle of a room. Looking quickly around you, you see a armchair 1, a armchair 2, a coffeetable 1, a drawer 1, a garbagecan 1, a shelf 1, a shelf 2, a shelf 3, a shelf 4, a sidetable 1, a sofa 1, a tvstand 1, and a tvstand 2.",
      "act": "go to drawer 1",
      "thought": "I am now in/on: the middle of a room\nCritical objects I have found:\nNone\nObjects I have taken:\nNone\nTo solve the task, I need to find and take a newspaper, then put it on an armchair. First, I need to find a newspaper. A newspaper is more likely to appear in drawers (1), shelves (1-4), sidetables (1), coffeetables (1), or tvstands (1-2). I can check one by one, starting with drawer 1."
    },
    {
      "obs": "You arrive at loc 16. The drawer 1 is closed.",
      "act": "open drawer 1",
      "thought": "I am now in/on: drawer 1\nCritical objects I have found:\nNone\nObjects I have taken:\nNone\nTo see objects in drawer 1, I have to open it first."
    },
    {
      "obs": "You open the drawer 1. The drawer 1 is open. In it, you see a pen 2, a pen 3, and a pencil 1.",
      "act": "go to shelf 2",
      "thought": "I am now in/on: drawer 1\nCritical objects I have found:\nNone\nObjects I have taken:\nNone\nIn drawer 1, there is no newspaper. Next, I need to check shelf 2."
    },
    {
      "obs": "You arrive at loc 18. On the shelf 2, you see a newspaper 1, and a wateringcan 1.",
      "act": "take newspaper 1 from shelf 2",
      "thought": "I am now in/on: shelf 2\nCritical objects I have found:\nnewspaper 1 (shelf 2)\nObjects I have taken:\nNone\nNow I find a newspaper (1). Next, I need to take it."
    },
    {
      "obs": "You pick up the newspaper 1 from the shelf 2.",
      "act": "go to armchair 2",
      "thought": "I am now in/on: shelf 2\nCritical objects I have found:\nnewspaper 1 (shelf 2)\nObjects I have taken:\nnewspaper 1\nNow I have taken the newspaper (1). Next, I need to go to and put it on an armchair. I will choose armchair 2."
    },
    {
      "obs": "You arrive at loc 3. On the armchair 2, you see a keychain 2.",
      "act": "put newspaper 1 in/on armchair 2",
      "thought": "I am now in/on: armchair 2\nCritical objects I have found:\nnewspaper 1 (shelf 2)\nObjects I have taken:\nnewspaper 1\nNow I am at armchair 2. Next, I need to put the newspaper 1 on it."
    },
    {
      "obs": "You put the newspaper 1 in/on the armchair 2.",
      "act": "go to drawer 1"
    }
  ]
}