{
  "task": "put some laptop on sofa.",
  "traj": [
    {
      "obs": "You are in the middle of a room. Looking quickly around you, you see a armchair 1, a diningtable 1, a drawer 1, a drawer 2, a drawer 3, a drawer 4, a garbagecan 1, a shelf 1, a sidetable 1, a sidetable 2, a sidetable 3, and a sofa 1.",
      "act": "go to sidetable 3",
      "thought": "I am now in/on: the middle of a room\nCritical objects I have found:\nNone\nObjects I have taken:\nNone\nTo solve the task, I need to find and take a laptop, then put it on the sofa. First, I need to find a laptop. A laptop is more likely to appear on sidetables (1-3), diningtable (1), or shelf (1). I can check one by one, starting with sidetable 3."
    },
    {
      "obs": "You arrive at loc 8. On the sidetable 3, you see a statue 3, and a vase 2.",
      "act": "go to armchair 1",
      "thought": "I am now in/on: sidetable 3\nCritical objects I have found:\nNone\nObjects I have taken:\nNone\nOn sidetable 3, there is no laptop. Next, I need to check other likely places where a laptop might be found. However, I mistakenly chose to go to armchair 1, which is not one of the targets where a laptop is likely to be found. I should correct my action and go to another sidetable or the diningtable or shelf where a laptop might be located."
    },
    {
      "obs": "You arrive at loc 2. On the armchair 1, you see a creditcard 1, and a pillow 1.",
      "act": "go to sofa 1",
      "thought": "I am now in/on: armchair 1\nCritical objects I have found:\nNone\nObjects I have taken:\nNone\nOn armchair 1, there is no laptop. I need to continue searching for the laptop on the other sidetables, diningtable, or shelf. However, I mistakenly chose to go to sofa 1, which is not one of the targets where a laptop is likely to be found. I should correct my action and go to another sidetable, the diningtable, or the shelf where a laptop might be located."
    },
    {
      "obs": "You arrive at loc 5. On the sofa 1, you see a creditcard 2.",
      "act": "go to sidetable 2",
      "thought": "I am now in/on: sofa 1\nCritical objects I have found:\nNone\nObjects I have taken:\nNone\nOn sofa 1, there is no laptop. I need to continue searching for the laptop on the other sidetables, diningtable, or shelf. I will now go to sidetable 2 to look for the laptop."
    },
    {
      "obs": "You arrive at loc 19. On the sidetable 2, you see a houseplant 1, and a laptop 1.",
      "act": "take laptop 1 from sidetable 2",
      "thought": "I am now in/on: sidetable 2\nCritical objects I have found:\nlaptop 1 (sidetable 2)\nObjects I have taken:\nNone\nNow I find a laptop (1). Next, I need to take it."
    },
    {
      "obs": "You pick up the laptop 1 from the sidetable 2.",
      "act": "go to sofa 1",
      "thought": "I am now in/on: sidetable 2\nCritical objects I have found:\nlaptop 1 (sidetable 2)\nObjects I have taken:\nlaptop 1\nNow I have taken the laptop (1). Next, I need to go to the sofa and put it there."
    },
    {
      "obs": "You pick up the laptop 1 from the sidetable 2.",
      "act": "put laptop 1 in/on sofa 1",
      "thought": "I am now in/on: sidetable 2\nCritical objects I have found:\nlaptop 1 (sidetable 2)\nObjects I have taken:\nlaptop 1\nNow I have taken the laptop (1). Next, I need to go to the sofa and put it there. However, it seems there was a mistake in the observation as it repeated the action of picking up the laptop from sidetable 2. I will assume I am currently holding the laptop and at the sofa ready to place it."
    },
    {
      "obs": "You put the laptop 1 in/on the sofa 1.",
      "act": "go to sidetable 3"
    }
  ]
}