{
  "task": "put some keychain on desk.",
  "traj": [
    {
      "obs": "You are in the middle of a room. Looking quickly around you, you see a bed 1, a cabinet 1, a cabinet 2, a cabinet 3, a cabinet 4, a desk 1, a drawer 1, a drawer 2, a garbagecan 1, a shelf 1, and a sidetable 1.",
      "act": "go to drawer 1",
      "thought": "I am now in/on: the middle of a room\nCritical objects I have found:\nNone\nObjects I have taken:\nNone\nTo solve the task, I need to find and take a keychain, then put it on the desk. First, I need to find a keychain. A keychain is more likely to appear in drawers (1-2), cabinets (1-4), sidetable (1), or shelf (1). I will check one by one, starting with drawer 1."
    },
    {
      "obs": "You arrive at loc 16. The drawer 1 is closed.",
      "act": "open drawer 1",
      "thought": "I am now in/on: drawer 1\nCritical objects I have found:\nNone\nObjects I have taken:\nNone\nTo see objects in drawer 1, I have to open it first."
    },
    {
      "obs": "You open the drawer 1. The drawer 1 is open. In it, you see a pencil 1.",
      "act": "go to drawer 2",
      "thought": "I am now in/on: drawer 1\nCritical objects I have found:\nNone\nObjects I have taken:\nNone\nIn drawer 1, there is no keychain. Next, I need to check drawer 2."
    },
    {
      "obs": "You arrive at loc 18. The drawer 2 is closed.",
      "act": "open drawer 2",
      "thought": "I am now in/on: drawer 1\nCritical objects I have found:\nNone\nObjects I have taken:\nNone\nTo see objects in drawer 2, I have to open it first."
    },
    {
      "obs": "You open the drawer 2. The drawer 2 is open. In it, you see a cd 1.",
      "act": "go to desk 1",
      "thought": "I am now in/on: drawer 2\nCritical objects I have found:\nNone\nObjects I have taken:\nNone\nIn drawer 2, there is no keychain. Next, I need to check the desk 1, as sometimes small items like keychains can be found on desks."
    },
    {
      "obs": "You arrive at loc 8. On the desk 1, you see a alarmclock 1, a book 2, a book 3, a box 1, a creditcard 1, and a pen 1.",
      "act": "go to sidetable 1",
      "thought": "I am now in/on: desk 1\nCritical objects I have found:\nNone\nObjects I have taken:\nNone\nOn desk 1, there is no keychain. Next, I need to check sidetable 1, as it's another common place for small items like keychains."
    },
    {
      "obs": "You arrive at loc 15. On the sidetable 1, you see a cellphone 1, a cellphone 2, and a keychain 1.",
      "act": "take keychain 1 from sidetable 1",
      "thought": "I am now in/on: sidetable 1\nCritical objects I have found:\nkeychain 1 (sidetable 1)\nObjects I have taken:\nNone\nNow I have found a keychain (1) on the sidetable 1. Next, I need to take it."
    },
    {
      "obs": "You pick up the keychain 1 from the sidetable 1.",
      "act": "go to desk 1",
      "thought": "I am now in/on: sidetable 1\nCritical objects I have found:\nkeychain 1 (sidetable 1)\nObjects I have taken:\nkeychain 1\nNow I have taken the keychain (1). Next, I need to go to and put it on the desk 1."
    },
    {
      "obs": "You pick up the keychain 1 from the sidetable 1.",
      "act": "put keychain 1 in/on desk 1",
      "thought": "I am now in/on: sidetable 1\nCritical objects I have found:\nkeychain 1 (sidetable 1)\nObjects I have taken:\nkeychain 1\nNow I have taken the keychain (1). Next, I need to put it on the desk 1."
    },
    {
      "obs": "You put the keychain 1 in/on the desk 1.",
      "act": "go to drawer 1"
    }
  ]
}