{
  "task": "put a cellphone in bed.",
  "traj": [
    {
      "obs": "You are in the middle of a room. Looking quickly around you, you see a bed 1, a drawer 1, a drawer 10, a drawer 2, a drawer 3, a drawer 4, a drawer 5, a drawer 6, a drawer 7, a drawer 8, a drawer 9, a dresser 1, a garbagecan 1, a shelf 1, a shelf 2, a shelf 3, a shelf 4, a shelf 5, a shelf 6, and a shelf 7.",
      "act": "go to shelf 3",
      "thought": "I am now in/on: the middle of a room\nCritical objects I have found:\nNone\nObjects I have taken:\nNone\nTo solve the task, I need to find and take a cellphone, then put it in the bed. A cellphone is more likely to appear on shelves, dressers, or in drawers. I will start by checking shelf 3."
    },
    {
      "obs": "You arrive at loc 21. On the shelf 3, you see nothing.",
      "act": "go to shelf 2",
      "thought": "I am now in/on: shelf 3\nCritical objects I have found:\nNone\nObjects I have taken:\nNone\nOn shelf 3, there is no cellphone. Next, I need to check shelf 2."
    },
    {
      "obs": "You arrive at loc 10. On the shelf 2, you see a mug 1.",
      "act": "go to drawer 3",
      "thought": "I am now in/on: shelf 2\nCritical objects I have found:\nNone\nObjects I have taken:\nNone\nOn shelf 2, there is no cellphone. Next, I need to check drawer 3."
    },
    {
      "obs": "You arrive at loc 12. The drawer 3 is closed.",
      "act": "open drawer 3",
      "thought": "I am now in/on: drawer 3\nCritical objects I have found:\nNone\nObjects I have taken:\nNone\nTo see objects in drawer 3, I have to open it first."
    },
    {
      "obs": "You open the drawer 3. The drawer 3 is open. In it, you see nothing.",
      "act": "go to drawer 6",
      "thought": "I am now in/on: drawer 3\nCritical objects I have found:\nNone\nObjects I have taken:\nNone\nIn drawer 3, there is no cellphone. Next, I need to check drawer 6."
    },
    {
      "obs": "You arrive at loc 20. The drawer 6 is closed.",
      "act": "open drawer 6",
      "thought": "I am now in/on: drawer 6\nCritical objects I have found:\nNone\nObjects I have taken:\nNone\nTo see objects in drawer 6, I have to open it first."
    },
    {
      "obs": "You open the drawer 6. The drawer 6 is open. In it, you see a cd 2, and a cellphone 3.",
      "act": "take cellphone 3 from drawer 6",
      "thought": "I am now in/on: drawer 6\nCritical objects I have found:\ncellphone 3 (drawer 6)\nObjects I have taken:\nNone\nNow I find a cellphone (3) in drawer 6. Next, I need to take it."
    },
    {
      "obs": "You pick up the cellphone 3 from the drawer 6.",
      "act": "go to bed 1",
      "thought": "I am now in/on: drawer 6\nCritical objects I have found:\ncellphone 3 (drawer 6)\nObjects I have taken:\ncellphone 3\nNow I have taken the cellphone (3). Next, I need to go to and put it in the bed 1."
    },
    {
      "obs": "You arrive at loc 11. On the bed 1, you see a book 1, a book 2, a book 3, a laptop 1, a pillow 1, and a pillow 2.",
      "act": "put cellphone 3 in/on bed 1",
      "thought": "I am now in/on: bed 1\nCritical objects I have found:\ncellphone 3 (drawer 6)\nObjects I have taken:\ncellphone 3\nNow I am at the bed 1. Next, I need to put the cellphone 3 in/on it."
    },
    {
      "obs": "You put the cellphone 3 in/on the bed 1.",
      "act": "go to shelf 3"
    }
  ]
}