{
  "task": "put a laptop in bed.",
  "traj": [
    {
      "obs": "You are in the middle of a room. Looking quickly around you, you see a bed 1, a desk 1, a drawer 1, a drawer 2, a drawer 3, a garbagecan 1, a safe 1, a shelf 1, a shelf 2, a shelf 3, a shelf 4, a shelf 5, a sidetable 1, and a sidetable 2.",
      "act": "go to sidetable 1",
      "thought": "I am now in/on: the middle of a room\nCritical objects I have found:\nNone\nObjects I have taken:\nNone\nTo solve the task, I need to find and take a laptop, then put it in the bed. First, I need to find a laptop. A laptop is more likely to appear on desks, sidetables, or shelves. I can check one by one, starting with sidetable 1."
    },
    {
      "obs": "You arrive at loc 10. On the sidetable 1, you see a book 1, and a keychain 1.",
      "act": "go to desk 1",
      "thought": "I am now in/on: sidetable 1\nCritical objects I have found:\nNone\nObjects I have taken:\nNone\nOn sidetable 1, there is no laptop. Next, I need to check desk 1."
    },
    {
      "obs": "You arrive at loc 9. On the desk 1, you see a book 2, a book 3, a creditcard 3, a keychain 2, a laptop 1, a pen 2, and a pencil 2.",
      "act": "take laptop 1 from desk 1",
      "thought": "I am now in/on: desk 1\nCritical objects I have found:\nlaptop 1 (desk 1)\nObjects I have taken:\nNone\nNow I find a laptop (1) on desk 1. Next, I need to take it."
    },
    {
      "obs": "You pick up the laptop 1 from the desk 1.",
      "act": "go to bed 1",
      "thought": "I am now in/on: desk 1\nCritical objects I have found:\nlaptop 1 (desk 1)\nObjects I have taken:\nlaptop 1\nNow I have taken the laptop (1). Next, I need to go to the bed and put the laptop in it."
    },
    {
      "obs": "You arrive at loc 23. On the bed 1, you see a pillow 1, and a teddybear 1.",
      "act": "put laptop 1 in/on bed 1",
      "thought": "I am now in/on: bed 1\nCritical objects I have found:\nlaptop 1 (desk 1)\nObjects I have taken:\nlaptop 1\nNow I am at the bed 1. Next, I need to put the laptop 1 in/on it."
    },
    {
      "obs": "You put the laptop 1 in/on the bed 1.",
      "act": "go to sidetable 1"
    }
  ]
}