{
  "task": "put a book in armchair.",
  "traj": [
    {
      "obs": "You are in the middle of a room. Looking quickly around you, you see a armchair 1, a bed 1, a bed 2, a cabinet 1, a desk 1, a desk 2, a drawer 1, a drawer 10, a drawer 11, a drawer 12, a drawer 13, a drawer 2, a drawer 3, a drawer 4, a drawer 5, a drawer 6, a drawer 7, a drawer 8, a drawer 9, a dresser 1, a dresser 2, and a garbagecan 1.",
      "act": "go to bed 1",
      "thought": "I am now in/on: the middle of a room\nCritical objects I have found:\nNone\nObjects I have taken:\nNone\nTo solve the task, I need to find and take a book, then put it in the armchair. First, I need to find a book. A book is more likely to appear in desks (1-2), drawers (1-13), dressers (1-2), or maybe even on a bed. I can check one by one, starting with bed 1."
    },
    {
      "obs": "You arrive at loc 7. On the bed 1, you see a pillow 2, and a pillow 3.",
      "act": "go to drawer 9",
      "thought": "I am now in/on: bed 1\nCritical objects I have found:\nNone\nObjects I have taken:\nNone\nOn bed 1, there is no book. Next, I need to check drawer 9 as it's one of the many drawers in the room where a book might be stored."
    },
    {
      "obs": "You arrive at loc 20. On the drawer 9, you see nothing.",
      "act": "go to drawer 3",
      "thought": "I am now in/on: drawer 9\nCritical objects I have found:\nNone\nObjects I have taken:\nNone\nIn drawer 9, there is no book. Next, I need to check drawer 3."
    },
    {
      "obs": "You arrive at loc 16. The drawer 3 is closed.",
      "act": "open drawer 3",
      "thought": "I am now in/on: drawer 9\nCritical objects I have found:\nNone\nObjects I have taken:\nNone\nTo see objects in drawer 3, I have to open it first."
    },
    {
      "obs": "You open the drawer 3. The drawer 3 is open. In it, you see nothing.",
      "act": "go to cabinet 1",
      "thought": "I am now in/on: drawer 3\nCritical objects I have found:\nNone\nObjects I have taken:\nNone\nDrawer 3 is open and there is no book inside. Next, I need to check cabinet 1 as it could potentially contain a book."
    },
    {
      "obs": "You arrive at loc 17. The cabinet 1 is closed.",
      "act": "open cabinet 1",
      "thought": "I am now in/on: drawer 3\nCritical objects I have found:\nNone\nObjects I have taken:\nNone\nDrawer 3 is empty, so I will now attempt to open cabinet 1 to see if there is a book inside."
    },
    {
      "obs": "You open the cabinet 1. The cabinet 1 is open. In it, you see a book 2, and a mug 3.",
      "act": "take book 2 from cabinet 1",
      "thought": "I am now in/on: cabinet 1\nCritical objects I have found:\nbook 2 (cabinet 1)\nObjects I have taken:\nNone\nNow I find a book (2) in cabinet 1. Next, I need to take it."
    },
    {
      "obs": "You pick up the book 2 from the cabinet 1.",
      "act": "go to armchair 1",
      "thought": "I am now in/on: cabinet 1\nCritical objects I have found:\nbook 2 (cabinet 1)\nObjects I have taken:\nbook 2\nNow I have taken the book (2). Next, I need to go to the armchair and put the book in it."
    },
    {
      "obs": "You arrive at loc 8. On the armchair 1, you see a creditcard 2, and a keychain 2.",
      "act": "put book 2 in/on armchair 1",
      "thought": "I am now in/on: armchair 1\nCritical objects I have found:\nbook 2 (cabinet 1)\nObjects I have taken:\nbook 2\nNow I am at the armchair 1. Next, I need to put the book 2 in/on it."
    },
    {
      "obs": "You put the book 2 in/on the armchair 1.",
      "act": "go to bed 1"
    }
  ]
}