{
  "task": "put some newspaper on sofa.",
  "traj": [
    {
      "obs": "You are in the middle of a room. Looking quickly around you, you see a armchair 1, a coffeetable 1, a drawer 1, a garbagecan 1, a shelf 1, a shelf 2, a shelf 3, a shelf 4, a shelf 5, a sidetable 1, a sidetable 2, a sofa 1, and a tvstand 1.",
      "act": "go to armchair 1",
      "thought": "I am now in/on: the middle of a room\nCritical objects I have found:\nNone\nObjects I have taken:\nNone\nTo solve the task, I need to find and take a newspaper, then put it on the sofa. First, I need to find a newspaper. A newspaper is more likely to appear on surfaces like coffeetables, sidetables, shelves, or maybe even in the garbagecan. I will start by checking the armchair 1, as newspapers are sometimes found near seating areas."
    },
    {
      "obs": "You arrive at loc 8. On the armchair 1, you see a newspaper 4.",
      "act": "take newspaper 4 from armchair 1",
      "thought": "I am now in/on: armchair 1\nCritical objects I have found:\nnewspaper 4 (armchair 1)\nObjects I have taken:\nNone\nI have found a newspaper (4) on the armchair 1. Next, I need to take it."
    },
    {
      "obs": "You pick up the newspaper 4 from the armchair 1.",
      "act": "go to sofa 1",
      "thought": "I am now in/on: armchair 1\nCritical objects I have found:\nnewspaper 4 (armchair 1)\nObjects I have taken:\nnewspaper 4\nNow I have taken the newspaper (4). Next, I need to go to the sofa and put the newspaper on it."
    },
    {
      "obs": "You arrive at loc 13. On the sofa 1, you see a laptop 1, a pillow 1, and a remotecontrol 2.",
      "act": "put newspaper 4 in/on sofa 1",
      "thought": "I am now in/on: sofa 1\nCritical objects I have found:\nnewspaper 4 (armchair 1)\nObjects I have taken:\nnewspaper 4\nNow I am at the sofa 1. Next, I need to put the newspaper 4 on it."
    },
    {
      "obs": "You put the newspaper 4 in/on the sofa 1.",
      "act": "go to armchair 1"
    }
  ]
}