{
  "task": "put a candle in toilet.",
  "traj": [
    {
      "obs": "You are in the middle of a room. Looking quickly around you, you see a cabinet 1, a cabinet 2, a cabinet 3, a cabinet 4, a countertop 1, a garbagecan 1, a handtowelholder 1, a handtowelholder 2, a sinkbasin 1, a sinkbasin 2, a toilet 1, a toiletpaperhanger 1, and a towelholder 1.",
      "act": "go to cabinet 1",
      "thought": "I am now in/on: the middle of a room\nCritical objects I have found:\nNone\nObjects I have taken:\nNone\nTo solve the task, I need to find and take a candle, then put it in the toilet. First, I need to find a candle. A candle is more likely to appear in cabinets (1-4). I will check them one by one, starting with cabinet 1."
    },
    {
      "obs": "You arrive at loc 14. On the cabinet 1, you see a soapbottle 1.",
      "act": "go to cabinet 3",
      "thought": "I am now in/on: cabinet 1\nCritical objects I have found:\nNone\nObjects I have taken:\nNone\nIn cabinet 1, there is no candle. Next, I need to check cabinet 3. (Skipping cabinet 2 for now, as I remember from the previous task that a candle was in cabinet 2, but I should check all cabinets systematically.)"
    },
    {
      "obs": "You arrive at loc 1. The cabinet 3 is closed.",
      "act": "open cabinet 3",
      "thought": "I am now in/on: cabinet 1\nCritical objects I have found:\nNone\nObjects I have taken:\nNone\nCabinet 1 did not contain a candle. I am now going to check cabinet 3, which is closed, so I need to open it to see if there is a candle inside."
    },
    {
      "obs": "You open the cabinet 3. The cabinet 3 is open. In it, you see nothing.",
      "act": "go to cabinet 4",
      "thought": "I am now in/on: cabinet 3\nCritical objects I have found:\nNone\nObjects I have taken:\nNone\nCabinet 3 is open and contains nothing. Next, I need to check cabinet 4 to see if there is a candle inside."
    },
    {
      "obs": "You arrive at loc 2. The cabinet 4 is closed.",
      "act": "open cabinet 4",
      "thought": "I am now in/on: cabinet 3\nCritical objects I have found:\nNone\nObjects I have taken:\nNone\nCabinet 3 did not contain a candle. I am now going to check cabinet 4, which is closed, so I need to open it to see if there is a candle inside."
    },
    {
      "obs": "You open the cabinet 4. The cabinet 4 is open. In it, you see a spraybottle 2.",
      "act": "go to toilet 1",
      "thought": "I am now in/on: cabinet 4\nCritical objects I have found:\nNone\nObjects I have taken:\nNone\nCabinet 4 did not contain a candle. I have checked cabinets 1, 3, and 4, and none of them had a candle. I will now go to the toilet 1 to prepare for placing the candle once I find it. However, I should remember to check cabinet 2 for the candle after visiting the toilet."
    },
    {
      "obs": "You arrive at loc 7. On the toilet 1, you see a cloth 1, and a toiletpaper 2.",
      "act": "go to countertop 1",
      "thought": "I am now in/on: toilet 1\nCritical objects I have found:\nNone\nObjects I have taken:\nNone\nI have not yet found a candle. I went to the toilet 1, but I should have continued searching for the candle. I need to check the remaining locations where a candle might be found. I will now go to the countertop 1 to see if there is a candle there."
    },
    {
      "obs": "You arrive at loc 16. On the countertop 1, you see a candle 1.",
      "act": "take candle 1 from countertop 1",
      "thought": "I am now in/on: countertop 1\nCritical objects I have found:\ncandle 1 (countertop 1)\nObjects I have taken:\nNone\nI have found a candle (1) on the countertop 1. Next, I need to take it."
    },
    {
      "obs": "You pick up the candle 1 from the countertop 1.",
      "act": "go to toilet 1",
      "thought": "I am now in/on: countertop 1\nCritical objects I have found:\ncandle 1 (countertop 1)\nObjects I have taken:\ncandle 1\nNow that I have taken the candle (1), I need to go back to the toilet 1 to put it there."
    },
    {
      "obs": "You pick up the candle 1 from the countertop 1.",
      "act": "put candle 1 in/on toilet 1",
      "thought": "I am now in/on: countertop 1\nCritical objects I have found:\ncandle 1 (countertop 1)\nObjects I have taken:\ncandle 1\nI have the candle (1) and need to put it in the toilet 1. I should go to the toilet 1 to complete the task."
    },
    {
      "obs": "You put the candle 1 in/on the toilet 1.",
      "act": "go to cabinet 1"
    }
  ]
}