{
  "task": "put some newspaper on ottoman.",
  "traj": [
    {
      "obs": "You are in the middle of a room. Looking quickly around you, you see a armchair 1, a coffeetable 1, a diningtable 1, a drawer 1, a drawer 2, a drawer 3, a drawer 4, a drawer 5, a drawer 6, a drawer 7, a garbagecan 1, a ottoman 1, a sidetable 1, and a sofa 1.",
      "act": "go to drawer 7",
      "thought": "I am now in/on: the middle of a room\nCritical objects I have found:\nNone\nObjects I have taken:\nNone\nTo solve the task, I need to find and take a newspaper, then put it on the ottoman. First, I need to find a newspaper. A newspaper is more likely to be found in drawers or on tables. I will start by checking drawer 7."
    },
    {
      "obs": "You arrive at loc 5. The drawer 7 is closed.",
      "act": "open drawer 7",
      "thought": "I am now in/on: drawer 7\nCritical objects I have found:\nNone\nObjects I have taken:\nNone\nTo see objects in drawer 7, I have to open it first."
    },
    {
      "obs": "You open the drawer 7. The drawer 7 is open. In it, you see a keychain 3.",
      "act": "go to drawer 5",
      "thought": "I am now in/on: drawer 7\nCritical objects I have found:\nNone\nObjects I have taken:\nNone\nIn drawer 7, there is no newspaper. Next, I need to check drawer 5."
    },
    {
      "obs": "You arrive at loc 4. The drawer 5 is closed.",
      "act": "open drawer 5",
      "thought": "I am now in/on: drawer 5\nCritical objects I have found:\nNone\nObjects I have taken:\nNone\nTo see objects in drawer 5, I have to open it first."
    },
    {
      "obs": "You open the drawer 5. The drawer 5 is open. In it, you see a keychain 1.",
      "act": "go to drawer 1",
      "thought": "I am now in/on: drawer 5\nCritical objects I have found:\nNone\nObjects I have taken:\nNone\nIn drawer 5, there is no newspaper. Next, I need to check drawer 1."
    },
    {
      "obs": "You arrive at loc 23. The drawer 1 is closed.",
      "act": "open drawer 1",
      "thought": "I am now in/on: drawer 1\nCritical objects I have found:\nNone\nObjects I have taken:\nNone\nTo see objects in drawer 1, I have to open it first."
    },
    {
      "obs": "You open the drawer 1. The drawer 1 is open. In it, you see nothing.",
      "act": "go to sofa 1",
      "thought": "I am now in/on: drawer 1\nCritical objects I have found:\nNone\nObjects I have taken:\nNone\nIn drawer 1, there is no newspaper. Next, I need to check the sofa 1, as newspapers are sometimes found on or near sofas."
    },
    {
      "obs": "You arrive at loc 15. On the sofa 1, you see a book 2, a book 3, a cellphone 2, and a cellphone 3.",
      "act": "go to ottoman 1",
      "thought": "I am now in/on: sofa 1\nCritical objects I have found:\nNone\nObjects I have taken:\nNone\nOn sofa 1, there is no newspaper. Next, I need to check the ottoman 1, as newspapers can also be found on or near ottomans."
    },
    {
      "obs": "You arrive at loc 25. On the ottoman 1, you see a cellphone 1, and a remotecontrol 1.",
      "act": "go to drawer 6",
      "thought": "I am now in/on: ottoman 1\nCritical objects I have found:\nNone\nObjects I have taken:\nNone\nOn ottoman 1, there is no newspaper. Next, I need to check drawer 6."
    },
    {
      "obs": "You arrive at loc 2. The drawer 6 is closed.",
      "act": "open drawer 6",
      "thought": "I am now in/on: drawer 6\nCritical objects I have found:\nNone\nObjects I have taken:\nNone\nTo see objects in drawer 6, I have to open it first."
    },
    {
      "obs": "You open the drawer 6. The drawer 6 is open. In it, you see nothing.",
      "act": "go to diningtable 1",
      "thought": "I am now in/on: drawer 6\nCritical objects I have found:\nNone\nObjects I have taken:\nNone\nIn drawer 6, there is no newspaper. Next, I need to check the diningtable 1, as newspapers are sometimes found on tables."
    },
    {
      "obs": "You arrive at loc 18. On the diningtable 1, you see a keychain 2, a newspaper 1, a newspaper 2, a plate 1, a tissuebox 2, a tissuebox 3, a vase 2, and a watch 2.",
      "act": "take newspaper 2 from diningtable 1",
      "thought": "I am now in/on: diningtable 1\nCritical objects I have found:\nnewspaper 2 (diningtable 1)\nObjects I have taken:\nNone\nNow I find a newspaper (2). Next, I need to take it."
    },
    {
      "obs": "You pick up the newspaper 2 from the diningtable 1.",
      "act": "go to ottoman 1",
      "thought": "I am now in/on: diningtable 1\nCritical objects I have found:\nnewspaper 2 (diningtable 1)\nObjects I have taken:\nnewspaper 2\nNow I have taken a newspaper (2). Next, I need to go to and put it on the ottoman 1."
    },
    {
      "obs": "You arrive at loc 25. On the ottoman 1, you see a cellphone 1, and a remotecontrol 1.",
      "act": "put newspaper 2 in/on ottoman 1",
      "thought": "I am now in/on: ottoman 1\nCritical objects I have found:\nnewspaper 2 (diningtable 1)\nObjects I have taken:\nnewspaper 2\nNow I am at the ottoman 1. Next, I need to put the newspaper 2 on it."
    },
    {
      "obs": "You put the newspaper 2 in/on the ottoman 1.",
      "act": "go to drawer 7"
    }
  ]
}