{
  "task": "put a spraybottle in countertop.",
  "traj": [
    {
      "obs": "You are in the middle of a room. Looking quickly around you, you see a cabinet 1, a cabinet 2, a cabinet 3, a cabinet 4, a countertop 1, a garbagecan 1, a handtowelholder 1, a sinkbasin 1, a sinkbasin 2, a toilet 1, a toiletpaperhanger 1, and a towelholder 1.",
      "act": "go to cabinet 1",
      "thought": "I am now in/on: the middle of a room\nCritical objects I have found:\nNone\nObjects I have taken:\nNone\nTo solve the task, I need to find and take a spraybottle, then put it on the countertop. First, I need to find a spraybottle. A spraybottle is more likely to appear in cabinets (1-4), countertop (1), sinkbasins (1-2), or garbagecan (1). I will check one by one, starting with cabinet 1."
    },
    {
      "obs": "You arrive at loc 10. The cabinet 1 is closed.",
      "act": "open cabinet 1",
      "thought": "I am now in/on: cabinet 1\nCritical objects I have found:\nNone\nObjects I have taken:\nNone\nTo see objects in cabinet 1, I have to open it first."
    },
    {
      "obs": "You open the cabinet 1. The cabinet 1 is open. In it, you see a toiletpaper 1.",
      "act": "go to countertop 1",
      "thought": "I am now in/on: cabinet 1\nCritical objects I have found:\nNone\nObjects I have taken:\nNone\nIn cabinet 1, there is no spraybottle. I mistakenly went to the countertop without checking other cabinets. I need to find a spraybottle before I can put it on the countertop. I should check the next cabinet."
    },
    {
      "obs": "You arrive at loc 5. On the countertop 1, you see a candle 1.",
      "act": "go to cabinet 2",
      "thought": "I am now in/on: countertop 1\nCritical objects I have found:\nNone\nObjects I have taken:\nNone\nOn the countertop 1, there is no spraybottle. Next, I need to check cabinet 2."
    },
    {
      "obs": "You arrive at loc 12. The cabinet 2 is closed.",
      "act": "open cabinet 2",
      "thought": "I am now in/on: cabinet 2\nCritical objects I have found:\nNone\nObjects I have taken:\nNone\nTo see objects in cabinet 2, I have to open it first."
    },
    {
      "obs": "You open the cabinet 2. The cabinet 2 is open. In it, you see a cloth 1.",
      "act": "go to cabinet 3",
      "thought": "I am now in/on: cabinet 2\nCritical objects I have found:\nNone\nObjects I have taken:\nNone\nIn cabinet 2, there is no spraybottle. Next, I need to check cabinet 3."
    },
    {
      "obs": "You arrive at loc 11. The cabinet 3 is closed.",
      "act": "open cabinet 3",
      "thought": "I am now in/on: cabinet 3\nCritical objects I have found:\nNone\nObjects I have taken:\nNone\nTo see objects in cabinet 3, I have to open it first."
    },
    {
      "obs": "You open the cabinet 3. The cabinet 3 is open. In it, you see a cloth 2.",
      "act": "go to garbagecan 1",
      "thought": "I am now in/on: cabinet 3\nCritical objects I have found:\nNone\nObjects I have taken:\nNone\nIn cabinet 3, there is no spraybottle. Next, I need to check the garbagecan 1 before moving on to cabinet 4."
    },
    {
      "obs": "You arrive at loc 15. On the garbagecan 1, you see a spraybottle 1.",
      "act": "take spraybottle 1 from garbagecan 1",
      "thought": "I am now in/on: garbagecan 1\nCritical objects I have found:\nspraybottle 1 (garbagecan 1)\nObjects I have taken:\nNone\nNow I find a spraybottle (1). Next, I need to take it."
    },
    {
      "obs": "You pick up the spraybottle 1 from the garbagecan 1.",
      "act": "go to countertop 1",
      "thought": "I am now in/on: garbagecan 1\nCritical objects I have found:\nspraybottle 1 (garbagecan 1)\nObjects I have taken:\nspraybottle 1\n\nNow I have taken the spraybottle (1). Next, I need to go to and put it on the countertop 1."
    },
    {
      "obs": "You arrive at loc 5. On the countertop 1, you see a candle 1.",
      "act": "put spraybottle 1 in/on countertop 1",
      "thought": "I am now in/on: countertop 1\nCritical objects I have found:\nspraybottle 1 (garbagecan 1)\nObjects I have taken:\nspraybottle 1\n\nNow I am at the countertop 1. Next, I need to put the spraybottle 1 on it."
    },
    {
      "obs": "You put the spraybottle 1 in/on the countertop 1.",
      "act": "go to cabinet 1"
    }
  ]
}