{
  "task": "put some soapbottle on toilet.",
  "traj": [
    {
      "obs": "You are in the middle of a room. Looking quickly around you, you see a bathtubbasin 1, a cabinet 1, a cabinet 2, a cabinet 3, a cabinet 4, a countertop 1, a garbagecan 1, a handtowelholder 1, a sinkbasin 1, a sinkbasin 2, a toilet 1, a toiletpaperhanger 1, and a towelholder 1.",
      "act": "go to countertop 1",
      "thought": "I am now in/on: the middle of a room\nCritical objects I have found:\nNone\nObjects I have taken:\nNone\nTo solve the task, I need to find and take a soapbottle, then put it on the toilet. First, I need to find a soapbottle. A soapbottle is more likely to appear in cabinets (1-4), on countertops (1), or in sinkbasins (1-2). I will start by checking the countertop 1."
    },
    {
      "obs": "You arrive at loc 6. On the countertop 1, you see a candle 1, a soapbar 2, and a toiletpaper 1.",
      "act": "go to cabinet 4",
      "thought": "I am now in/on: countertop 1\nCritical objects I have found:\nNone\nObjects I have taken:\nNone\nOn countertop 1, there is no soapbottle. Next, I need to check cabinet 4."
    },
    {
      "obs": "You arrive at loc 2. The cabinet 4 is closed.",
      "act": "open cabinet 4",
      "thought": "I am now in/on: cabinet 4\nCritical objects I have found:\nNone\nObjects I have taken:\nNone\nTo see objects in cabinet 4, I have to open it first."
    },
    {
      "obs": "You open the cabinet 4. The cabinet 4 is open. In it, you see a cloth 3, and a spraybottle 1.",
      "act": "go to cabinet 3",
      "thought": "I am now in/on: cabinet 4\nCritical objects I have found:\nNone\nObjects I have taken:\nNone\nIn cabinet 4, there is no soapbottle. Next, I need to check cabinet 3."
    },
    {
      "obs": "You arrive at loc 9. The cabinet 3 is closed.",
      "act": "open cabinet 3",
      "thought": "I am now in/on: cabinet 3\nCritical objects I have found:\nNone\nObjects I have taken:\nNone\nTo see objects in cabinet 3, I have to open it first."
    },
    {
      "obs": "You open the cabinet 3. The cabinet 3 is open. In it, you see a cloth 2.",
      "act": "go to cabinet 1",
      "thought": "I am now in/on: cabinet 3\nCritical objects I have found:\nNone\nObjects I have taken:\nNone\nIn cabinet 3, there is no soapbottle. Next, I need to check cabinet 1."
    },
    {
      "obs": "You arrive at loc 2. The cabinet 1 is closed.",
      "act": "open cabinet 1",
      "thought": "I am now in/on: cabinet 1\nCritical objects I have found:\nNone\nObjects I have taken:\nNone\nTo see objects in cabinet 1, I have to open it first."
    },
    {
      "obs": "You open the cabinet 1. The cabinet 1 is open. In it, you see nothing.",
      "act": "go to cabinet 2",
      "thought": "I am now in/on: cabinet 1\nCritical objects I have found:\nNone\nObjects I have taken:\nNone\nIn cabinet 1, there is no soapbottle. Next, I need to check cabinet 2."
    },
    {
      "obs": "You arrive at loc 4. The cabinet 2 is closed.",
      "act": "open cabinet 2",
      "thought": "I am now in/on: cabinet 2\nCritical objects I have found:\nNone\nObjects I have taken:\nNone\nTo see objects in cabinet 2, I have to open it first."
    },
    {
      "obs": "You open the cabinet 2. The cabinet 2 is open. In it, you see a soapbottle 2.",
      "act": "take soapbottle 2 from cabinet 2",
      "thought": "I am now in/on: cabinet 2\nCritical objects I have found:\nsoapbottle 2 (cabinet 2)\nObjects I have taken:\nNone\nNow I find a soapbottle (2). Next, I need to take it."
    },
    {
      "obs": "You pick up the soapbottle 2 from the cabinet 2.",
      "act": "go to toilet 1",
      "thought": "I am now in/on: cabinet 2\nCritical objects I have found:\nsoapbottle 2 (cabinet 2)\nObjects I have taken:\nsoapbottle 2\nNow I have taken the soapbottle (2). Next, I need to go to and put it on the toilet 1."
    },
    {
      "obs": "You arrive at loc 12. On the toilet 1, you see a spraybottle 2, a spraybottle 3, and a toiletpaper 2.",
      "act": "put soapbottle 2 in/on toilet 1",
      "thought": "I am now in/on: cabinet 2\nCritical objects I have found:\nsoapbottle 2 (cabinet 2)\nObjects I have taken:\nsoapbottle 2\nNow I am at the toilet 1 with the soapbottle (2). Next, I need to put the soapbottle 2 on the toilet 1."
    },
    {
      "obs": "You put the soapbottle 2 in/on the toilet 1.",
      "act": "go to countertop 1"
    }
  ]
}