{
  "task": "put a alarmclock in diningtable.",
  "traj": [
    {
      "obs": "You are in the middle of a room. Looking quickly around you, you see a bed 1, a diningtable 1, a drawer 1, a drawer 2, a drawer 3, a drawer 4, a garbagecan 1, a sidetable 1, and a sidetable 2.",
      "act": "go to sidetable 2",
      "thought": "I am now in/on: the middle of a room\nCritical objects I have found:\nNone\nObjects I have taken:\nNone\nTo solve the task, I need to find and take an alarm clock, then put it on the dining table. An alarm clock is more likely to be found on a sidetable or in a drawer. I will start by checking sidetable 2."
    },
    {
      "obs": "You arrive at loc 2. On the sidetable 2, you see a alarmclock 1, a keychain 2, and a keychain 3.",
      "act": "take alarmclock 1 from sidetable 2",
      "thought": "I am now in/on: sidetable 2\nCritical objects I have found:\nalarmclock 1 (sidetable 2)\nObjects I have taken:\nNone\nI have found an alarm clock on sidetable 2. Next, I need to take it."
    },
    {
      "obs": "You pick up the alarmclock 1 from the sidetable 2.",
      "act": "go to diningtable 1",
      "thought": "I am now in/on: sidetable 2\nCritical objects I have found:\nalarmclock 1 (sidetable 2)\nObjects I have taken:\nalarmclock 1\nNow that I have the alarm clock, I need to go to the dining table to put it there."
    },
    {
      "obs": "You arrive at loc 8. On the diningtable 1, you see a book 1, a cellphone 1, a laptop 1, a mug 1, a mug 2, a pen 1, a pencil 1, a pencil 2, and a pencil 3.",
      "act": "put alarmclock 1 in/on diningtable 1",
      "thought": "I am now in/on: diningtable 1\nCritical objects I have found:\nalarmclock 1 (sidetable 2)\nObjects I have taken:\nalarmclock 1\nI am at the dining table with the alarm clock. Next, I need to put the alarm clock on the dining table."
    },
    {
      "obs": "You put the alarmclock 1 in/on the diningtable 1.",
      "act": "go to sidetable 2"
    }
  ]
}