{
  "task": "put some candle on toilet.",
  "traj": [
    {
      "obs": "You are in the middle of a room. Looking quickly around you, you see a bathtubbasin 1, a countertop 1, a drawer 1, a drawer 2, a drawer 3, a drawer 4, a drawer 5, a drawer 6, a garbagecan 1, a handtowelholder 1, a handtowelholder 2, a sinkbasin 1, a sinkbasin 2, a toilet 1, a toiletpaperhanger 1, a towelholder 1, and a towelholder 2.",
      "act": "go to drawer 1",
      "thought": "I am now in/on: the middle of a room\nCritical objects I have found:\nNone\nObjects I have taken:\nNone\nTo solve the task, I need to find and take a candle, then put it on the toilet. First, I need to find a candle. A candle is more likely to appear in drawers (1-6), countertop (1), or sinkbasin (1-2). I can check one by one, starting with drawer 1."
    },
    {
      "obs": "You arrive at loc 20. The drawer 1 is closed.",
      "act": "open drawer 1",
      "thought": "I am now in/on: drawer 1\nCritical objects I have found:\nNone\nObjects I have taken:\nNone\nTo see objects in drawer 1, I have to open it first."
    },
    {
      "obs": "You open the drawer 1. The drawer 1 is open. In it, you see nothing.",
      "act": "go to drawer 6",
      "thought": "I am now in/on: drawer 1\nCritical objects I have found:\nNone\nObjects I have taken:\nNone\nDrawer 1 is empty. Next, I need to check drawer 6."
    },
    {
      "obs": "You arrive at loc 3. The drawer 6 is closed.",
      "act": "open drawer 6",
      "thought": "I am now in/on: drawer 1\nCritical objects I have found:\nNone\nObjects I have taken:\nNone\nDrawer 1 is empty. I will now open drawer 6 to see if there is a candle inside."
    },
    {
      "obs": "You open the drawer 6. The drawer 6 is open. In it, you see nothing.",
      "act": "go to drawer 2",
      "thought": "I am now in/on: drawer 6\nCritical objects I have found:\nNone\nObjects I have taken:\nNone\nDrawer 6 is empty. Next, I need to check drawer 2."
    },
    {
      "obs": "You arrive at loc 16. The drawer 2 is closed.",
      "act": "open drawer 2",
      "thought": "I am now in/on: drawer 6\nCritical objects I have found:\nNone\nObjects I have taken:\nNone\nDrawer 6 is empty. Now I will open drawer 2 to see if there is a candle inside."
    },
    {
      "obs": "You open the drawer 2. The drawer 2 is open. In it, you see nothing.",
      "act": "go to countertop 1",
      "thought": "I am now in/on: drawer 2\nCritical objects I have found:\nNone\nObjects I have taken:\nNone\nDrawer 2 is empty. Next, I need to check the countertop 1 for a candle."
    },
    {
      "obs": "You arrive at loc 25. On the countertop 1, you see a candle 3, a cloth 1, a soapbar 1, a soapbottle 1, a spraybottle 1, and a toiletpaper 1.",
      "act": "take candle 3 from countertop 1",
      "thought": "I am now in/on: countertop 1\nCritical objects I have found:\ncandle 3 (countertop 1)\nObjects I have taken:\nNone\nI have found a candle (3) on the countertop 1. Next, I need to take it."
    },
    {
      "obs": "You pick up the candle 3 from the countertop 1.",
      "act": "go to toilet 1",
      "thought": "I am now in/on: countertop 1\nCritical objects I have found:\ncandle 3 (countertop 1)\nObjects I have taken:\ncandle 3\nNow I have taken the candle (3). Next, I need to go to and put it on the toilet 1."
    },
    {
      "obs": "You arrive at loc 7. On the toilet 1, you see a soapbar 2, and a soapbar 3.",
      "act": "put candle 3 in/on toilet 1",
      "thought": "I am now in/on: countertop 1\nCritical objects I have found:\ncandle 3 (countertop 1)\nObjects I have taken:\ncandle 3\nNow I am at the toilet 1. Next, I need to put the candle 3 on it."
    },
    {
      "obs": "You put the candle 3 in/on the toilet 1.",
      "act": "go to drawer 1"
    }
  ]
}