{
  "task": "put some creditcard on sofa.",
  "traj": [
    {
      "obs": "You are in the middle of a room. Looking quickly around you, you see a armchair 1, a coffeetable 1, a diningtable 1, a diningtable 2, a drawer 1, a drawer 2, a drawer 3, a drawer 4, a drawer 5, a drawer 6, a dresser 1, a garbagecan 1, a sidetable 1, a sofa 1, a sofa 2, and a tvstand 1.",
      "act": "go to drawer 5",
      "thought": "I am now in/on: the middle of a room\nCritical objects I have found:\nNone\nObjects I have taken:\nNone\nTo solve the task, I need to find and take a credit card, then put it on a sofa. First, I need to find a credit card. A credit card is more likely to be found in drawers (1-6), dresser (1), or sidetable (1). I will check one by one, starting with drawer 5."
    },
    {
      "obs": "You arrive at loc 4. The drawer 5 is closed.",
      "act": "open drawer 5",
      "thought": "I am now in/on: drawer 5\nCritical objects I have found:\nNone\nObjects I have taken:\nNone\nTo see objects in drawer 5, I have to open it first."
    },
    {
      "obs": "You open the drawer 5. The drawer 5 is open. In it, you see nothing.",
      "act": "go to drawer 2",
      "thought": "I am now in/on: drawer 5\nCritical objects I have found:\nNone\nObjects I have taken:\nNone\nDrawer 5 is empty. Next, I need to check drawer 2."
    },
    {
      "obs": "You arrive at loc 9. The drawer 2 is closed.",
      "act": "open drawer 2",
      "thought": "I am now in/on: drawer 2\nCritical objects I have found:\nNone\nObjects I have taken:\nNone\nTo see objects in drawer 2, I have to open it first."
    },
    {
      "obs": "You open the drawer 2. The drawer 2 is open. In it, you see nothing.",
      "act": "go to drawer 6",
      "thought": "I am now in/on: drawer 2\nCritical objects I have found:\nNone\nObjects I have taken:\nNone\nDrawer 2 is empty. Next, I need to check drawer 6."
    },
    {
      "obs": "You arrive at loc 2. The drawer 6 is closed.",
      "act": "open drawer 6",
      "thought": "I am now in/on: drawer 6\nCritical objects I have found:\nNone\nObjects I have taken:\nNone\nTo see objects in drawer 6, I have to open it first."
    },
    {
      "obs": "You open the drawer 6. The drawer 6 is open. In it, you see nothing.",
      "act": "go to sofa 2",
      "thought": "I am now in/on: drawer 6\nCritical objects I have found:\nNone\nObjects I have taken:\nNone\nDrawer 6 is empty. Next, I need to check sofa 2 to see if the credit card is there before continuing to search other drawers or the dresser and sidetable."
    },
    {
      "obs": "You arrive at loc 26. On the sofa 2, you see a laptop 2, and a pillow 1.",
      "act": "go to dresser 1",
      "thought": "I am now in/on: sofa 2\nCritical objects I have found:\nNone\nObjects I have taken:\nNone\nOn sofa 2, there is no credit card. Next, I need to check dresser 1."
    },
    {
      "obs": "You arrive at loc 17. On the dresser 1, you see a creditcard 4, a statue 1, and a tissuebox 1.",
      "act": "take creditcard 4 from dresser 1",
      "thought": "I am now in/on: dresser 1\nCritical objects I have found:\ncreditcard 4 (dresser 1)\nObjects I have taken:\nNone\nNow I have found a credit card (4) on the dresser 1. Next, I need to take it."
    },
    {
      "obs": "You pick up the creditcard 4 from the dresser 1.",
      "act": "go to sofa 2",
      "thought": "I am now in/on: dresser 1\nCritical objects I have found:\ncreditcard 4 (dresser 1)\nObjects I have taken:\ncreditcard 4\nNow I have taken the credit card (4). Next, I need to go to and put it on sofa 2."
    },
    {
      "obs": "You pick up the creditcard 4 from the dresser 1.",
      "act": "put creditcard 4 in/on sofa 2",
      "thought": "I am now in/on: dresser 1\nCritical objects I have found:\ncreditcard 4 (dresser 1)\nObjects I have taken:\ncreditcard 4\nNow I have taken the credit card (4). Next, I need to put it on sofa 2."
    },
    {
      "obs": "You put the creditcard 4 in/on the sofa 2.",
      "act": "go to drawer 5"
    }
  ]
}