{
  "task": "put some cellphone on desk.",
  "traj": [
    {
      "obs": "You are in the middle of a room. Looking quickly around you, you see a bed 1, a desk 1, a drawer 1, a drawer 2, a drawer 3, a drawer 4, a drawer 5, a drawer 6, a drawer 7, a drawer 8, a dresser 1, a garbagecan 1, a shelf 1, a shelf 2, a shelf 3, a shelf 4, and a shelf 5.",
      "act": "go to shelf 1",
      "thought": "I am now in/on: the middle of a room\nCritical objects I have found:\nNone\nObjects I have taken:\nNone\nTo solve the task, I need to find and take a cellphone, then put it on the desk. First, I need to find a cellphone. A cellphone is more likely to appear in drawers (1-8), on shelves (1-5), on a desk (1), or in a dresser (1). I can check one by one, starting with shelf 1."
    },
    {
      "obs": "You arrive at loc 24. On the shelf 1, you see a pen 1.",
      "act": "go to drawer 5",
      "thought": "I am now in/on: shelf 1\nCritical objects I have found:\nNone\nObjects I have taken:\nNone\nOn shelf 1, there is no cellphone. Next, I need to check drawer 5."
    },
    {
      "obs": "You arrive at loc 27. The drawer 5 is closed.",
      "act": "open drawer 5",
      "thought": "I am now in/on: drawer 5\nCritical objects I have found:\nNone\nObjects I have taken:\nNone\nTo see objects in drawer 5, I have to open it first."
    },
    {
      "obs": "You open the drawer 5. The drawer 5 is open. In it, you see a pen 2.",
      "act": "go to drawer 7",
      "thought": "I am now in/on: drawer 5\nCritical objects I have found:\nNone\nObjects I have taken:\nNone\nIn drawer 5, there is no cellphone. Next, I need to check drawer 7."
    },
    {
      "obs": "You arrive at loc 3. On the drawer 7, you see nothing.",
      "act": "go to drawer 4",
      "thought": "I am now in/on: drawer 7\nCritical objects I have found:\nNone\nObjects I have taken:\nNone\nIn drawer 7, there is no cellphone. Next, I need to check drawer 4."
    },
    {
      "obs": "You arrive at loc 14. The drawer 4 is closed.",
      "act": "open drawer 4",
      "thought": "I am now in/on: drawer 7\nCritical objects I have found:\nNone\nObjects I have taken:\nNone\nTo see objects in drawer 4, I have to open it first."
    },
    {
      "obs": "You open the drawer 4. The drawer 4 is open. In it, you see a cd 2.",
      "act": "go to shelf 5",
      "thought": "I am now in/on: drawer 4\nCritical objects I have found:\nNone\nObjects I have taken:\nNone\nIn drawer 4, there is no cellphone. Next, I need to check shelf 5."
    },
    {
      "obs": "You arrive at loc 4. On the shelf 5, you see a bowl 1.",
      "act": "go to desk 1",
      "thought": "I am now in/on: shelf 5\nCritical objects I have found:\nNone\nObjects I have taken:\nNone\nOn shelf 5, there is no cellphone. Next, I need to check desk 1."
    },
    {
      "obs": "You arrive at loc 19. On the desk 1, you see a book 1.",
      "act": "go to dresser 1",
      "thought": "I am now in/on: desk 1\nCritical objects I have found:\nNone\nObjects I have taken:\nNone\nOn desk 1, there is no cellphone. Next, I need to check dresser 1."
    },
    {
      "obs": "You arrive at loc 3. On the dresser 1, you see a alarmclock 1, a bowl 2, a bowl 3, a cellphone 2, a creditcard 1, and a desklamp 1.",
      "act": "take cellphone 2 from dresser 1",
      "thought": "I am now in/on: dresser 1\nCritical objects I have found:\ncellphone 2 (dresser 1)\nObjects I have taken:\nNone\nNow I find a cellphone (2). Next, I need to take it."
    },
    {
      "obs": "You pick up the cellphone 2 from the dresser 1.",
      "act": "go to desk 1",
      "thought": "I am now in/on: dresser 1\nCritical objects I have found:\ncellphone 2 (dresser 1)\nObjects I have taken:\ncellphone 2\nNow I have taken the cellphone (2). Next, I need to go to and put it on the desk 1."
    },
    {
      "obs": "You pick up the cellphone 2 from the dresser 1.",
      "act": "put cellphone 2 in/on desk 1",
      "thought": "I am now in/on: dresser 1\nCritical objects I have found:\ncellphone 2 (dresser 1)\nObjects I have taken:\ncellphone 2\nNow I have taken the cellphone (2). Next, I need to put it on the desk 1."
    },
    {
      "obs": "You put the cellphone 2 in/on the desk 1.",
      "act": "go to shelf 1"
    }
  ]
}