{
  "task": "put a winebottle in shelf.",
  "traj": [
    {
      "obs": "You are in the middle of a room. Looking quickly around you, you see a cabinet 1, a cabinet 10, a cabinet 11, a cabinet 12, a cabinet 13, a cabinet 2, a cabinet 3, a cabinet 4, a cabinet 5, a cabinet 6, a cabinet 7, a cabinet 8, a cabinet 9, a coffeemachine 1, a countertop 1, a countertop 2, a diningtable 1, a drawer 1, a drawer 2, a drawer 3, a drawer 4, a fridge 1, a garbagecan 1, a microwave 1, a shelf 1, a shelf 2, a shelf 3, a sinkbasin 1, a stoveburner 1, a stoveburner 2, a stoveburner 3, a stoveburner 4, and a toaster 1.",
      "act": "go to cabinet 9",
      "thought": "I am now in/on: the middle of a room\nCritical objects I have found:\nNone\nObjects I have taken:\nNone\nTo solve the task, I need to find and take a winebottle, then put it on a shelf. First, I need to find a winebottle. A winebottle is more likely to appear in cabinets (1-13), countertop (1-2), diningtable (1), or shelf (1-3). I can check one by one, starting with cabinet 9 since it's a common place for storing such items."
    },
    {
      "obs": "You arrive at loc 13. The cabinet 9 is closed.",
      "act": "open cabinet 9",
      "thought": "I am now in/on: cabinet 9\nCritical objects I have found:\nNone\nObjects I have taken:\nNone\nTo see objects in cabinet 9, I have to open it first."
    },
    {
      "obs": "You open the cabinet 9. The cabinet 9 is open. In it, you see a kettle 2.",
      "act": "go to fridge 1",
      "thought": "I am now in/on: cabinet 9\nCritical objects I have found:\nNone\nObjects I have taken:\nNone\nIn cabinet 9, there is no winebottle. Next, I need to check fridge 1, as sometimes wine is kept chilled."
    },
    {
      "obs": "You arrive at loc 41. The fridge 1 is closed.",
      "act": "open fridge 1",
      "thought": "I am now in/on: fridge 1\nCritical objects I have found:\nNone\nObjects I have taken:\nNone\nTo see objects in fridge 1, I have to open it first."
    },
    {
      "obs": "You open the fridge 1. The fridge 1 is open. In it, you see a apple 1, a apple 3, a egg 1, a egg 2, a lettuce 1, and a tomato 3.",
      "act": "go to cabinet 13",
      "thought": "I am now in/on: fridge 1\nCritical objects I have found:\nNone\nObjects I have taken:\nNone\nIn fridge 1, there is no winebottle. Next, I need to check cabinet 13, as it could be another place where a winebottle might be stored."
    },
    {
      "obs": "You arrive at loc 5. The cabinet 13 is closed.",
      "act": "open cabinet 13",
      "thought": "I am now in/on: cabinet 13\nCritical objects I have found:\nNone\nObjects I have taken:\nNone\nTo see objects in cabinet 13, I have to open it first."
    },
    {
      "obs": "You open the cabinet 13. The cabinet 13 is open. In it, you see a winebottle 2.",
      "act": "take winebottle 2 from cabinet 13",
      "thought": "I am now in/on: cabinet 13\nCritical objects I have found:\nwinebottle 2 (cabinet 13)\nObjects I have taken:\nNone\nNow I find a winebottle (2). Next, I need to take it."
    },
    {
      "obs": "You pick up the winebottle 2 from the cabinet 13.",
      "act": "go to shelf 3",
      "thought": "I am now in/on: cabinet 13\nCritical objects I have found:\nwinebottle 2 (cabinet 13)\nObjects I have taken:\nwinebottle 2\nNow I have taken the winebottle (2). Next, I need to go to and put it on shelf 3."
    },
    {
      "obs": "You arrive at loc 34. On the shelf 3, you see a statue 1.",
      "act": "put winebottle 2 in/on shelf 3",
      "thought": "I am now in/on: shelf 3\nCritical objects I have found:\nwinebottle 2 (cabinet 13)\nObjects I have taken:\nwinebottle 2\nNow I am at shelf 3. Next, I need to put the winebottle 2 in/on it."
    },
    {
      "obs": "You put the winebottle 2 in/on the shelf 3.",
      "act": "go to cabinet 9"
    }
  ]
}