{
  "task": "put a box in diningtable.",
  "traj": [
    {
      "obs": "You are in the middle of a room. Looking quickly around you, you see a armchair 1, a armchair 2, a armchair 3, a coffeetable 1, a diningtable 1, a diningtable 2, a garbagecan 1, a sofa 1, and a tvstand 1.",
      "act": "go to coffeetable 1",
      "thought": "I am now in/on: the middle of a room\nCritical objects I have found:\nNone\nObjects I have taken:\nNone\nTo solve the task, I need to find and take a box, then put it on a diningtable. First, I need to find a box. A box is more likely to appear on surfaces like coffeetables, diningtables, or tvstands. I can check one by one, starting with coffeetable 1."
    },
    {
      "obs": "You arrive at loc 9. On the coffeetable 1, you see a candle 1, a laptop 1, a statue 1, and a statue 3.",
      "act": "go to tvstand 1",
      "thought": "I am now in/on: coffeetable 1\nCritical objects I have found:\nNone\nObjects I have taken:\nNone\nOn coffeetable 1, there is no box. Next, I need to check tvstand 1."
    },
    {
      "obs": "You arrive at loc 3. On the tvstand 1, you see a remotecontrol 3, a television 1, and a vase 2.",
      "act": "go to diningtable 2",
      "thought": "I am now in/on: tvstand 1\nCritical objects I have found:\nNone\nObjects I have taken:\nNone\nOn tvstand 1, there is no box. Next, I need to check diningtable 2."
    },
    {
      "obs": "You arrive at loc 2. On the diningtable 2, you see a statue 2.",
      "act": "go to armchair 3",
      "thought": "I am now in/on: diningtable 2\nCritical objects I have found:\nNone\nObjects I have taken:\nNone\nOn diningtable 2, there is no box. Next, I need to check other potential locations where a box might be found. Armchairs are less likely to have a box, but I will check armchair 3 as part of the process of elimination."
    },
    {
      "obs": "You arrive at loc 5. On the armchair 3, you see nothing.",
      "act": "go to armchair 1",
      "thought": "I am now in/on: armchair 3\nCritical objects I have found:\nNone\nObjects I have taken:\nNone\nOn armchair 3, there is no box. Next, I need to check armchair 1."
    },
    {
      "obs": "You arrive at loc 10. On the armchair 1, you see a creditcard 2.",
      "act": "go to diningtable 1",
      "thought": "I am now in/on: armchair 1\nCritical objects I have found:\nNone\nObjects I have taken:\nNone\nOn armchair 1, there is no box. Next, I need to check diningtable 1, as it is another likely location for a box to be found."
    },
    {
      "obs": "You arrive at loc 19. On the diningtable 1, you see a plate 1, and a vase 1.",
      "act": "go to garbagecan 1",
      "thought": "I am now in/on: diningtable 1\nCritical objects I have found:\nNone\nObjects I have taken:\nNone\nOn diningtable 1, there is no box. Next, I need to check garbagecan 1, as it might contain discarded items such as a box."
    },
    {
      "obs": "You arrive at loc 24. On the garbagecan 1, you see nothing.",
      "act": "go to sofa 1",
      "thought": "I am now in/on: garbagecan 1\nCritical objects I have found:\nNone\nObjects I have taken:\nNone\nOn garbagecan 1, there is no box. Next, I need to check sofa 1, as it is the last location I haven't checked yet."
    },
    {
      "obs": "You arrive at loc 16. On the sofa 1, you see a box 2, a creditcard 1, a keychain 1, a pillow 1, and a remotecontrol 1.",
      "act": "take box 2 from sofa 1",
      "thought": "I am now in/on: sofa 1\nCritical objects I have found:\nbox 2 (sofa 1)\nObjects I have taken:\nNone\nOn sofa 1, I have found a box (2). Next, I need to take it."
    },
    {
      "obs": "You pick up the box 2 from the sofa 1.",
      "act": "go to diningtable 2",
      "thought": "I am now in/on: sofa 1\nCritical objects I have found:\nbox 2 (sofa 1)\nObjects I have taken:\nbox 2\nNow I have taken the box (2). Next, I need to go to and put it on diningtable 2."
    },
    {
      "obs": "You arrive at loc 2. On the diningtable 2, you see a statue 2.",
      "act": "put box 2 in/on diningtable 2",
      "thought": "I am now in/on: diningtable 2\nCritical objects I have found:\nbox 2 (sofa 1)\nObjects I have taken:\nbox 2\nNow I am at diningtable 2. Next, I need to put the box 2 on it."
    },
    {
      "obs": "You put the box 2 in/on the diningtable 2.",
      "act": "go to coffeetable 1"
    }
  ]
}