{
  "task": "put a egg in microwave.",
  "traj": [
    {
      "obs": "You are in the middle of a room. Looking quickly around you, you see a cabinet 1, a cabinet 2, a coffeemachine 1, a countertop 1, a countertop 2, a countertop 3, a diningtable 1, a drawer 1, a drawer 2, a drawer 3, a drawer 4, a drawer 5, a drawer 6, a fridge 1, a garbagecan 1, a microwave 1, a sinkbasin 1, a stoveburner 1, a stoveburner 2, a stoveburner 3, a stoveburner 4, and a toaster 1.",
      "act": "go to fridge 1",
      "thought": "I am now in/on: the middle of a room\nCritical objects I have found:\nNone\nObjects I have taken:\nNone\nTo solve the task, I need to find and take an egg, then put it in the microwave. First, I need to find an egg. An egg is more likely to be found in the fridge (1), on countertops (1-3), or in garbagecan (1). I will start by checking the fridge 1."
    },
    {
      "obs": "You arrive at loc 26. The fridge 1 is closed.",
      "act": "open fridge 1",
      "thought": "I am now in/on: fridge 1\nCritical objects I have found:\nNone\nObjects I have taken:\nNone\nTo see objects in fridge 1, I have to open it first."
    },
    {
      "obs": "You open the fridge 1. The fridge 1 is open. In it, you see a apple 1, a apple 2, a cup 1, a cup 2, a lettuce 1, and a pot 2.",
      "act": "go to countertop 1",
      "thought": "I am now in/on: fridge 1\nCritical objects I have found:\nNone\nObjects I have taken:\nNone\nIn fridge 1, there is no egg. Next, I need to check countertop 1."
    },
    {
      "obs": "You arrive at loc 20. On the countertop 1, you see nothing.",
      "act": "go to microwave 1",
      "thought": "I am now in/on: countertop 1\nCritical objects I have found:\nNone\nObjects I have taken:\nNone\nOn countertop 1, there is no egg. I should continue searching for an egg, but I mistakenly chose to go to the microwave. I need to find an egg before I can use the microwave. Let's correct this by checking another location where eggs might be found."
    },
    {
      "obs": "You arrive at loc 9. The microwave 1 is closed.",
      "act": "open microwave 1",
      "thought": "I am now in/on: microwave 1\nCritical objects I have found:\nNone\nObjects I have taken:\nNone\nI have mistakenly tried to open the microwave without having an egg. I need to find an egg first. I should continue searching for an egg on the other countertops or in the garbagecan. Let's correct this by checking countertop 2 next."
    },
    {
      "obs": "You open the microwave 1. The microwave 1 is open. In it, you see a potato 2.",
      "act": "go to countertop 2",
      "thought": "I am now in/on: microwave 1\nCritical objects I have found:\nNone\nObjects I have taken:\nNone\nI have opened the microwave but realized I still need to find an egg. I will now check countertop 2 for an egg."
    },
    {
      "obs": "You arrive at loc 4. On the countertop 2, you see a bread 1, a fork 2, a houseplant 1, a knife 1, a ladle 1, a lettuce 2, and a spoon 1.",
      "act": "go to sinkbasin 1",
      "thought": "I am now in/on: countertop 2\nCritical objects I have found:\nNone\nObjects I have taken:\nNone\nOn countertop 2, there is no egg. Next, I need to check sinkbasin 1 for an egg."
    },
    {
      "obs": "You arrive at loc 14. On the sinkbasin 1, you see a butterknife 1, a dishsponge 2, a fork 3, a mug 1, a spatula 1, and a spatula 2.",
      "act": "go to diningtable 1",
      "thought": "I am now in/on: sinkbasin 1\nCritical objects I have found:\nNone\nObjects I have taken:\nNone\nOn sinkbasin 1, there is no egg. Next, I need to check diningtable 1 for an egg."
    },
    {
      "obs": "You arrive at loc 10. On the diningtable 1, you see a bread 2, a butterknife 2, a ladle 2, a pan 1, a plate 2, a plate 3, a saltshaker 2, a tomato 1, and a tomato 2.",
      "act": "go to garbagecan 1",
      "thought": "I am now in/on: diningtable 1\nCritical objects I have found:\nNone\nObjects I have taken:\nNone\nOn diningtable 1, there is no egg. Next, I need to check garbagecan 1 for an egg."
    },
    {
      "obs": "You arrive at loc 17. On the garbagecan 1, you see a dishsponge 1, and a potato 1.",
      "act": "go to countertop 3",
      "thought": "I am now in/on: garbagecan 1\nCritical objects I have found:\nNone\nObjects I have taken:\nNone\nOn garbagecan 1, there is no egg. Next, I need to check countertop 3 for an egg."
    },
    {
      "obs": "You arrive at loc 16. On the countertop 3, you see a egg 1, and a spatula 3.",
      "act": "take egg 1 from countertop 3",
      "thought": "I am now in/on: countertop 3\nCritical objects I have found:\negg 1 (countertop 3)\nObjects I have taken:\nNone\nNow I have found an egg (1) on countertop 3. Next, I need to take it."
    },
    {
      "obs": "You pick up the egg 1 from the countertop 3.",
      "act": "go to microwave 1",
      "thought": "I am now in/on: countertop 3\nCritical objects I have found:\negg 1 (countertop 3)\nObjects I have taken:\negg 1\nNow I have taken the egg (1). Next, I need to go to the microwave and put it in."
    },
    {
      "obs": "You arrive at loc 9. The microwave 1 is closed.",
      "act": "open microwave 1",
      "thought": "I am now in/on: countertop 3\nCritical objects I have found:\negg 1 (countertop 3)\nObjects I have taken:\negg 1\nI am holding the egg and need to put it in the microwave. However, the microwave is closed. I need to open it before I can put the egg inside."
    },
    {
      "obs": "You open the microwave 1. The microwave 1 is open. In it, you see a potato 2.",
      "act": "put egg 1 in/on microwave 1",
      "thought": "I am now in/on: microwave 1\nCritical objects I have found:\negg 1 (countertop 3)\nObjects I have taken:\negg 1\nNow that the microwave is open, I can put the egg (1) inside it."
    },
    {
      "obs": "You put the egg 1 in/on the microwave 1.",
      "act": "close microwave 1"
    }
  ]
}