{
  "task": "put some tomato on microwave.",
  "traj": [
    {
      "obs": "You are in the middle of a room. Looking quickly around you, you see a cabinet 1, a cabinet 10, a cabinet 11, a cabinet 12, a cabinet 13, a cabinet 14, a cabinet 15, a cabinet 16, a cabinet 17, a cabinet 18, a cabinet 19, a cabinet 2, a cabinet 20, a cabinet 21, a cabinet 22, a cabinet 23, a cabinet 24, a cabinet 25, a cabinet 26, a cabinet 3, a cabinet 4, a cabinet 5, a cabinet 6, a cabinet 7, a cabinet 8, a cabinet 9, a coffeemachine 1, a countertop 1, a countertop 2, a countertop 3, a drawer 1, a drawer 10, a drawer 11, a drawer 12, a drawer 2, a drawer 3, a drawer 4, a drawer 5, a drawer 6, a drawer 7, a drawer 8, a drawer 9, a fridge 1, a garbagecan 1, a microwave 1, a sinkbasin 1, a stoveburner 1, a stoveburner 2, a stoveburner 3, a stoveburner 4, and a toaster 1.",
      "act": "go to countertop 2",
      "thought": "I am now in/on: the middle of a room\nCritical objects I have found:\nNone\nObjects I have taken:\nNone\nTo solve the task, I need to find and take a tomato, then put it on the microwave. First, I need to find a tomato. A tomato is more likely to appear on countertops (1-3), in fridges (1), or possibly in cabinets (1-26). I will start by checking countertop 2, as it is one of the closest and most likely places to find a tomato."
    },
    {
      "obs": "You arrive at loc 3. On the countertop 2, you see a butterknife 1, a fork 2, a knife 2, a papertowelroll 1, a pencil 2, a plate 2, and a tomato 2.",
      "act": "take tomato 2 from countertop 2",
      "thought": "I am now in/on: countertop 2\nCritical objects I have found:\ntomato 2 (countertop 2)\nObjects I have taken:\nNone\nI have found a tomato (2) on countertop 2. Next, I need to take it."
    },
    {
      "obs": "You pick up the tomato 2 from the countertop 2.",
      "act": "go to microwave 1",
      "thought": "I am now in/on: countertop 2\nCritical objects I have found:\ntomato 2 (countertop 2)\nObjects I have taken:\ntomato 2\nNow that I have the tomato (2), I need to go to the microwave to put it on there."
    },
    {
      "obs": "You arrive at loc 54. The microwave 1 is closed.",
      "act": "open microwave 1",
      "thought": "I am now in/on: microwave 1\nCritical objects I have found:\ntomato 2 (countertop 2)\nObjects I have taken:\ntomato 2\nBefore I can put the tomato on the microwave, I need to open it to see if there's space on top of it or if it's a model that allows for items to be placed on top when opened."
    },
    {
      "obs": "You open the microwave 1. The microwave 1 is open. In it, you see nothing.",
      "act": "put tomato 2 in/on microwave 1",
      "thought": "I am now in/on: microwave 1\nCritical objects I have found:\ntomato 2 (countertop 2)\nObjects I have taken:\ntomato 2\nThe microwave is open and there is nothing inside. I can now put the tomato on the microwave."
    },
    {
      "obs": "You put the tomato 2 in/on the microwave 1.",
      "act": "close microwave 1"
    }
  ]
}