{
  "task": "put a creditcard in shelf.",
  "traj": [
    {
      "obs": "You are in the middle of a room. Looking quickly around you, you see a bed 1, a desk 1, a drawer 1, a drawer 2, a garbagecan 1, a shelf 1, and a sidetable 1.",
      "act": "go to desk 1",
      "thought": "I am now in/on: the middle of a room\nCritical objects I have found:\nNone\nObjects I have taken:\nNone\nTo solve the task, I need to find and take a credit card, then put it in the shelf. First, I need to find a credit card. A credit card is more likely to appear in places where personal items are kept, such as desks, drawers, and sidetables. I will start by checking desk 1."
    },
    {
      "obs": "You arrive at loc 14. On the desk 1, you see a alarmclock 1, a book 1, a bowl 1, a bowl 2, a cd 1, a cellphone 1, a creditcard 1, a desklamp 1, a houseplant 1, a laptop 1, and a pencil 2.",
      "act": "take creditcard 1 from desk 1",
      "thought": "I am now in/on: desk 1\nCritical objects I have found:\ncreditcard 1 (desk 1)\nObjects I have taken:\nNone\nI have found a credit card on desk 1. Next, I need to take it."
    },
    {
      "obs": "You pick up the creditcard 1 from the desk 1.",
      "act": "go to shelf 1",
      "thought": "I am now in/on: desk 1\nCritical objects I have found:\ncreditcard 1 (desk 1)\nObjects I have taken:\ncreditcard 1\nNow that I have the credit card, I need to put it in the shelf. I will go to shelf 1 next."
    },
    {
      "obs": "You arrive at loc 8. On the shelf 1, you see a pen 1, and a pencil 1.",
      "act": "put creditcard 1 in/on shelf 1",
      "thought": "I am now in/on: shelf 1\nCritical objects I have found:\ncreditcard 1 (desk 1)\nObjects I have taken:\ncreditcard 1\nI am at shelf 1 and I have the credit card. Now I need to put the credit card in/on the shelf."
    },
    {
      "obs": "You put the creditcard 1 in/on the shelf 1.",
      "act": "go to desk 1"
    }
  ]
}