{
  "task": "put a soapbottle in garbagecan.",
  "traj": [
    {
      "obs": "You are in the middle of a room. Looking quickly around you, you see a bathtubbasin 1, a cabinet 1, a cabinet 2, a cabinet 3, a cabinet 4, a countertop 1, a garbagecan 1, a handtowelholder 1, a sinkbasin 1, a sinkbasin 2, a toilet 1, a toiletpaperhanger 1, and a towelholder 1.",
      "act": "go to cabinet 4",
      "thought": "I am now in/on: the middle of a room\nCritical objects I have found:\nNone\nObjects I have taken:\nNone\nTo solve the task, I need to find and take a soapbottle, then put it in the garbagecan. A soapbottle is more likely to appear in cabinets (1-4) or on the countertop (1). I will check one by one, starting with cabinet 4."
    },
    {
      "obs": "You arrive at loc 8. The cabinet 4 is closed.",
      "act": "open cabinet 4",
      "thought": "I am now in/on: cabinet 4\nCritical objects I have found:\nNone\nObjects I have taken:\nNone\nTo see objects in cabinet 4, I have to open it first."
    },
    {
      "obs": "You open the cabinet 4. The cabinet 4 is open. In it, you see a spraybottle 2.",
      "act": "go to countertop 1",
      "thought": "I am now in/on: cabinet 4\nCritical objects I have found:\nNone\nObjects I have taken:\nNone\nIn cabinet 4, there is no soapbottle. Next, I need to check the countertop 1."
    },
    {
      "obs": "You arrive at loc 3. On the countertop 1, you see a mirror 1.",
      "act": "go to cabinet 2",
      "thought": "I am now in/on: countertop 1\nCritical objects I have found:\nNone\nObjects I have taken:\nNone\nOn countertop 1, there is no soapbottle. Next, I need to check cabinet 2."
    },
    {
      "obs": "You arrive at loc 9. The cabinet 2 is closed.",
      "act": "open cabinet 2",
      "thought": "I am now in/on: countertop 1\nCritical objects I have found:\nNone\nObjects I have taken:\nNone\nTo see objects in cabinet 2, I have to open it next."
    },
    {
      "obs": "You open the cabinet 2. The cabinet 2 is open. In it, you see a soapbottle 3.",
      "act": "take soapbottle 3 from cabinet 2",
      "thought": "I am now in/on: cabinet 2\nCritical objects I have found:\nsoapbottle 3 (cabinet 2)\nObjects I have taken:\nNone\nNow I find a soapbottle (3). Next, I need to take it."
    },
    {
      "obs": "You pick up the soapbottle 3 from the cabinet 2.",
      "act": "go to garbagecan 1",
      "thought": "I am now in/on: cabinet 2\nCritical objects I have found:\nsoapbottle 3 (cabinet 2)\nObjects I have taken:\nsoapbottle 3\nNow I have taken the soapbottle (3). Next, I need to go to the garbagecan 1 to complete the task."
    },
    {
      "obs": "You arrive at loc 16. On the garbagecan 1, you see nothing.",
      "act": "put soapbottle 3 in/on garbagecan 1",
      "thought": "I am now in/on: garbagecan 1\nCritical objects I have found:\nsoapbottle 3 (cabinet 2)\nObjects I have taken:\nsoapbottle 3\nNow I am at the garbagecan 1. Next, I need to put the soapbottle 3 in the garbagecan to complete the task."
    },
    {
      "obs": "You put the soapbottle 3 in/on the garbagecan 1.",
      "act": "go to cabinet 4"
    }
  ]
}