{
  "task": "put a handtowel in toilet.",
  "traj": [
    {
      "obs": "You are in the middle of a room. Looking quickly around you, you see a bathtubbasin 1, a drawer 1, a garbagecan 1, a handtowelholder 1, a sidetable 1, a sinkbasin 1, a toilet 1, a toiletpaperhanger 1, a towelholder 1, and a towelholder 2.",
      "act": "go to handtowelholder 1",
      "thought": "I am now in/on: the middle of a room\nCritical objects I have found:\nNone\nObjects I have taken:\nNone\nTo solve the task, I need to find and take a handtowel, then put it in the toilet. First, I need to find a handtowel. A handtowel is likely to be on a handtowelholder. I will check handtowelholder 1 first."
    },
    {
      "obs": "You arrive at loc 4. On the handtowelholder 1, you see a handtowel 1.",
      "act": "take handtowel 1 from handtowelholder 1",
      "thought": "I am now in/on: handtowelholder 1\nCritical objects I have found:\nhandtowel 1 (handtowelholder 1)\nObjects I have taken:\nNone\nNow I find a handtowel (1). Next, I need to take it."
    },
    {
      "obs": "You pick up the handtowel 1 from the handtowelholder 1.",
      "act": "go to toilet 1",
      "thought": "I am now in/on: handtowelholder 1\nCritical objects I have found:\nhandtowel 1 (handtowelholder 1)\nObjects I have taken:\nhandtowel 1\nNow I have taken the handtowel (1). Next, I need to go to the toilet to put it in."
    },
    {
      "obs": "You arrive at loc 3. On the toilet 1, you see a soapbar 1, a soapbar 2, a soapbottle 1, a spraybottle 1, and a toiletpaper 1.",
      "act": "put handtowel 1 in/on toilet 1",
      "thought": "I am now in/on: toilet 1\nCritical objects I have found:\nhandtowel 1 (handtowelholder 1)\nObjects I have taken:\nhandtowel 1\nNow I am at the toilet 1. Next, I need to put the handtowel 1 in/on it."
    },
    {
      "obs": "You put the handtowel 1 in/on the toilet 1.",
      "act": "go to handtowelholder 1"
    }
  ]
}