{
  "task": "put some laptop on sidetable.",
  "traj": [
    {
      "obs": "You are in the middle of a room. Looking quickly around you, you see a armchair 1, a coffeetable 1, a coffeetable 2, a diningtable 1, a drawer 1, a garbagecan 1, a sidetable 1, and a sofa 1.",
      "act": "go to sidetable 1",
      "thought": "I am now in/on: the middle of a room\nCritical objects I have found:\nNone\nObjects I have taken:\nNone\nTo solve the task, I need to find and take a laptop, then put it on the sidetable. First, I need to find a laptop. A laptop is more likely to appear on surfaces like coffeetables, diningtables, or sidetables. I can check one by one, starting with sidetable 1 since it's also the target location for the laptop."
    },
    {
      "obs": "You arrive at loc 20. On the sidetable 1, you see a statue 1.",
      "act": "go to diningtable 1",
      "thought": "I am now in/on: sidetable 1\nCritical objects I have found:\nNone\nObjects I have taken:\nNone\nOn sidetable 1, there is no laptop. Next, I need to check diningtable 1."
    },
    {
      "obs": "You arrive at loc 14. On the diningtable 1, you see a box 1, a plate 1, and a vase 1.",
      "act": "go to coffeetable 1",
      "thought": "I am now in/on: diningtable 1\nCritical objects I have found:\nNone\nObjects I have taken:\nNone\nOn diningtable 1, there is no laptop. Next, I need to check coffeetable 1."
    },
    {
      "obs": "You arrive at loc 4. On the coffeetable 1, you see a laptop 1, a plate 2, a vase 2, and a vase 3.",
      "act": "take laptop 1 from coffeetable 1",
      "thought": "I am now in/on: coffeetable 1\nCritical objects I have found:\nlaptop 1 (coffeetable 1)\nObjects I have taken:\nNone\nNow I find a laptop (1). Next, I need to take it."
    },
    {
      "obs": "You pick up the laptop 1 from the coffeetable 1.",
      "act": "go to sidetable 1",
      "thought": "I am now in/on: coffeetable 1\nCritical objects I have found:\nlaptop 1 (coffeetable 1)\nObjects I have taken:\nlaptop 1\nNow I have taken the laptop (1). Next, I need to go to and put it on sidetable 1."
    },
    {
      "obs": "You pick up the laptop 1 from the coffeetable 1.",
      "act": "put laptop 1 in/on sidetable 1",
      "thought": "I am now in/on: coffeetable 1\nCritical objects I have found:\nlaptop 1 (coffeetable 1)\nObjects I have taken:\nlaptop 1\nNow I have taken the laptop (1). Next, I need to go to and put it on sidetable 1. However, it seems there was an error in the observation as it repeated the action of picking up the laptop. I will proceed as if I am at the sidetable 1 ready to place the laptop."
    },
    {
      "obs": "You put the laptop 1 in/on the sidetable 1.",
      "act": "go to diningtable 1"
    }
  ]
}