{
  "task": "put a tomato in microwave.",
  "traj": [
    {
      "obs": "You are in the middle of a room. Looking quickly around you, you see a cabinet 1, a cabinet 10, a cabinet 11, a cabinet 12, a cabinet 13, a cabinet 14, a cabinet 15, a cabinet 16, a cabinet 17, a cabinet 18, a cabinet 2, a cabinet 3, a cabinet 4, a cabinet 5, a cabinet 6, a cabinet 7, a cabinet 8, a cabinet 9, a coffeemachine 1, a countertop 1, a countertop 2, a countertop 3, a countertop 4, a drawer 1, a drawer 2, a drawer 3, a drawer 4, a drawer 5, a drawer 6, a drawer 7, a fridge 1, a garbagecan 1, a microwave 1, a sinkbasin 1, a stoveburner 1, a stoveburner 2, a stoveburner 3, a stoveburner 4, and a toaster 1.",
      "act": "go to countertop 4",
      "thought": "I am now in/on: the middle of a room\nCritical objects I have found:\nNone\nObjects I have taken:\nNone\nTo solve the task, I need to find and take a tomato, then put it in the microwave. First, I need to find a tomato. A tomato is more likely to appear on countertops (1-4), in fridges (1), or on dining tables (if any were present). I can check one by one, starting with countertop 4."
    },
    {
      "obs": "You arrive at loc 2. On the countertop 4, you see a butterknife 2, a dishsponge 1, a glassbottle 1, a knife 3, a lettuce 1, and a peppershaker 2.",
      "act": "go to countertop 1",
      "thought": "I am now in/on: countertop 4\nCritical objects I have found:\nNone\nObjects I have taken:\nNone\nOn countertop 4, there is no tomato. Next, I need to check countertop 1."
    },
    {
      "obs": "You arrive at loc 29. On the countertop 1, you see a bread 1, a cup 2, a houseplant 1, and a saltshaker 1.",
      "act": "go to garbagecan 1",
      "thought": "I am now in/on: countertop 1\nCritical objects I have found:\nNone\nObjects I have taken:\nNone\nOn countertop 1, there is no tomato. Next, I need to check the garbagecan 1, as sometimes food items can be found there, although it's less likely to find a fresh tomato needed for the task."
    },
    {
      "obs": "You arrive at loc 41. On the garbagecan 1, you see a apple 2, and a spraybottle 1.",
      "act": "go to fridge 1",
      "thought": "I am now in/on: garbagecan 1\nCritical objects I have found:\nNone\nObjects I have taken:\nNone\nIn the garbagecan 1, there is no tomato. Next, I need to check the fridge 1, as tomatoes are often stored in the fridge."
    },
    {
      "obs": "You arrive at loc 33. The fridge 1 is closed.",
      "act": "open fridge 1",
      "thought": "I am now in/on: garbagecan 1\nCritical objects I have found:\nNone\nObjects I have taken:\nNone\nTo see objects in fridge 1, I have to open it first. Tomatoes are commonly stored in fridges to keep them fresh."
    },
    {
      "obs": "You open the fridge 1. The fridge 1 is open. In it, you see a cup 1, a potato 1, a potato 2, and a tomato 1.",
      "act": "take tomato 1 from fridge 1",
      "thought": "I am now in/on: fridge 1\nCritical objects I have found:\ntomato 1 (fridge 1)\nObjects I have taken:\nNone\nNow I find a tomato (1) in the fridge. Next, I need to take it."
    },
    {
      "obs": "You pick up the tomato 1 from the fridge 1.",
      "act": "go to microwave 1",
      "thought": "I am now in/on: fridge 1\nCritical objects I have found:\ntomato 1 (fridge 1)\nObjects I have taken:\ntomato 1\nNow I have taken a tomato (1). Next, I need to go to the microwave to put the tomato in it."
    },
    {
      "obs": "You arrive at loc 35. The microwave 1 is closed.",
      "act": "open microwave 1",
      "thought": "I am now in/on: microwave 1\nCritical objects I have found:\ntomato 1 (fridge 1)\nObjects I have taken:\ntomato 1\nBefore I can put the tomato in the microwave, I need to open it since it is closed."
    },
    {
      "obs": "You open the microwave 1. The microwave 1 is open. In it, you see a apple 1.",
      "act": "put tomato 1 in/on microwave 1",
      "thought": "I am now in/on: microwave 1\nCritical objects I have found:\ntomato 1 (fridge 1)\nObjects I have taken:\ntomato 1\nNow the microwave is open and I can put the tomato in it."
    },
    {
      "obs": "You put the tomato 1 in/on the microwave 1.",
      "act": "close microwave 1"
    }
  ]
}