{
  "task": "put a pan in diningtable.",
  "traj": [
    {
      "obs": "You are in the middle of a room. Looking quickly around you, you see a cabinet 1, a cabinet 10, a cabinet 11, a cabinet 2, a cabinet 3, a cabinet 4, a cabinet 5, a cabinet 6, a cabinet 7, a cabinet 8, a cabinet 9, a coffeemachine 1, a countertop 1, a countertop 2, a diningtable 1, a drawer 1, a drawer 2, a drawer 3, a fridge 1, a garbagecan 1, a microwave 1, a sinkbasin 1, a stoveburner 1, a stoveburner 2, a stoveburner 3, a stoveburner 4, and a toaster 1.",
      "act": "go to cabinet 9",
      "thought": "I am now in/on: the middle of a room\nCritical objects I have found:\nNone\nObjects I have taken:\nNone\nTo solve the task, I need to find and take a pan, then put it on the diningtable. Pans are typically found in cabinets or drawers in a kitchen. I will start by checking cabinet 9."
    },
    {
      "obs": "You arrive at loc 11. The cabinet 9 is closed.",
      "act": "open cabinet 9",
      "thought": "I am now in/on: cabinet 9\nCritical objects I have found:\nNone\nObjects I have taken:\nNone\nTo see objects in cabinet 9, I have to open it first."
    },
    {
      "obs": "You open the cabinet 9. The cabinet 9 is open. In it, you see a soapbottle 2.",
      "act": "go to stoveburner 1",
      "thought": "I am now in/on: cabinet 9\nCritical objects I have found:\nNone\nObjects I have taken:\nNone\nIn cabinet 9, there is no pan. Pans are often used on stoveburners, so I will check near stoveburner 1 to see if there is a pan there."
    },
    {
      "obs": "You arrive at loc 30. On the stoveburner 1, you see a pot 1.",
      "act": "go to countertop 1",
      "thought": "I am now in/on: stoveburner 1\nCritical objects I have found:\nNone\nObjects I have taken:\nNone\nOn stoveburner 1, there is a pot but no pan. Next, I need to check countertop 1, as pans might be left there after use or cleaning."
    },
    {
      "obs": "You arrive at loc 23. On the countertop 1, you see a apple 2, a butterknife 1, a butterknife 2, a fork 2, a fork 3, a lettuce 1, a plate 1, a spatula 1, a spoon 1, and a tomato 1.",
      "act": "go to cabinet 10",
      "thought": "I am now in/on: countertop 1\nCritical objects I have found:\nNone\nObjects I have taken:\nNone\nOn countertop 1, there is no pan. Next, I will check cabinet 10 to continue searching for a pan."
    },
    {
      "obs": "You arrive at loc 5. On the cabinet 10, you see nothing.",
      "act": "go to drawer 3",
      "thought": "I am now in/on: cabinet 10\nCritical objects I have found:\nNone\nObjects I have taken:\nNone\nIn cabinet 10, there is no pan. Next, I need to check drawer 3, as pans can also be stored in drawers."
    },
    {
      "obs": "You arrive at loc 1. The drawer 3 is closed.",
      "act": "open drawer 3",
      "thought": "I am now in/on: drawer 3\nCritical objects I have found:\nNone\nObjects I have taken:\nNone\nTo see objects in drawer 3, I have to open it first."
    },
    {
      "obs": "You open the drawer 3. The drawer 3 is open. In it, you see a spatula 2.",
      "act": "go to stoveburner 4",
      "thought": "I am now in/on: drawer 3\nCritical objects I have found:\nNone\nObjects I have taken:\nNone\nIn drawer 3, there is no pan. Pans are often used on stoveburners, so I will check near stoveburner 4 to see if there is a pan there."
    },
    {
      "obs": "You arrive at loc 32. On the stoveburner 4, you see a pan 1.",
      "act": "take pan 1 from stoveburner 4",
      "thought": "I am now in/on: stoveburner 4\nCritical objects I have found:\npan 1 (stoveburner 4)\nObjects I have taken:\nNone\nNow I find a pan (1) on stoveburner 4. Next, I need to take it."
    },
    {
      "obs": "You pick up the pan 1 from the stoveburner 4.",
      "act": "go to diningtable 1",
      "thought": "I am now in/on: stoveburner 4\nCritical objects I have found:\npan 1 (stoveburner 4)\nObjects I have taken:\npan 1\nNow I have taken the pan (1). Next, I need to go to the diningtable 1 to put the pan on it."
    },
    {
      "obs": "You arrive at loc 15. On the diningtable 1, you see nothing.",
      "act": "put pan 1 in/on diningtable 1",
      "thought": "I am now in/on: diningtable 1\nCritical objects I have found:\npan 1 (stoveburner 4)\nObjects I have taken:\npan 1\nNow I am at the diningtable 1. Next, I need to put the pan 1 on it."
    },
    {
      "obs": "You put the pan 1 in/on the diningtable 1.",
      "act": "go to cabinet 9"
    }
  ]
}