{
  "task": "put some vase on safe.",
  "traj": [
    {
      "obs": "You are in the middle of a room. Looking quickly around you, you see a armchair 1, a coffeetable 1, a desk 1, a diningtable 1, a drawer 1, a drawer 2, a drawer 3, a drawer 4, a drawer 5, a drawer 6, a garbagecan 1, a safe 1, a shelf 1, a shelf 2, a shelf 3, a sofa 1, a sofa 2, and a tvstand 1.",
      "act": "go to diningtable 1",
      "thought": "I am now in/on: the middle of a room\nCritical objects I have found:\nNone\nObjects I have taken:\nNone\nTo solve the task, I need to find and take a vase, then put it on the safe. First, I need to find a vase. A vase is more likely to appear on surfaces like diningtable (1), coffeetable (1), shelf (1-3), or inside storage units like drawers (1-6) or the tvstand (1). I will start by checking the diningtable 1."
    },
    {
      "obs": "You arrive at loc 4. On the diningtable 1, you see a cellphone 1, and a vase 1.",
      "act": "take vase 1 from diningtable 1",
      "thought": "I am now in/on: diningtable 1\nCritical objects I have found:\nvase 1 (diningtable 1)\nObjects I have taken:\nNone\nI have found a vase (1) on the diningtable 1. Next, I need to take it."
    },
    {
      "obs": "You pick up the vase 1 from the diningtable 1.",
      "act": "go to safe 1",
      "thought": "I am now in/on: diningtable 1\nCritical objects I have found:\nvase 1 (diningtable 1)\nObjects I have taken:\nvase 1\nNow that I have the vase (1), I need to go to the safe and put it on there."
    },
    {
      "obs": "You arrive at loc 10. The safe 1 is closed.",
      "act": "open safe 1",
      "thought": "I am now in/on: safe 1\nCritical objects I have found:\nvase 1 (diningtable 1)\nObjects I have taken:\nvase 1\nThe safe is closed, but I don't need to open it to put the vase on top of it. I just need to place the vase on the safe."
    },
    {
      "obs": "You open the safe 1. The safe 1 is open. In it, you see nothing.",
      "act": "put vase 1 in/on safe 1",
      "thought": "I am now in/on: safe 1\nCritical objects I have found:\nvase 1 (diningtable 1)\nObjects I have taken:\nvase 1\nI have opened the safe, but my task is to put the vase on the safe, not inside it. I will proceed to place the vase on top of the safe."
    },
    {
      "obs": "You put the vase 1 in/on the safe 1.",
      "act": "close safe 1"
    }
  ]
}