{
  "task": "put a keychain in shelf.",
  "traj": [
    {
      "obs": "You are in the middle of a room. Looking quickly around you, you see a bed 1, a desk 1, a drawer 1, a drawer 2, a drawer 3, a drawer 4, a drawer 5, a drawer 6, a garbagecan 1, a shelf 1, a shelf 2, and a sidetable 1.",
      "act": "go to desk 1",
      "thought": "I am now in/on: the middle of a room\nCritical objects I have found:\nNone\nObjects I have taken:\nNone\nTo solve the task, I need to find and take a keychain, then put it in a shelf. First, I need to find a keychain. A keychain is more likely to appear in drawers (1-6), desk (1), sidetable (1), or garbagecan (1). I can check one by one, starting with desk 1."
    },
    {
      "obs": "You arrive at loc 9. On the desk 1, you see a cellphone 2, a cellphone 3, a creditcard 1, a keychain 3, a laptop 1, a mug 1, a pen 1, and a tissuebox 1.",
      "act": "take keychain 3 from desk 1",
      "thought": "I am now in/on: desk 1\nCritical objects I have found:\nkeychain 3 (desk 1)\nObjects I have taken:\nNone\nI have found a keychain (3) on desk 1. Next, I need to take it."
    },
    {
      "obs": "You pick up the keychain 3 from the desk 1.",
      "act": "go to shelf 1",
      "thought": "I am now in/on: desk 1\nCritical objects I have found:\nkeychain 3 (desk 1)\nObjects I have taken:\nkeychain 3\nNow I have taken the keychain (3). Next, I need to go to and put it in a shelf. I will start with shelf 1."
    },
    {
      "obs": "You arrive at loc 21. On the shelf 1, you see a alarmclock 2, a box 1, and a houseplant 1.",
      "act": "put keychain 3 in/on shelf 1",
      "thought": "I am now in/on: shelf 1\nCritical objects I have found:\nkeychain 3 (desk 1)\nObjects I have taken:\nkeychain 3\nNow I am at shelf 1. Next, I need to put the keychain 3 in/on it."
    },
    {
      "obs": "You put the keychain 3 in/on the shelf 1.",
      "act": "go to desk 1"
    }
  ]
}