{
  "task": "put some creditcard on diningtable.",
  "traj": [
    {
      "obs": "You are in the middle of a room. Looking quickly around you, you see a bed 1, a diningtable 1, a drawer 1, a drawer 2, a drawer 3, a drawer 4, a garbagecan 1, a sidetable 1, and a sidetable 2.",
      "act": "go to sidetable 2",
      "thought": "I am now in/on: the middle of a room\nCritical objects I have found:\nNone\nObjects I have taken:\nNone\nTo solve the task, I need to find and take a credit card, then put it on the dining table. First, I need to find a credit card. A credit card is more likely to appear in drawers (1-4) or sidetables (1-2). I will check one by one, starting with sidetable 2."
    },
    {
      "obs": "You arrive at loc 2. On the sidetable 2, you see a creditcard 2, and a pen 1.",
      "act": "take creditcard 2 from sidetable 2",
      "thought": "I am now in/on: sidetable 2\nCritical objects I have found:\ncreditcard 2 (sidetable 2)\nObjects I have taken:\nNone\nNow I have found a credit card (2) on sidetable 2. Next, I need to take it."
    },
    {
      "obs": "You pick up the creditcard 2 from the sidetable 2.",
      "act": "go to diningtable 1",
      "thought": "I am now in/on: sidetable 2\nCritical objects I have found:\ncreditcard 2 (sidetable 2)\nObjects I have taken:\ncreditcard 2\nNow I have taken the credit card (2). Next, I need to go to the dining table and put it there."
    },
    {
      "obs": "You arrive at loc 8. On the diningtable 1, you see a alarmclock 1, a book 1, a cd 3, a cellphone 2, a cellphone 3, a keychain 1, a mug 1, a pen 2, a pen 3, and a pencil 1.",
      "act": "put creditcard 2 in/on diningtable 1",
      "thought": "I am now in/on: diningtable 1\nCritical objects I have found:\ncreditcard 2 (sidetable 2)\nObjects I have taken:\ncreditcard 2\nNow I am at the dining table 1. Next, I need to put the credit card (2) on it."
    },
    {
      "obs": "You put the creditcard 2 in/on the diningtable 1.",
      "act": "go to sidetable 2"
    }
  ]
}