{
  "task": "put some toiletpaper on toiletpaperhanger.",
  "traj": [
    {
      "obs": "You are in the middle of a room. Looking quickly around you, you see a bathtubbasin 1, a cabinet 1, a cabinet 2, a cabinet 3, a cabinet 4, a countertop 1, a drawer 1, a drawer 2, a drawer 3, a drawer 4, a dresser 1, a garbagecan 1, a handtowelholder 1, a sinkbasin 1, a sinkbasin 2, a toilet 1, a toiletpaperhanger 1, and a towelholder 1.",
      "act": "go to cabinet 1",
      "thought": "I am now in/on: the middle of a room\nCritical objects I have found:\nNone\nObjects I have taken:\nNone\nTo solve the task, I need to find and take some toiletpaper, then put it on the toiletpaperhanger. First, I need to find toiletpaper. Toiletpaper is more likely to appear in cabinets (1-4), drawers (1-4), or possibly on the countertop (1). I will check one by one, starting with cabinet 1."
    },
    {
      "obs": "You arrive at loc 11. The cabinet 1 is closed.",
      "act": "open cabinet 1",
      "thought": "I am now in/on: cabinet 1\nCritical objects I have found:\nNone\nObjects I have taken:\nNone\nTo see objects in cabinet 1, I have to open it first."
    },
    {
      "obs": "You open the cabinet 1. The cabinet 1 is open. In it, you see a cloth 2.",
      "act": "go to cabinet 4",
      "thought": "I am now in/on: cabinet 1\nCritical objects I have found:\nNone\nObjects I have taken:\nNone\nIn cabinet 1, there is no toiletpaper. Next, I need to check cabinet 4."
    },
    {
      "obs": "You arrive at loc 10. The cabinet 4 is closed.",
      "act": "open cabinet 4",
      "thought": "I am now in/on: cabinet 1\nCritical objects I have found:\nNone\nObjects I have taken:\nNone\nIn cabinet 1, there is no toiletpaper. Next, I need to check cabinet 4, which is also closed, so I will need to open it to see if there is toiletpaper inside."
    },
    {
      "obs": "You open the cabinet 4. The cabinet 4 is open. In it, you see a candle 3, and a soapbar 2.",
      "act": "go to countertop 1",
      "thought": "I am now in/on: cabinet 4\nCritical objects I have found:\nNone\nObjects I have taken:\nNone\nIn cabinet 4, there is no toiletpaper. Next, I need to check the countertop 1."
    },
    {
      "obs": "You arrive at loc 8. On the countertop 1, you see a soapbar 1, and a spraybottle 2.",
      "act": "go to cabinet 2",
      "thought": "I am now in/on: countertop 1\nCritical objects I have found:\nNone\nObjects I have taken:\nNone\nOn countertop 1, there is no toiletpaper. Next, I need to check cabinet 2."
    },
    {
      "obs": "You arrive at loc 12. The cabinet 2 is closed.",
      "act": "open cabinet 2",
      "thought": "I am now in/on: countertop 1\nCritical objects I have found:\nNone\nObjects I have taken:\nNone\nOn countertop 1, there is no toiletpaper. Next, I need to open cabinet 2 to see if there is toiletpaper inside."
    },
    {
      "obs": "You open the cabinet 2. The cabinet 2 is open. In it, you see nothing.",
      "act": "go to toilet 1",
      "thought": "I am now in/on: cabinet 2\nCritical objects I have found:\nNone\nObjects I have taken:\nNone\nIn cabinet 2, there is no toiletpaper. Next, I need to check the toilet 1 area, although toiletpaper is unlikely to be there, it's worth a quick look before proceeding to the remaining cabinets and drawers."
    },
    {
      "obs": "You arrive at loc 16. On the toilet 1, you see a candle 2, and a toiletpaper 2.",
      "act": "take toiletpaper 2 from toilet 1",
      "thought": "I am now in/on: toilet 1\nCritical objects I have found:\ntoiletpaper 2 (toilet 1)\nObjects I have taken:\nNone\nNow I find some toiletpaper (2). Next, I need to take it."
    },
    {
      "obs": "You pick up the toiletpaper 2 from the toilet 1.",
      "act": "go to toiletpaperhanger 1",
      "thought": "I am now in/on: toilet 1\nCritical objects I have found:\ntoiletpaper 2 (toilet 1)\nObjects I have taken:\ntoiletpaper 2\nNow I have taken the toiletpaper (2). Next, I need to go to and put it on the toiletpaperhanger 1."
    },
    {
      "obs": "You arrive at loc 7. On the toiletpaperhanger 1, you see nothing.",
      "act": "put toiletpaper 2 in/on toiletpaperhanger 1",
      "thought": "I am now in/on: toiletpaperhanger 1\nCritical objects I have found:\ntoiletpaper 2 (toilet 1)\nObjects I have taken:\ntoiletpaper 2\nNow I am at the toiletpaperhanger 1. Next, I need to put the toiletpaper 2 on it."
    },
    {
      "obs": "You put the toiletpaper 2 in/on the toiletpaperhanger 1.",
      "act": "go to cabinet 1"
    }
  ]
}