{
  "task": "put some keychain on armchair.",
  "traj": [
    {
      "obs": "You are in the middle of a room. Looking quickly around you, you see a armchair 1, a coffeetable 1, a garbagecan 1, a shelf 1, a shelf 2, a sidetable 1, a sofa 1, and a sofa 2.",
      "act": "go to shelf 2",
      "thought": "I am now in/on: the middle of a room\nCritical objects I have found:\nNone\nObjects I have taken:\nNone\nTo solve the task, I need to find and take a keychain, then put it on the armchair. First, I need to find a keychain. A keychain is more likely to appear on surfaces such as shelves, coffee tables, side tables, or possibly inside a garbage can. I will start by checking shelf 2."
    },
    {
      "obs": "You arrive at loc 8. On the shelf 2, you see a newspaper 2, a statue 1, a statue 2, and a statue 3.",
      "act": "go to sofa 2",
      "thought": "I am now in/on: shelf 2\nCritical objects I have found:\nNone\nObjects I have taken:\nNone\nOn shelf 2, there is no keychain. Next, I need to check sofa 2, as sometimes small items like keychains can be found on or around sofas."
    },
    {
      "obs": "You arrive at loc 18. On the sofa 2, you see a creditcard 2, and a pillow 2.",
      "act": "go to shelf 1",
      "thought": "I am now in/on: sofa 2\nCritical objects I have found:\nNone\nObjects I have taken:\nNone\nOn sofa 2, there is no keychain. Next, I need to check shelf 1, as it is another place where a keychain might be placed."
    },
    {
      "obs": "You arrive at loc 4. On the shelf 1, you see a newspaper 3, and a plate 2.",
      "act": "go to sidetable 1",
      "thought": "I am now in/on: shelf 1\nCritical objects I have found:\nNone\nObjects I have taken:\nNone\nOn shelf 1, there is no keychain. Next, I need to check sidetable 1, as it is another common place for small items like keychains to be placed."
    },
    {
      "obs": "You arrive at loc 10. On the sidetable 1, you see a creditcard 3, a keychain 2, and a keychain 3.",
      "act": "take keychain 3 from sidetable 1",
      "thought": "I am now in/on: sidetable 1\nCritical objects I have found:\nkeychain 3 (sidetable 1)\nObjects I have taken:\nNone\nNow I have found a keychain (3) on the sidetable 1. Next, I need to take it."
    },
    {
      "obs": "You pick up the keychain 3 from the sidetable 1.",
      "act": "go to armchair 1",
      "thought": "I am now in/on: sidetable 1\nCritical objects I have found:\nkeychain 3 (sidetable 1)\nObjects I have taken:\nkeychain 3\nNow I have taken the keychain (3). Next, I need to go to the armchair and put the keychain on it."
    },
    {
      "obs": "You arrive at loc 16. On the armchair 1, you see nothing.",
      "act": "put keychain 3 in/on armchair 1",
      "thought": "I am now in/on: armchair 1\nCritical objects I have found:\nkeychain 3 (sidetable 1)\nObjects I have taken:\nkeychain 3\nNow I am at the armchair 1. Next, I need to put the keychain 3 on it."
    },
    {
      "obs": "You put the keychain 3 in/on the armchair 1.",
      "act": "go to shelf 2"
    }
  ]
}