{
  "task": "put a handtowel in garbagecan.",
  "traj": [
    {
      "obs": "You are in the middle of a room. Looking quickly around you, you see a countertop 1, a drawer 1, a drawer 2, a garbagecan 1, a handtowelholder 1, a handtowelholder 2, a sinkbasin 1, a sinkbasin 2, a toilet 1, a toiletpaperhanger 1, and a towelholder 1.",
      "act": "go to handtowelholder 1",
      "thought": "I am now in/on: the middle of a room\nCritical objects I have found:\nNone\nObjects I have taken:\nNone\nTo solve the task, I need to find and take a handtowel, then put it in the garbagecan. First, I need to find a handtowel. A handtowel is likely to be on a handtowelholder. I will check handtowelholder 1 first."
    },
    {
      "obs": "You arrive at loc 1. On the handtowelholder 1, you see a handtowel 1.",
      "act": "take handtowel 1 from handtowelholder 1",
      "thought": "I am now in/on: handtowelholder 1\nCritical objects I have found:\nhandtowel 1 (handtowelholder 1)\nObjects I have taken:\nNone\nI have found a handtowel (1) on handtowelholder 1. Next, I need to take it."
    },
    {
      "obs": "You pick up the handtowel 1 from the handtowelholder 1.",
      "act": "go to garbagecan 1",
      "thought": "I am now in/on: handtowelholder 1\nCritical objects I have found:\nhandtowel 1 (handtowelholder 1)\nObjects I have taken:\nhandtowel 1\nNow that I have taken the handtowel (1), I need to go to the garbagecan to complete the task."
    },
    {
      "obs": "You arrive at loc 10. On the garbagecan 1, you see a spraybottle 2.",
      "act": "put handtowel 1 in/on garbagecan 1",
      "thought": "I am now in/on: garbagecan 1\nCritical objects I have found:\nhandtowel 1 (handtowelholder 1)\nObjects I have taken:\nhandtowel 1\nNow I am at the garbagecan 1. Next, I need to put the handtowel 1 in/on it."
    },
    {
      "obs": "You put the handtowel 1 in/on the garbagecan 1.",
      "act": "go to handtowelholder 1"
    }
  ]
}