{
  "task": "put some cellphone on bed.",
  "traj": [
    {
      "obs": "You are in the middle of a room. Looking quickly around you, you see a armchair 1, a bed 1, a diningtable 1, a drawer 1, a drawer 2, a garbagecan 1, a sidetable 1, and a sidetable 2.",
      "act": "go to sidetable 1",
      "thought": "I am now in/on: the middle of a room\nCritical objects I have found:\nNone\nObjects I have taken:\nNone\nTo solve the task, I need to find and take a cellphone, then put it on the bed. First, I need to find a cellphone. A cellphone is more likely to appear on sidetables (1-2), drawers (1-2), or possibly on the diningtable (1). I can check one by one, starting with sidetable 1."
    },
    {
      "obs": "You arrive at loc 9. On the sidetable 1, you see a creditcard 3, a pen 2, and a pencil 2.",
      "act": "go to sidetable 2",
      "thought": "I am now in/on: sidetable 1\nCritical objects I have found:\nNone\nObjects I have taken:\nNone\nOn sidetable 1, there is no cellphone. Next, I need to check sidetable 2."
    },
    {
      "obs": "You arrive at loc 8. On the sidetable 2, you see a alarmclock 2.",
      "act": "go to drawer 1",
      "thought": "I am now in/on: sidetable 2\nCritical objects I have found:\nNone\nObjects I have taken:\nNone\nOn sidetable 2, there is no cellphone. Next, I need to check drawer 1."
    },
    {
      "obs": "You arrive at loc 5. The drawer 1 is closed.",
      "act": "open drawer 1",
      "thought": "I am now in/on: sidetable 2\nCritical objects I have found:\nNone\nObjects I have taken:\nNone\nTo see objects in drawer 1, I have to open it first."
    },
    {
      "obs": "You open the drawer 1. The drawer 1 is open. In it, you see nothing.",
      "act": "go to drawer 2",
      "thought": "I am now in/on: drawer 1\nCritical objects I have found:\nNone\nObjects I have taken:\nNone\nIn drawer 1, there is no cellphone. Next, I need to check drawer 2."
    },
    {
      "obs": "You arrive at loc 8. The drawer 2 is closed.",
      "act": "open drawer 2",
      "thought": "I am now in/on: drawer 1\nCritical objects I have found:\nNone\nObjects I have taken:\nNone\nDrawer 1 is empty. Now I need to open drawer 2 to check for a cellphone."
    },
    {
      "obs": "You open the drawer 2. The drawer 2 is open. In it, you see a cd 1, and a creditcard 2.",
      "act": "go to diningtable 1",
      "thought": "I am now in/on: drawer 2\nCritical objects I have found:\nNone\nObjects I have taken:\nNone\nIn drawer 2, there is no cellphone. Next, I need to check the diningtable 1."
    },
    {
      "obs": "You arrive at loc 11. On the diningtable 1, you see a alarmclock 1, a book 1, a creditcard 1, a pen 1, a pencil 1, a tissuebox 1, a tissuebox 2, and a tissuebox 3.",
      "act": "go to armchair 1",
      "thought": "I am now in/on: diningtable 1\nCritical objects I have found:\nNone\nObjects I have taken:\nNone\nOn diningtable 1, there is no cellphone. Next, I need to check the armchair 1, as sometimes personal items like cellphones can be found on or near seating furniture."
    },
    {
      "obs": "You arrive at loc 4. On the armchair 1, you see a cellphone 1.",
      "act": "take cellphone 1 from armchair 1",
      "thought": "I am now in/on: armchair 1\nCritical objects I have found:\ncellphone 1 (armchair 1)\nObjects I have taken:\nNone\nNow I have found a cellphone (1) on the armchair 1. Next, I need to take it."
    },
    {
      "obs": "You pick up the cellphone 1 from the armchair 1.",
      "act": "go to bed 1",
      "thought": "I am now in/on: armchair 1\nCritical objects I have found:\ncellphone 1 (armchair 1)\nObjects I have taken:\ncellphone 1\nNow I have taken the cellphone (1). Next, I need to go to the bed and put it on the bed."
    },
    {
      "obs": "You arrive at loc 15. On the bed 1, you see a book 2, a laptop 1, a pillow 1, and a pillow 2.",
      "act": "put cellphone 1 in/on bed 1",
      "thought": "I am now in/on: bed 1\nCritical objects I have found:\ncellphone 1 (armchair 1)\nObjects I have taken:\ncellphone 1\nNow I am at the bed 1 with the cellphone (1). Next, I need to put the cellphone on the bed."
    },
    {
      "obs": "You put the cellphone 1 in/on the bed 1.",
      "act": "go to sidetable 1"
    }
  ]
}