{
  "task": "put a creditcard in armchair.",
  "traj": [
    {
      "obs": "You are in the middle of a room. Looking quickly around you, you see a armchair 1, a coffeetable 1, a garbagecan 1, a sidetable 1, a sofa 1, and a tvstand 1.",
      "act": "go to armchair 1",
      "thought": "I am now in/on: the middle of a room\nCritical objects I have found:\nNone\nObjects I have taken:\nNone\nTo solve the task, I need to find and take a creditcard, then put it in the armchair. First, I need to find a creditcard. A creditcard is more likely to appear in places where personal items are kept, such as sidetables, coffeetables, or tvstands. I can check one by one, starting with armchair 1 since I am already directed to go there."
    },
    {
      "obs": "You arrive at loc 9. On the armchair 1, you see a laptop 1.",
      "act": "go to sofa 1",
      "thought": "I am now in/on: armchair 1\nCritical objects I have found:\nNone\nObjects I have taken:\nNone\nOn armchair 1, there is no creditcard. Next, I need to check sofa 1, as it is another common place where personal items might be found."
    },
    {
      "obs": "You arrive at loc 3. On the sofa 1, you see a book 3, and a pillow 1.",
      "act": "go to coffeetable 1",
      "thought": "I am now in/on: sofa 1\nCritical objects I have found:\nNone\nObjects I have taken:\nNone\nOn sofa 1, there is no creditcard. Next, I need to check coffeetable 1, as it is another common place where personal items might be placed."
    },
    {
      "obs": "You arrive at loc 1. On the coffeetable 1, you see a book 2, a houseplant 1, a statue 2, and a watch 2.",
      "act": "go to sidetable 1",
      "thought": "I am now in/on: coffeetable 1\nCritical objects I have found:\nNone\nObjects I have taken:\nNone\nOn coffeetable 1, there is no creditcard. Next, I need to check sidetable 1, as it is another common place where personal items such as creditcards might be kept."
    },
    {
      "obs": "You arrive at loc 12. On the sidetable 1, you see a book 1, a box 1, a creditcard 1, a remotecontrol 1, and a watch 1.",
      "act": "take creditcard 1 from sidetable 1",
      "thought": "I am now in/on: sidetable 1\nCritical objects I have found:\ncreditcard 1 (sidetable 1)\nObjects I have taken:\nNone\nNow I have found a creditcard (1) on the sidetable 1. Next, I need to take it."
    },
    {
      "obs": "You pick up the creditcard 1 from the sidetable 1.",
      "act": "go to armchair 1",
      "thought": "I am now in/on: sidetable 1\nCritical objects I have found:\ncreditcard 1 (sidetable 1)\nObjects I have taken:\ncreditcard 1\nNow I have taken the creditcard (1). Next, I need to go to and put it in the armchair 1."
    },
    {
      "obs": "You pick up the creditcard 1 from the sidetable 1.",
      "act": "put creditcard 1 in/on armchair 1",
      "thought": "I am now in/on: armchair 1\nCritical objects I have found:\ncreditcard 1 (sidetable 1)\nObjects I have taken:\ncreditcard 1\nNow I am at the armchair 1 with the creditcard 1. Next, I need to put the creditcard in/on the armchair 1."
    },
    {
      "obs": "You put the creditcard 1 in/on the armchair 1.",
      "act": "go to sofa 1"
    }
  ]
}