{
  "task": "put some pencil on shelf.",
  "traj": [
    {
      "obs": "You are in the middle of a room. Looking quickly around you, you see a bed 1, a cabinet 1, a cabinet 2, a cabinet 3, a cabinet 4, a desk 1, a drawer 1, a drawer 2, a garbagecan 1, a shelf 1, and a sidetable 1.",
      "act": "go to drawer 1",
      "thought": "I am now in/on: the middle of a room\nCritical objects I have found:\nNone\nObjects I have taken:\nNone\nTo solve the task, I need to find and take a pencil, then put it on the shelf. First, I need to find a pencil. A pencil is more likely to appear in drawers (1-2), desk (1), or sidetable (1). I can check one by one, starting with drawer 1."
    },
    {
      "obs": "You arrive at loc 16. The drawer 1 is closed.",
      "act": "open drawer 1",
      "thought": "I am now in/on: drawer 1\nCritical objects I have found:\nNone\nObjects I have taken:\nNone\nTo see objects in drawer 1, I have to open it first."
    },
    {
      "obs": "You open the drawer 1. The drawer 1 is open. In it, you see a pencil 2.",
      "act": "take pencil 2 from drawer 1",
      "thought": "I am now in/on: drawer 1\nCritical objects I have found:\npencil 2 (drawer 1)\nObjects I have taken:\nNone\nNow I find a pencil (2). Next, I need to take it."
    },
    {
      "obs": "You pick up the pencil 2 from the drawer 1.",
      "act": "go to shelf 1",
      "thought": "I am now in/on: drawer 1\nCritical objects I have found:\npencil 2 (drawer 1)\nObjects I have taken:\npencil 2\nNow I have taken a pencil (2). Next, I need to go to and put it on shelf 1."
    },
    {
      "obs": "You arrive at loc 9. On the shelf 1, you see a keychain 2, and a pen 1.",
      "act": "put pencil 2 in/on shelf 1",
      "thought": "I am now in/on: shelf 1\nCritical objects I have found:\npencil 2 (drawer 1)\nObjects I have taken:\npencil 2\nNow I am at the shelf 1. Next, I need to put the pencil 2 on it."
    },
    {
      "obs": "You put the pencil 2 in/on the shelf 1.",
      "act": "go to drawer 1"
    }
  ]
}