{
  "task": "put a candle in toilet.",
  "traj": [
    {
      "obs": "You are in the middle of a room. Looking quickly around you, you see a countertop 1, a drawer 1, a drawer 2, a drawer 3, a drawer 4, a drawer 5, a drawer 6, a garbagecan 1, a handtowelholder 1, a handtowelholder 2, a sinkbasin 1, a toilet 1, a toiletpaperhanger 1, a towelholder 1, and a towelholder 2.",
      "act": "go to drawer 4",
      "thought": "I am now in/on: the middle of a room\nCritical objects I have found:\nNone\nObjects I have taken:\nNone\nTo solve the task, I need to find and take a candle, then put it in the toilet. First, I need to find a candle. A candle is more likely to appear in drawers (1-6). I can check one by one, starting with drawer 4."
    },
    {
      "obs": "You arrive at loc 5. The drawer 4 is closed.",
      "act": "open drawer 4",
      "thought": "I am now in/on: drawer 4\nCritical objects I have found:\nNone\nObjects I have taken:\nNone\nTo see objects in drawer 4, I have to open it first."
    },
    {
      "obs": "You open the drawer 4. The drawer 4 is open. In it, you see a candle 1, and a cloth 2.",
      "act": "take candle 1 from drawer 4",
      "thought": "I am now in/on: drawer 4\nCritical objects I have found:\ncandle 1 (drawer 4)\nObjects I have taken:\nNone\nNow I find a candle (1). Next, I need to take it."
    },
    {
      "obs": "You pick up the candle 1 from the drawer 4.",
      "act": "go to toilet 1",
      "thought": "I am now in/on: drawer 4\nCritical objects I have found:\ncandle 1 (drawer 4)\nObjects I have taken:\ncandle 1\nNow I have taken the candle (1). Next, I need to go to the toilet and put it in there."
    },
    {
      "obs": "You arrive at loc 3. On the toilet 1, you see a soapbottle 1.",
      "act": "put candle 1 in/on toilet 1",
      "thought": "I am now in/on: toilet 1\nCritical objects I have found:\ncandle 1 (drawer 4)\nObjects I have taken:\ncandle 1\nNow I am at the toilet 1. Next, I need to put the candle 1 in/on it."
    },
    {
      "obs": "You put the candle 1 in/on the toilet 1.",
      "act": "go to drawer 4"
    }
  ]
}