{
  "task": "put some cellphone on bed.",
  "traj": [
    {
      "obs": "You are in the middle of a room. Looking quickly around you, you see a bed 1, a desk 1, a drawer 1, a drawer 2, a drawer 3, a drawer 4, a drawer 5, a garbagecan 1, a laundryhamper 1, a shelf 1, and a sidetable 1.",
      "act": "go to desk 1",
      "thought": "I am now in/on: the middle of a room\nCritical objects I have found:\nNone\nObjects I have taken:\nNone\nTo solve the task, I need to find and take a cellphone, then put it on the bed. First, I need to find a cellphone. A cellphone is more likely to appear on a desk (1), in drawers (1-5), on a sidetable (1), or possibly in a garbagecan (1). I will start by checking the desk 1."
    },
    {
      "obs": "You arrive at loc 1. On the desk 1, you see a alarmclock 2, a alarmclock 3, a creditcard 2, a desklamp 1, a pen 2, and a pencil 2.",
      "act": "go to drawer 2",
      "thought": "I am now in/on: desk 1\nCritical objects I have found:\nNone\nObjects I have taken:\nNone\nOn desk 1, there is no cellphone. Next, I need to check drawer 2."
    },
    {
      "obs": "You arrive at loc 16. The drawer 2 is closed.",
      "act": "open drawer 2",
      "thought": "I am now in/on: drawer 2\nCritical objects I have found:\nNone\nObjects I have taken:\nNone\nTo see objects in drawer 2, I have to open it first."
    },
    {
      "obs": "You open the drawer 2. The drawer 2 is open. In it, you see nothing.",
      "act": "go to drawer 5",
      "thought": "I am now in/on: drawer 2\nCritical objects I have found:\nNone\nObjects I have taken:\nNone\nDrawer 2 is empty. Next, I need to check drawer 5."
    },
    {
      "obs": "You arrive at loc 5. The drawer 5 is closed.",
      "act": "open drawer 5",
      "thought": "I am now in/on: drawer 5\nCritical objects I have found:\nNone\nObjects I have taken:\nNone\nTo see objects in drawer 5, I have to open it first."
    },
    {
      "obs": "You open the drawer 5. The drawer 5 is open. In it, you see a cellphone 4.",
      "act": "take cellphone 4 from drawer 5",
      "thought": "I am now in/on: drawer 5\nCritical objects I have found:\ncellphone 4 (drawer 5)\nObjects I have taken:\nNone\nNow I find a cellphone (4) in drawer 5. Next, I need to take it."
    },
    {
      "obs": "You pick up the cellphone 4 from the drawer 5.",
      "act": "go to bed 1",
      "thought": "I am now in/on: drawer 5\nCritical objects I have found:\ncellphone 4 (drawer 5)\nObjects I have taken:\ncellphone 4\nNow I have taken the cellphone (4). Next, I need to go to and put it on bed 1."
    },
    {
      "obs": "You arrive at loc 11. On the bed 1, you see a book 1, a book 2, a laptop 1, a laptop 2, a pillow 1, and a teddybear 1.",
      "act": "put cellphone 4 in/on bed 1",
      "thought": "I am now in/on: bed 1\nCritical objects I have found:\ncellphone 4 (drawer 5)\nObjects I have taken:\ncellphone 4\nNow I am at the bed 1. Next, I need to put the cellphone 4 on it."
    },
    {
      "obs": "You put the cellphone 4 in/on the bed 1.",
      "act": "go to desk 1"
    }
  ]
}