{
  "task": "put a box in armchair.",
  "traj": [
    {
      "obs": "You are in the middle of a room. Looking quickly around you, you see a armchair 1, a armchair 2, a coffeetable 1, a drawer 1, a garbagecan 1, a shelf 1, a shelf 2, a shelf 3, a shelf 4, a sidetable 1, a sofa 1, a tvstand 1, and a tvstand 2.",
      "act": "go to drawer 1",
      "thought": "I am now in/on: the middle of a room\nCritical objects I have found:\nNone\nObjects I have taken:\nNone\nTo solve the task, I need to find and take a box, then put it in/on an armchair. First, I need to find a box. A box is more likely to appear in storage spaces such as drawers (1), shelves (1-4), or tvstands (1-2). I will start by checking drawer 1."
    },
    {
      "obs": "You arrive at loc 17. The drawer 1 is closed.",
      "act": "open drawer 1",
      "thought": "I am now in/on: drawer 1\nCritical objects I have found:\nNone\nObjects I have taken:\nNone\nTo see objects in drawer 1, I have to open it first."
    },
    {
      "obs": "You open the drawer 1. The drawer 1 is open. In it, you see a keychain 3.",
      "act": "go to shelf 2",
      "thought": "I am now in/on: drawer 1\nCritical objects I have found:\nNone\nObjects I have taken:\nNone\nIn drawer 1, there is no box. Next, I need to check shelf 2."
    },
    {
      "obs": "You arrive at loc 19. On the shelf 2, you see a pen 2, and a wateringcan 1.",
      "act": "go to sofa 1",
      "thought": "I am now in/on: shelf 2\nCritical objects I have found:\nNone\nObjects I have taken:\nNone\nOn shelf 2, there is no box. I mistakenly said to go to sofa 1, but I should continue checking the other shelves and tvstands for a box. I will correct my action and go to shelf 1 next."
    },
    {
      "obs": "You arrive at loc 8. On the sofa 1, you see a creditcard 1, and a pillow 1.",
      "act": "go to tvstand 2",
      "thought": "I am now in/on: sofa 1\nCritical objects I have found:\nNone\nObjects I have taken:\nNone\nOn sofa 1, there is no box. I need to continue searching for a box. I will check tvstand 2 next."
    },
    {
      "obs": "You arrive at loc 1. On the tvstand 2, you see a box 1, a creditcard 2, and a statue 2.",
      "act": "take box 1 from tvstand 2",
      "thought": "I am now in/on: tvstand 2\nCritical objects I have found:\nbox 1 (tvstand 2)\nObjects I have taken:\nNone\nNow I find a box (1). Next, I need to take it."
    },
    {
      "obs": "You pick up the box 1 from the tvstand 2.",
      "act": "go to armchair 1",
      "thought": "I am now in/on: tvstand 2\nCritical objects I have found:\nbox 1 (tvstand 2)\nObjects I have taken:\nbox 1\nNow I have taken the box (1). Next, I need to go to and put it in/on armchair 1."
    },
    {
      "obs": "You arrive at loc 18. On the armchair 1, you see nothing.",
      "act": "put box 1 in/on armchair 1",
      "thought": "I am now in/on: armchair 1\nCritical objects I have found:\nbox 1 (tvstand 2)\nObjects I have taken:\nbox 1\nNow I am at armchair 1. Next, I need to put the box 1 in/on it."
    },
    {
      "obs": "You put the box 1 in/on the armchair 1.",
      "act": "go to drawer 1"
    }
  ]
}