{
  "task": "put a cellphone in desk.",
  "traj": [
    {
      "obs": "You are in the middle of a room. Looking quickly around you, you see a bed 1, a desk 1, a drawer 1, a drawer 2, a drawer 3, a drawer 4, a drawer 5, a drawer 6, a drawer 7, a drawer 8, a dresser 1, a garbagecan 1, a shelf 1, a shelf 2, a shelf 3, a shelf 4, and a shelf 5.",
      "act": "go to shelf 1",
      "thought": "I am now in/on: the middle of a room\nCritical objects I have found:\nNone\nObjects I have taken:\nNone\nTo solve the task, I need to find and take a cellphone, then put it in the desk. First, I need to find a cellphone. A cellphone is more likely to appear on shelves, in drawers, or on a dresser. I will check one by one, starting with shelf 1."
    },
    {
      "obs": "You arrive at loc 23. On the shelf 1, you see nothing.",
      "act": "go to drawer 5",
      "thought": "I am now in/on: shelf 1\nCritical objects I have found:\nNone\nObjects I have taken:\nNone\nOn shelf 1, there is no cellphone. Next, I need to check drawer 5."
    },
    {
      "obs": "You arrive at loc 26. The drawer 5 is closed.",
      "act": "open drawer 5",
      "thought": "I am now in/on: drawer 5\nCritical objects I have found:\nNone\nObjects I have taken:\nNone\nTo see objects in drawer 5, I have to open it first."
    },
    {
      "obs": "You open the drawer 5. The drawer 5 is open. In it, you see a cd 2, and a creditcard 1.",
      "act": "go to drawer 7",
      "thought": "I am now in/on: drawer 5\nCritical objects I have found:\nNone\nObjects I have taken:\nNone\nIn drawer 5, there is no cellphone. Next, I need to check drawer 7."
    },
    {
      "obs": "You arrive at loc 3. On the drawer 7, you see a cd 3.",
      "act": "go to drawer 4",
      "thought": "I am now in/on: drawer 7\nCritical objects I have found:\nNone\nObjects I have taken:\nNone\nIn drawer 7, there is no cellphone. Next, I need to check drawer 4."
    },
    {
      "obs": "You arrive at loc 14. The drawer 4 is closed.",
      "act": "open drawer 4",
      "thought": "I am now in/on: drawer 7\nCritical objects I have found:\nNone\nObjects I have taken:\nNone\nIn drawer 7, there is no cellphone. Next, I need to open and check drawer 4 for a cellphone."
    },
    {
      "obs": "You open the drawer 4. The drawer 4 is open. In it, you see nothing.",
      "act": "go to shelf 5",
      "thought": "I am now in/on: drawer 4\nCritical objects I have found:\nNone\nObjects I have taken:\nNone\nIn drawer 4, there is no cellphone. Next, I need to check shelf 5."
    },
    {
      "obs": "You arrive at loc 4. On the shelf 5, you see a bowl 3.",
      "act": "go to desk 1",
      "thought": "I am now in/on: shelf 5\nCritical objects I have found:\nNone\nObjects I have taken:\nNone\nOn shelf 5, there is no cellphone. Next, I need to check desk 1, as it is possible that the cellphone is already on or in the desk where it needs to be placed."
    },
    {
      "obs": "You arrive at loc 18. On the desk 1, you see a book 1, a keychain 3, and a laptop 1.",
      "act": "go to dresser 1",
      "thought": "I am now in/on: desk 1\nCritical objects I have found:\nNone\nObjects I have taken:\nNone\nOn desk 1, there is no cellphone. Next, I need to check dresser 1."
    },
    {
      "obs": "You arrive at loc 3. On the dresser 1, you see a alarmclock 2, a desklamp 1, and a pencil 2.",
      "act": "go to bed 1",
      "thought": "I am now in/on: dresser 1\nCritical objects I have found:\nNone\nObjects I have taken:\nNone\nOn dresser 1, there is no cellphone. Next, I need to check bed 1, as sometimes cellphones can be found on or near beds."
    },
    {
      "obs": "You arrive at loc 28. On the bed 1, you see a book 2, a cellphone 2, a pillow 1, and a pillow 2.",
      "act": "take cellphone 2 from bed 1",
      "thought": "I am now in/on: bed 1\nCritical objects I have found:\ncellphone 2 (bed 1)\nObjects I have taken:\nNone\nI have found a cellphone (2) on bed 1. Next, I need to take it."
    },
    {
      "obs": "You pick up the cellphone 2 from the bed 1.",
      "act": "go to desk 1",
      "thought": "I am now in/on: bed 1\nCritical objects I have found:\ncellphone 2 (bed 1)\nObjects I have taken:\ncellphone 2\nNow that I have the cellphone (2), I need to go to the desk 1 to put it there as per the task."
    },
    {
      "obs": "You pick up the cellphone 2 from the bed 1.",
      "act": "put cellphone 2 in/on desk 1",
      "thought": "I am now in/on: bed 1\nCritical objects I have found:\ncellphone 2 (bed 1)\nObjects I have taken:\ncellphone 2\nI have the cellphone (2) and I am heading to desk 1 to complete the task."
    },
    {
      "obs": "You put the cellphone 2 in/on the desk 1.",
      "act": "go to shelf 1"
    }
  ]
}