{
  "task": "put some cellphone on desk.",
  "traj": [
    {
      "obs": "You are in the middle of a room. Looking quickly around you, you see a bed 1, a desk 1, a drawer 1, a drawer 2, a drawer 3, a drawer 4, a drawer 5, a drawer 6, a drawer 7, a drawer 8, a dresser 1, a garbagecan 1, a shelf 1, a shelf 2, a shelf 3, a shelf 4, and a shelf 5.",
      "act": "go to shelf 1",
      "thought": "I am now in/on: the middle of a room\nCritical objects I have found:\nNone\nObjects I have taken:\nNone\nTo solve the task, I need to find and take a cellphone, then put it on the desk. First, I need to find a cellphone. A cellphone is more likely to appear on shelves (1-5), in drawers (1-8), on a desk (1), or in a dresser (1). I can check one by one, starting with shelf 1."
    },
    {
      "obs": "You arrive at loc 23. On the shelf 1, you see a bowl 1.",
      "act": "go to drawer 5",
      "thought": "I am now in/on: shelf 1\nCritical objects I have found:\nNone\nObjects I have taken:\nNone\nOn shelf 1, there is no cellphone. Next, I need to check drawer 5, as drawers are common places to store small items like cellphones."
    },
    {
      "obs": "You arrive at loc 26. The drawer 5 is closed.",
      "act": "open drawer 5",
      "thought": "I am now in/on: drawer 5\nCritical objects I have found:\nNone\nObjects I have taken:\nNone\nTo see objects in drawer 5, I have to open it first."
    },
    {
      "obs": "You open the drawer 5. The drawer 5 is open. In it, you see nothing.",
      "act": "go to drawer 7",
      "thought": "I am now in/on: drawer 5\nCritical objects I have found:\nNone\nObjects I have taken:\nNone\nDrawer 5 is empty, so there is no cellphone there. Next, I will check drawer 7 as it might contain small items like a cellphone."
    },
    {
      "obs": "You arrive at loc 4. On the drawer 7, you see a cd 1.",
      "act": "go to drawer 4",
      "thought": "I am now in/on: drawer 7\nCritical objects I have found:\nNone\nObjects I have taken:\nNone\nIn drawer 7, there is no cellphone. Next, I need to check drawer 4."
    },
    {
      "obs": "You arrive at loc 14. The drawer 4 is closed.",
      "act": "open drawer 4",
      "thought": "I am now in/on: drawer 7\nCritical objects I have found:\nNone\nObjects I have taken:\nNone\nDrawer 7 did not contain a cellphone. I will now attempt to open drawer 4 to continue the search for a cellphone."
    },
    {
      "obs": "You open the drawer 4. The drawer 4 is open. In it, you see nothing.",
      "act": "go to shelf 5",
      "thought": "I am now in/on: drawer 4\nCritical objects I have found:\nNone\nObjects I have taken:\nNone\nDrawer 4 is empty, so there is no cellphone there. Next, I will check shelf 5 as it might contain items like a cellphone."
    },
    {
      "obs": "You arrive at loc 5. On the shelf 5, you see a alarmclock 1, a alarmclock 2, and a bowl 3.",
      "act": "go to desk 1",
      "thought": "I am now in/on: shelf 5\nCritical objects I have found:\nNone\nObjects I have taken:\nNone\nOn shelf 5, there is no cellphone. Next, I need to check the desk 1, as it is a common place where one might place a cellphone."
    },
    {
      "obs": "You arrive at loc 18. On the desk 1, you see a book 1, a bowl 2, a creditcard 2, a keychain 3, a pencil 1, and a pencil 2.",
      "act": "go to dresser 1",
      "thought": "I am now in/on: desk 1\nCritical objects I have found:\nNone\nObjects I have taken:\nNone\nOn desk 1, there is no cellphone. Next, I need to check the dresser 1, as it is another common place where one might store a cellphone."
    },
    {
      "obs": "You arrive at loc 4. On the dresser 1, you see a cd 2, a desklamp 1, a keychain 1, a keychain 2, a pen 2, a pen 3, and a pencil 3.",
      "act": "go to bed 1",
      "thought": "I am now in/on: dresser 1\nCritical objects I have found:\nNone\nObjects I have taken:\nNone\nOn dresser 1, there is no cellphone. Next, I need to check the bed 1, as sometimes cellphones can be found near or on beds."
    },
    {
      "obs": "You arrive at loc 28. On the bed 1, you see a cellphone 1, a laptop 1, a laptop 2, and a pillow 1.",
      "act": "take cellphone 1 from bed 1",
      "thought": "I am now in/on: bed 1\nCritical objects I have found:\ncellphone 1 (bed 1)\nObjects I have taken:\nNone\nI have found a cellphone (1) on bed 1. Next, I need to take it."
    },
    {
      "obs": "You pick up the cellphone 1 from the bed 1.",
      "act": "go to desk 1",
      "thought": "I am now in/on: bed 1\nCritical objects I have found:\ncellphone 1 (bed 1)\nObjects I have taken:\ncellphone 1\n\nNow that I have the cellphone (1), I need to go to the desk 1 to complete the task of putting the cellphone on it."
    },
    {
      "obs": "You pick up the cellphone 1 from the bed 1.",
      "act": "put cellphone 1 in/on desk 1",
      "thought": "I am now in/on: bed 1\nCritical objects I have found:\ncellphone 1 (bed 1)\nObjects I have taken:\ncellphone 1\n\nI have taken the cellphone 1 from the bed 1. Now I need to put it on the desk 1 to complete the task."
    },
    {
      "obs": "You put the cellphone 1 in/on the desk 1.",
      "act": "go to shelf 1"
    }
  ]
}