{
  "task": "put some tissuebox on coffeetable.",
  "traj": [
    {
      "obs": "You are in the middle of a room. Looking quickly around you, you see a armchair 1, a armchair 2, a coffeetable 1, a coffeetable 2, a diningtable 1, a garbagecan 1, a sidetable 1, a sidetable 2, and a sofa 1.",
      "act": "go to diningtable 1",
      "thought": "I am now in/on: the middle of a room\nCritical objects I have found:\nNone\nObjects I have taken:\nNone\nTo solve the task, I need to find and take a tissuebox, then put it on a coffeetable. First, I need to find a tissuebox. A tissuebox is more likely to appear on surfaces like diningtables, sidetables, or coffeetables. I will start by checking the diningtable 1."
    },
    {
      "obs": "You arrive at loc 1. On the diningtable 1, you see a box 1, a keychain 1, a newspaper 1, a newspaper 2, a remotecontrol 1, a statue 1, a statue 3, a tissuebox 1, a tissuebox 2, a tissuebox 3, a tissuebox 4, a watch 1, and a watch 2.",
      "act": "take tissuebox 3 from diningtable 1",
      "thought": "I am now in/on: diningtable 1\nCritical objects I have found:\ntissuebox 3 (diningtable 1)\nObjects I have taken:\nNone\nI have found multiple tissueboxes on the diningtable 1. I will take tissuebox 3."
    },
    {
      "obs": "You pick up the tissuebox 3 from the diningtable 1.",
      "act": "go to coffeetable 2",
      "thought": "I am now in/on: diningtable 1\nCritical objects I have found:\ntissuebox 3 (diningtable 1)\nObjects I have taken:\ntissuebox 3\nNow that I have taken tissuebox 3, I need to put it on a coffeetable. I will go to coffeetable 2 to complete the task."
    },
    {
      "obs": "You arrive at loc 20. On the coffeetable 2, you see a candle 1, and a television 1.",
      "act": "put tissuebox 3 in/on coffeetable 2",
      "thought": "I am now in/on: coffeetable 2\nCritical objects I have found:\ntissuebox 3 (diningtable 1)\nObjects I have taken:\ntissuebox 3\nI am at coffeetable 2 and I have the tissuebox 3. Now I need to put the tissuebox 3 on the coffeetable 2 to complete the task."
    },
    {
      "obs": "You put the tissuebox 3 in/on the coffeetable 2.",
      "act": "go to diningtable 1"
    }
  ]
}