{
  "task": "put a soapbottle in garbagecan.",
  "traj": [
    {
      "obs": "You are in the middle of a room. Looking quickly around you, you see a bathtubbasin 1, a cabinet 1, a cabinet 2, a cabinet 3, a cabinet 4, a countertop 1, a drawer 1, a drawer 2, a drawer 3, a drawer 4, a dresser 1, a garbagecan 1, a handtowelholder 1, a sinkbasin 1, a sinkbasin 2, a toilet 1, a toiletpaperhanger 1, and a towelholder 1.",
      "act": "go to cabinet 1",
      "thought": "I am now in/on: the middle of a room\nCritical objects I have found:\nNone\nObjects I have taken:\nNone\nTo solve the task, I need to find and take a soapbottle, then put it in the garbagecan. First, I need to find a soapbottle. A soapbottle is more likely to appear in cabinets (1-4), countertops (1), or sinkbasins (1-2). I will check one by one, starting with cabinet 1."
    },
    {
      "obs": "You arrive at loc 11. The cabinet 1 is closed.",
      "act": "open cabinet 1",
      "thought": "I am now in/on: cabinet 1\nCritical objects I have found:\nNone\nObjects I have taken:\nNone\nTo see objects in cabinet 1, I have to open it first."
    },
    {
      "obs": "You open the cabinet 1. The cabinet 1 is open. In it, you see nothing.",
      "act": "go to cabinet 4",
      "thought": "I am now in/on: cabinet 1\nCritical objects I have found:\nNone\nObjects I have taken:\nNone\nCabinet 1 is empty. Next, I need to check cabinet 4."
    },
    {
      "obs": "You arrive at loc 10. The cabinet 4 is closed.",
      "act": "open cabinet 4",
      "thought": "I am now in/on: cabinet 1\nCritical objects I have found:\nNone\nObjects I have taken:\nNone\nCabinet 1 is empty. Now I need to open cabinet 4 to check for a soapbottle."
    },
    {
      "obs": "You open the cabinet 4. The cabinet 4 is open. In it, you see a spraybottle 2.",
      "act": "go to countertop 1",
      "thought": "I am now in/on: cabinet 4\nCritical objects I have found:\nNone\nObjects I have taken:\nNone\nCabinet 4 does not contain a soapbottle, only a spraybottle. Next, I need to check the countertop 1 for a soapbottle."
    },
    {
      "obs": "You arrive at loc 8. On the countertop 1, you see a soapbottle 2, and a spraybottle 1.",
      "act": "take soapbottle 2 from countertop 1",
      "thought": "I am now in/on: countertop 1\nCritical objects I have found:\nsoapbottle 2 (countertop 1)\nObjects I have taken:\nNone\nI have found a soapbottle (2) on the countertop 1. Next, I need to take it."
    },
    {
      "obs": "You pick up the soapbottle 2 from the countertop 1.",
      "act": "go to garbagecan 1",
      "thought": "I am now in/on: countertop 1\nCritical objects I have found:\nsoapbottle 2 (countertop 1)\nObjects I have taken:\nsoapbottle 2\nNow I have taken the soapbottle (2). Next, I need to go to the garbagecan 1 to put it in."
    },
    {
      "obs": "You arrive at loc 12. On the garbagecan 1, you see nothing.",
      "act": "put soapbottle 2 in/on garbagecan 1",
      "thought": "I am now in/on: garbagecan 1\nCritical objects I have found:\nsoapbottle 2 (countertop 1)\nObjects I have taken:\nsoapbottle 2\nNow I am at the garbagecan 1. Next, I need to put the soapbottle 2 in/on it."
    },
    {
      "obs": "You put the soapbottle 2 in/on the garbagecan 1.",
      "act": "go to cabinet 1"
    }
  ]
}