{
  "task": "put a soapbottle in toilet.",
  "traj": [
    {
      "obs": "You are in the middle of a room. Looking quickly around you, you see a bathtubbasin 1, a cabinet 1, a cabinet 2, a cabinet 3, a cabinet 4, a cabinet 5, a countertop 1, a garbagecan 1, a handtowelholder 1, a handtowelholder 2, a sinkbasin 1, a toilet 1, a toiletpaperhanger 1, and a towelholder 1.",
      "act": "go to cabinet 4",
      "thought": "I am now in/on: the middle of a room\nCritical objects I have found:\nNone\nObjects I have taken:\nNone\nTo solve the task, I need to find and take a soapbottle, then put it in the toilet. First, I need to find a soapbottle. A soapbottle is more likely to appear in cabinets (1-5) or on the countertop (1). I will check the cabinets one by one, starting with cabinet 4."
    },
    {
      "obs": "You arrive at loc 6. The cabinet 4 is closed.",
      "act": "open cabinet 4",
      "thought": "I am now in/on: cabinet 4\nCritical objects I have found:\nNone\nObjects I have taken:\nNone\nTo see objects in cabinet 4, I have to open it first."
    },
    {
      "obs": "You open the cabinet 4. The cabinet 4 is open. In it, you see nothing.",
      "act": "go to cabinet 2",
      "thought": "I am now in/on: cabinet 4\nCritical objects I have found:\nNone\nObjects I have taken:\nNone\nCabinet 4 is empty. Next, I need to check cabinet 2."
    },
    {
      "obs": "You arrive at loc 3. The cabinet 2 is closed.",
      "act": "open cabinet 2",
      "thought": "I am now in/on: cabinet 2\nCritical objects I have found:\nNone\nObjects I have taken:\nNone\nTo see objects in cabinet 2, I have to open it first."
    },
    {
      "obs": "You open the cabinet 2. The cabinet 2 is open. In it, you see nothing.",
      "act": "go to countertop 1",
      "thought": "I am now in/on: cabinet 2\nCritical objects I have found:\nNone\nObjects I have taken:\nNone\nCabinet 2 is empty. Next, I need to check the countertop 1."
    },
    {
      "obs": "You arrive at loc 9. On the countertop 1, you see a soapbar 1, a soapbottle 3, and a toiletpaper 1.",
      "act": "take soapbottle 3 from countertop 1",
      "thought": "I am now in/on: countertop 1\nCritical objects I have found:\nsoapbottle 3 (countertop 1)\nObjects I have taken:\nNone\nI have found a soapbottle (3) on the countertop 1. Next, I need to take it."
    },
    {
      "obs": "You pick up the soapbottle 3 from the countertop 1.",
      "act": "go to toilet 1",
      "thought": "I am now in/on: countertop 1\nCritical objects I have found:\nsoapbottle 3 (countertop 1)\nObjects I have taken:\nsoapbottle 3\nNow I have taken the soapbottle (3). Next, I need to go to the toilet 1 to put it in."
    },
    {
      "obs": "You arrive at loc 4. On the toilet 1, you see a candle 1, and a cloth 1.",
      "act": "put soapbottle 3 in/on toilet 1",
      "thought": "I am now in/on: toilet 1\nCritical objects I have found:\nsoapbottle 3 (countertop 1)\nObjects I have taken:\nsoapbottle 3\nNow I am at the toilet 1. Next, I need to put the soapbottle 3 in/on it."
    },
    {
      "obs": "You put the soapbottle 3 in/on the toilet 1.",
      "act": "go to cabinet 4"
    }
  ]
}