{
  "task": "put a toiletpaper in toiletpaperhanger.",
  "traj": [
    {
      "obs": "You are in the middle of a room. Looking quickly around you, you see a cabinet 1, a cabinet 2, a cabinet 3, a cabinet 4, a countertop 1, a garbagecan 1, a handtowelholder 1, a sinkbasin 1, a sinkbasin 2, a toilet 1, a toiletpaperhanger 1, and a towelholder 1.",
      "act": "go to cabinet 1",
      "thought": "I am now in/on: the middle of a room\nCritical objects I have found:\nNone\nObjects I have taken:\nNone\nTo solve the task, I need to find and take a toiletpaper, then put it in the toiletpaperhanger. First, I need to find a toiletpaper. A toiletpaper is more likely to appear in cabinets (1-4), countertop (1), or near the toilet area. I can check one by one, starting with cabinet 1."
    },
    {
      "obs": "You arrive at loc 10. The cabinet 1 is closed.",
      "act": "open cabinet 1",
      "thought": "I am now in/on: cabinet 1\nCritical objects I have found:\nNone\nObjects I have taken:\nNone\nTo see objects in cabinet 1, I have to open it first."
    },
    {
      "obs": "You open the cabinet 1. The cabinet 1 is open. In it, you see a soapbar 1.",
      "act": "go to countertop 1",
      "thought": "I am now in/on: cabinet 1\nCritical objects I have found:\nNone\nObjects I have taken:\nNone\nIn cabinet 1, there is no toiletpaper. Next, I need to check countertop 1."
    },
    {
      "obs": "You arrive at loc 5. On the countertop 1, you see a soapbottle 1, and a spraybottle 1.",
      "act": "go to cabinet 2",
      "thought": "I am now in/on: countertop 1\nCritical objects I have found:\nNone\nObjects I have taken:\nNone\nOn countertop 1, there is no toiletpaper. Next, I need to check cabinet 2."
    },
    {
      "obs": "You arrive at loc 12. The cabinet 2 is closed.",
      "act": "open cabinet 2",
      "thought": "I am now in/on: cabinet 1\nCritical objects I have found:\nNone\nObjects I have taken:\nNone\nTo see objects in cabinet 2, I have to open it first."
    },
    {
      "obs": "You open the cabinet 2. The cabinet 2 is open. In it, you see a cloth 1.",
      "act": "go to cabinet 3",
      "thought": "I am now in/on: cabinet 2\nCritical objects I have found:\nNone\nObjects I have taken:\nNone\nIn cabinet 2, there is no toiletpaper. Next, I need to check cabinet 3."
    },
    {
      "obs": "You arrive at loc 11. The cabinet 3 is closed.",
      "act": "open cabinet 3",
      "thought": "I am now in/on: cabinet 2\nCritical objects I have found:\nNone\nObjects I have taken:\nNone\nTo see objects in cabinet 3, I have to open it first."
    },
    {
      "obs": "You open the cabinet 3. The cabinet 3 is open. In it, you see a candle 1, and a toiletpaper 1.",
      "act": "take toiletpaper 1 from cabinet 3",
      "thought": "I am now in/on: cabinet 3\nCritical objects I have found:\ntoiletpaper 1 (cabinet 3)\nObjects I have taken:\nNone\nNow I find a toiletpaper (1). Next, I need to take it."
    },
    {
      "obs": "You pick up the toiletpaper 1 from the cabinet 3.",
      "act": "go to toiletpaperhanger 1",
      "thought": "I am now in/on: cabinet 3\nCritical objects I have found:\ntoiletpaper 1 (cabinet 3)\nObjects I have taken:\ntoiletpaper 1\nNow I have taken the toiletpaper (1). Next, I need to go to the toiletpaperhanger and put it there."
    },
    {
      "obs": "You arrive at loc 18. On the toiletpaperhanger 1, you see nothing.",
      "act": "put toiletpaper 1 in/on toiletpaperhanger 1",
      "thought": "I am now in/on: toiletpaperhanger 1\nCritical objects I have found:\ntoiletpaper 1 (cabinet 3)\nObjects I have taken:\ntoiletpaper 1\nNow I am at the toiletpaperhanger 1. Next, I need to put the toiletpaper 1 in/on it."
    },
    {
      "obs": "You put the toiletpaper 1 in/on the toiletpaperhanger 1.",
      "act": "go to cabinet 1"
    }
  ]
}