{
  "task": "put some pencil on desk.",
  "traj": [
    {
      "obs": "You are in the middle of a room. Looking quickly around you, you see a bed 1, a cabinet 1, a cabinet 2, a cabinet 3, a cabinet 4, a desk 1, a drawer 1, a drawer 2, a garbagecan 1, a shelf 1, and a sidetable 1.",
      "act": "go to drawer 1",
      "thought": "I am now in/on: the middle of a room\nCritical objects I have found:\nNone\nObjects I have taken:\nNone\nTo solve the task, I need to find and take a pencil, then put it on the desk. First, I need to find a pencil. A pencil is more likely to appear in drawers (1-2), cabinets (1-4), or on the desk (1). I can check one by one, starting with drawer 1."
    },
    {
      "obs": "You arrive at loc 17. The drawer 1 is closed.",
      "act": "open drawer 1",
      "thought": "I am now in/on: drawer 1\nCritical objects I have found:\nNone\nObjects I have taken:\nNone\nTo see objects in drawer 1, I have to open it first."
    },
    {
      "obs": "You open the drawer 1. The drawer 1 is open. In it, you see a creditcard 2.",
      "act": "go to drawer 2",
      "thought": "I am now in/on: drawer 1\nCritical objects I have found:\nNone\nObjects I have taken:\nNone\nIn drawer 1, there is no pencil. Next, I need to check drawer 2."
    },
    {
      "obs": "You arrive at loc 18. The drawer 2 is closed.",
      "act": "open drawer 2",
      "thought": "I am now in/on: drawer 1\nCritical objects I have found:\nNone\nObjects I have taken:\nNone\nDrawer 1 did not contain a pencil. Now I will open drawer 2 to check for a pencil there."
    },
    {
      "obs": "You open the drawer 2. The drawer 2 is open. In it, you see a cd 1, and a creditcard 1.",
      "act": "go to desk 1",
      "thought": "I am now in/on: drawer 2\nCritical objects I have found:\nNone\nObjects I have taken:\nNone\nDrawer 2 did not contain a pencil either. Now I will check the desk 1, as pencils are often found on desks."
    },
    {
      "obs": "You arrive at loc 9. On the desk 1, you see a alarmclock 2, a box 1, a cd 3, a cellphone 2, a keychain 2, and a pen 3.",
      "act": "go to garbagecan 1",
      "thought": "I am now in/on: desk 1\nCritical objects I have found:\nNone\nObjects I have taken:\nNone\nOn desk 1, there is no pencil. Next, I need to check garbagecan 1, as sometimes pencils can be found there if discarded."
    },
    {
      "obs": "You arrive at loc 19. On the garbagecan 1, you see a cd 2.",
      "act": "go to sidetable 1",
      "thought": "I am now in/on: garbagecan 1\nCritical objects I have found:\nNone\nObjects I have taken:\nNone\nIn garbagecan 1, there is no pencil. Next, I need to check sidetable 1, as pencils can sometimes be placed there temporarily."
    },
    {
      "obs": "You arrive at loc 16. On the sidetable 1, you see a pen 1, a pen 2, and a pencil 1.",
      "act": "take pencil 1 from sidetable 1",
      "thought": "I am now in/on: sidetable 1\nCritical objects I have found:\npencil 1 (sidetable 1)\nObjects I have taken:\nNone\nI have found a pencil on sidetable 1. Next, I need to take it."
    },
    {
      "obs": "You pick up the pencil 1 from the sidetable 1.",
      "act": "go to desk 1",
      "thought": "I am now in/on: sidetable 1\nCritical objects I have found:\npencil 1 (sidetable 1)\nObjects I have taken:\npencil 1\nNow that I have the pencil, I need to go to the desk to complete the task of putting the pencil on it."
    },
    {
      "obs": "You pick up the pencil 1 from the sidetable 1.",
      "act": "put pencil 1 in/on desk 1",
      "thought": "I am now in/on: desk 1\nCritical objects I have found:\npencil 1 (sidetable 1)\nObjects I have taken:\npencil 1\nI have the pencil and I am at the desk. Now I need to put the pencil on the desk to complete the task."
    },
    {
      "obs": "You put the pencil 1 in/on the desk 1.",
      "act": "go to drawer 1"
    }
  ]
}