{
  "task": "put some cd on diningtable.",
  "traj": [
    {
      "obs": "You are in the middle of a room. Looking quickly around you, you see a armchair 1, a armchair 2, a bed 1, a countertop 1, a diningtable 1, a drawer 1, a drawer 2, a dresser 1, a garbagecan 1, a laundryhamper 1, and a sidetable 1.",
      "act": "go to sidetable 1",
      "thought": "I am now in/on: the middle of a room\nCritical objects I have found:\nNone\nObjects I have taken:\nNone\nTo solve the task, I need to find and take a CD, then put it on the diningtable. First, I need to find a CD. A CD is more likely to appear in drawers (1-2), dresser (1), or sidetable (1). I will check these locations starting with sidetable 1."
    },
    {
      "obs": "You arrive at loc 9. On the sidetable 1, you see a mug 2.",
      "act": "go to dresser 1",
      "thought": "I am now in/on: sidetable 1\nCritical objects I have found:\nNone\nObjects I have taken:\nNone\nOn sidetable 1, there is no CD. Next, I need to check dresser 1."
    },
    {
      "obs": "You arrive at loc 8. On the dresser 1, you see a cd 1, a cellphone 1, a creditcard 1, a keychain 2, a mug 1, a pen 1, and a television 1.",
      "act": "take cd 1 from dresser 1",
      "thought": "I am now in/on: dresser 1\nCritical objects I have found:\ncd 1 (dresser 1)\nObjects I have taken:\nNone\nNow I find a CD (1). Next, I need to take it."
    },
    {
      "obs": "You pick up the cd 1 from the dresser 1.",
      "act": "go to diningtable 1",
      "thought": "I am now in/on: dresser 1\nCritical objects I have found:\ncd 1 (dresser 1)\nObjects I have taken:\ncd 1\nNow I have taken a CD (1). Next, I need to go to and put it on the diningtable 1."
    },
    {
      "obs": "You arrive at loc 10. On the diningtable 1, you see a alarmclock 1, and a book 1.",
      "act": "put cd 1 in/on diningtable 1",
      "thought": "I am now in/on: diningtable 1\nCritical objects I have found:\ncd 1 (dresser 1)\nObjects I have taken:\ncd 1\nNow I am at the diningtable 1. Next, I need to put the CD 1 on it."
    },
    {
      "obs": "You put the cd 1 in/on the diningtable 1.",
      "act": "go to sidetable 1"
    }
  ]
}