{
  "task": "put a creditcard in armchair.",
  "traj": [
    {
      "obs": "You are in the middle of a room. Looking quickly around you, you see a armchair 1, a coffeetable 1, a garbagecan 1, a sidetable 1, a sofa 1, and a tvstand 1.",
      "act": "go to armchair 1",
      "thought": "I am now in/on: the middle of a room\nCritical objects I have found:\nNone\nObjects I have taken:\nNone\nTo solve the task, I need to find and take a credit card, then put it in the armchair. First, I need to find a credit card. A credit card is more likely to appear on surfaces like coffeetables, sidetables, or tvstands. I can check one by one, starting with the armchair since I am already heading there."
    },
    {
      "obs": "You arrive at loc 9. On the armchair 1, you see a book 2, and a laptop 1.",
      "act": "go to sofa 1",
      "thought": "I am now in/on: armchair 1\nCritical objects I have found:\nNone\nObjects I have taken:\nNone\nOn armchair 1, there is no credit card. Next, I need to check the sofa 1, as it is another common place where people might leave small items like a credit card."
    },
    {
      "obs": "You arrive at loc 4. On the sofa 1, you see a box 2, a creditcard 2, and a pillow 1.",
      "act": "take creditcard 2 from sofa 1",
      "thought": "I am now in/on: sofa 1\nCritical objects I have found:\ncreditcard 2 (sofa 1)\nObjects I have taken:\nNone\nNow I find a credit card (2). Next, I need to take it."
    },
    {
      "obs": "You pick up the creditcard 2 from the sofa 1.",
      "act": "go to armchair 1",
      "thought": "I am now in/on: sofa 1\nCritical objects I have found:\ncreditcard 2 (sofa 1)\nObjects I have taken:\ncreditcard 2\nNow I have taken the credit card (2). Next, I need to go to and put it in the armchair 1."
    },
    {
      "obs": "You pick up the creditcard 2 from the sofa 1.",
      "act": "put creditcard 2 in/on armchair 1",
      "thought": "I am now in/on: sofa 1\nCritical objects I have found:\ncreditcard 2 (sofa 1)\nObjects I have taken:\ncreditcard 2\nNow I have taken the credit card (2). Next, I need to go to and put it in the armchair 1."
    },
    {
      "obs": "You put the creditcard 2 in/on the armchair 1.",
      "act": "go to sofa 1"
    }
  ]
}