{
  "task": "put a laptop in ottoman.",
  "traj": [
    {
      "obs": "You are in the middle of a room. Looking quickly around you, you see a armchair 1, a coffeetable 1, a diningtable 1, a drawer 1, a drawer 2, a drawer 3, a drawer 4, a drawer 5, a drawer 6, a drawer 7, a garbagecan 1, a ottoman 1, a sidetable 1, and a sofa 1.",
      "act": "go to sofa 1",
      "thought": "I am now in/on: the middle of a room\nCritical objects I have found:\nNone\nObjects I have taken:\nNone\nTo solve the task, I need to find and take a laptop, then put it in the ottoman. First, I need to find a laptop. A laptop is more likely to appear on surfaces like diningtables, coffeetables, sidetables, or within drawers. I will start by checking the sofa, as sometimes items can be found on or near sofas."
    },
    {
      "obs": "You arrive at loc 15. On the sofa 1, you see a book 1, a laptop 1, a laptop 2, and a remotecontrol 3.",
      "act": "take laptop 1 from sofa 1",
      "thought": "I am now in/on: sofa 1\nCritical objects I have found:\nlaptop 1 (sofa 1)\nObjects I have taken:\nNone\nI have found not one, but two laptops on the sofa 1. I will take laptop 1 to complete the task."
    },
    {
      "obs": "You pick up the laptop 1 from the sofa 1.",
      "act": "go to ottoman 1",
      "thought": "I am now in/on: sofa 1\nCritical objects I have found:\nlaptop 1 (sofa 1)\nObjects I have taken:\nlaptop 1\nNow that I have the laptop 1, I need to go to the ottoman to put the laptop inside it."
    },
    {
      "obs": "You arrive at loc 25. On the ottoman 1, you see a creditcard 2, and a keychain 1.",
      "act": "put laptop 1 in/on ottoman 1",
      "thought": "I am now in/on: ottoman 1\nCritical objects I have found:\nlaptop 1 (sofa 1)\nObjects I have taken:\nlaptop 1\nI am at the ottoman 1 and I have the laptop 1 with me. Now I need to put the laptop 1 in/on the ottoman to complete the task."
    },
    {
      "obs": "You put the laptop 1 in/on the ottoman 1.",
      "act": "go to sofa 1"
    }
  ]
}