{
  "task": "put some handtowel on garbagecan.",
  "traj": [
    {
      "obs": "You are in the middle of a room. Looking quickly around you, you see a bathtubbasin 1, a countertop 1, a countertop 2, a drawer 1, a drawer 2, a drawer 3, a drawer 4, a drawer 5, a drawer 6, a drawer 7, a drawer 8, a garbagecan 1, a handtowelholder 1, a handtowelholder 2, a handtowelholder 3, a handtowelholder 4, a sinkbasin 1, a sinkbasin 2, a toilet 1, a toiletpaperhanger 1, and a towelholder 1.",
      "act": "go to bathtubbasin 1",
      "thought": "I am now in/on: the middle of a room\nCritical objects I have found:\nNone\nObjects I have taken:\nNone\nTo solve the task, I need to find and take a handtowel, then put it on the garbagecan. First, I need to find a handtowel. A handtowel is more likely to appear on handtowelholders (1-4). I can check one by one, starting with handtowelholder 1."
    },
    {
      "obs": "You arrive at loc 27. On the bathtubbasin 1, you see a cloth 1, and a soapbar 1.",
      "act": "go to sinkbasin 1",
      "thought": "I am now in/on: bathtubbasin 1\nCritical objects I have found:\nNone\nObjects I have taken:\nNone\nOn bathtubbasin 1, there is no handtowel. Next, I need to check sinkbasin 1 for a handtowel. Handtowels are often found near sinks."
    },
    {
      "obs": "You arrive at loc 6. On the sinkbasin 1, you see nothing.",
      "act": "go to drawer 3",
      "thought": "I am now in/on: sinkbasin 1\nCritical objects I have found:\nNone\nObjects I have taken:\nNone\nOn sinkbasin 1, there is no handtowel. Next, I need to check drawer 3, as handtowels might be stored in drawers in a bathroom."
    },
    {
      "obs": "You arrive at loc 15. The drawer 3 is closed.",
      "act": "open drawer 3",
      "thought": "I am now in/on: sinkbasin 1\nCritical objects I have found:\nNone\nObjects I have taken:\nNone\nTo see objects in drawer 3, I have to open it first. Handtowels might be stored in drawers, so it's worth checking."
    },
    {
      "obs": "You open the drawer 3. The drawer 3 is open. In it, you see nothing.",
      "act": "go to handtowelholder 3",
      "thought": "I am now in/on: drawer 3\nCritical objects I have found:\nNone\nObjects I have taken:\nNone\nDrawer 3 is empty, so there is no handtowel there. Next, I will check handtowelholder 3, as handtowels are typically hung on handtowelholders."
    },
    {
      "obs": "You arrive at loc 20. On the handtowelholder 3, you see a handtowel 2.",
      "act": "take handtowel 2 from handtowelholder 3",
      "thought": "I am now in/on: handtowelholder 3\nCritical objects I have found:\nhandtowel 2 (handtowelholder 3)\nObjects I have taken:\nNone\nNow I find a handtowel (2). Next, I need to take it."
    },
    {
      "obs": "You pick up the handtowel 2 from the handtowelholder 3.",
      "act": "go to garbagecan 1",
      "thought": "I am now in/on: handtowelholder 3\nCritical objects I have found:\nhandtowel 2 (handtowelholder 3)\nObjects I have taken:\nhandtowel 2\nNow I have taken the handtowel (2). Next, I need to go to and put it on garbagecan 1."
    },
    {
      "obs": "You arrive at loc 7. On the garbagecan 1, you see nothing.",
      "act": "put handtowel 2 in/on garbagecan 1",
      "thought": "I am now in/on: garbagecan 1\nCritical objects I have found:\nhandtowel 2 (handtowelholder 3)\nObjects I have taken:\nhandtowel 2\nNow I am at the garbagecan 1. Next, I need to put the handtowel 2 in/on it."
    },
    {
      "obs": "You put the handtowel 2 in/on the garbagecan 1.",
      "act": "go to bathtubbasin 1"
    }
  ]
}