{
  "task": "put some toiletpaper on toiletpaperhanger.",
  "traj": [
    {
      "obs": "You are in the middle of a room. Looking quickly around you, you see a bathtubbasin 1, a countertop 1, a drawer 1, a drawer 2, a drawer 3, a drawer 4, a dresser 1, a garbagecan 1, a handtowelholder 1, a handtowelholder 2, a shelf 1, a shelf 2, a sinkbasin 1, a toilet 1, a toiletpaperhanger 1, and a towelholder 1.",
      "act": "go to drawer 1",
      "thought": "I am now in/on: the middle of a room\nCritical objects I have found:\nNone\nObjects I have taken:\nNone\nTo solve the task, I need to find and take some toiletpaper, then put it on the toiletpaperhanger. First, I need to find toiletpaper. Toiletpaper is more likely to appear in drawers (1-4), shelves (1-2), or possibly the garbagecan (1). I will check one by one, starting with drawer 1."
    },
    {
      "obs": "You arrive at loc 13. The drawer 1 is closed.",
      "act": "open drawer 1",
      "thought": "I am now in/on: drawer 1\nCritical objects I have found:\nNone\nObjects I have taken:\nNone\nTo see objects in drawer 1, I have to open it first."
    },
    {
      "obs": "You open the drawer 1. The drawer 1 is open. In it, you see nothing.",
      "act": "go to shelf 1",
      "thought": "I am now in/on: drawer 1\nCritical objects I have found:\nNone\nObjects I have taken:\nNone\nDrawer 1 is empty, so there is no toiletpaper here. Next, I need to check shelf 1 for toiletpaper."
    },
    {
      "obs": "You arrive at loc 10. On the shelf 1, you see a soapbar 1.",
      "act": "go to drawer 2",
      "thought": "I am now in/on: shelf 1\nCritical objects I have found:\nNone\nObjects I have taken:\nNone\nOn shelf 1, there is no toiletpaper. Next, I need to check drawer 2 for toiletpaper."
    },
    {
      "obs": "You arrive at loc 9. The drawer 2 is closed.",
      "act": "open drawer 2",
      "thought": "I am now in/on: shelf 1\nCritical objects I have found:\nNone\nObjects I have taken:\nNone\nShelf 1 does not contain toiletpaper. I will now attempt to open drawer 2 to continue the search for toiletpaper."
    },
    {
      "obs": "You open the drawer 2. The drawer 2 is open. In it, you see nothing.",
      "act": "go to drawer 4",
      "thought": "I am now in/on: drawer 2\nCritical objects I have found:\nNone\nObjects I have taken:\nNone\nDrawer 2 is empty, so there is no toiletpaper here. Next, I need to check drawer 4 for toiletpaper. (Skipping drawer 3 for now, but I can return to it if necessary.)"
    },
    {
      "obs": "You arrive at loc 11. The drawer 4 is closed.",
      "act": "open drawer 4",
      "thought": "I am now in/on: drawer 2\nCritical objects I have found:\nNone\nObjects I have taken:\nNone\nDrawer 2 is empty, so there is no toiletpaper here. I will now attempt to open drawer 4 to continue the search for toiletpaper."
    },
    {
      "obs": "You open the drawer 4. The drawer 4 is open. In it, you see a soapbottle 1.",
      "act": "go to toilet 1",
      "thought": "I am now in/on: drawer 4\nCritical objects I have found:\nNone\nObjects I have taken:\nNone\nDrawer 4 does not contain toiletpaper. I will now check the toilet 1 area, although toiletpaper is unlikely to be found there, it's on the way to the other locations I need to check."
    },
    {
      "obs": "You arrive at loc 18. On the toilet 1, you see a candle 3, and a toiletpaper 2.",
      "act": "take toiletpaper 2 from toilet 1",
      "thought": "I am now in/on: toilet 1\nCritical objects I have found:\ntoiletpaper 2 (toilet 1)\nObjects I have taken:\nNone\nI have found toiletpaper (2) on the toilet 1. Next, I need to take it."
    },
    {
      "obs": "You pick up the toiletpaper 2 from the toilet 1.",
      "act": "go to toiletpaperhanger 1",
      "thought": "I am now in/on: toilet 1\nCritical objects I have found:\ntoiletpaper 2 (toilet 1)\nObjects I have taken:\ntoiletpaper 2\nNow that I have the toiletpaper (2), I need to go to the toiletpaperhanger 1 to put it there."
    },
    {
      "obs": "You arrive at loc 19. On the toiletpaperhanger 1, you see nothing.",
      "act": "put toiletpaper 2 in/on toiletpaperhanger 1",
      "thought": "I am now in/on: toiletpaperhanger 1\nCritical objects I have found:\ntoiletpaper 2 (toilet 1)\nObjects I have taken:\ntoiletpaper 2\nNow I am at the toiletpaperhanger 1. Next, I need to put the toiletpaper 2 on it."
    },
    {
      "obs": "You put the toiletpaper 2 in/on the toiletpaperhanger 1.",
      "act": "go to drawer 1"
    }
  ]
}