{
  "task": "put some newspaper on garbagecan.",
  "traj": [
    {
      "obs": "You are in the middle of a room. Looking quickly around you, you see a armchair 1, a coffeetable 1, a garbagecan 1, a shelf 1, a shelf 2, a sidetable 1, a sofa 1, and a sofa 2.",
      "act": "go to shelf 2",
      "thought": "I am now in/on: the middle of a room\nCritical objects I have found:\nNone\nObjects I have taken:\nNone\nTo solve the task, I need to find and take a newspaper, then put it on the garbagecan. First, I need to find a newspaper. A newspaper is more likely to appear on shelves (1-2), coffeetable (1), or sidetable (1). I will check one by one, starting with shelf 2."
    },
    {
      "obs": "You arrive at loc 6. On the shelf 2, you see a remotecontrol 1, a statue 3, and a vase 3.",
      "act": "go to garbagecan 1",
      "thought": "I am now in/on: shelf 2\nCritical objects I have found:\nNone\nObjects I have taken:\nNone\nOn shelf 2, there is no newspaper. I mistakenly went to the garbagecan 1 instead of continuing to search for the newspaper. I need to correct this and continue searching for the newspaper on other likely places such as shelf 1, coffeetable 1, or sidetable 1. I will go to shelf 1 next."
    },
    {
      "obs": "You arrive at loc 7. On the garbagecan 1, you see nothing.",
      "act": "go to sofa 2",
      "thought": "I am now in/on: garbagecan 1\nCritical objects I have found:\nNone\nObjects I have taken:\nNone\nI accidentally went to the garbagecan 1 instead of continuing my search for the newspaper. I need to go to shelf 1 next to continue my search for the newspaper. However, I mistakenly chose to go to sofa 2. I need to correct this and go to shelf 1 instead."
    },
    {
      "obs": "You arrive at loc 18. On the sofa 2, you see a newspaper 1, a pillow 2, and a pillow 3.",
      "act": "take newspaper 1 from sofa 2",
      "thought": "I am now in/on: sofa 2\nCritical objects I have found:\nnewspaper 1 (sofa 2)\nObjects I have taken:\nNone\nI have found a newspaper (1) on sofa 2. Next, I need to take it."
    },
    {
      "obs": "You pick up the newspaper 1 from the sofa 2.",
      "act": "go to garbagecan 1",
      "thought": "I am now in/on: sofa 2\nCritical objects I have found:\nnewspaper 1 (sofa 2)\nObjects I have taken:\nnewspaper 1\nNow that I have the newspaper (1), I need to go to the garbagecan 1 to complete the task of putting the newspaper on it."
    },
    {
      "obs": "You pick up the newspaper 1 from the sofa 2.",
      "act": "put newspaper 1 in/on garbagecan 1",
      "thought": "I am now in/on: sofa 2\nCritical objects I have found:\nnewspaper 1 (sofa 2)\nObjects I have taken:\nnewspaper 1\nI have the newspaper (1) and I am heading to the garbagecan 1 to put the newspaper on it."
    },
    {
      "obs": "You put the newspaper 1 in/on the garbagecan 1.",
      "act": "go to shelf 2"
    }
  ]
}