{
  "task": "put a pen in desk.",
  "traj": [
    {
      "obs": "You are in the middle of a room. Looking quickly around you, you see a bed 1, a cabinet 1, a cabinet 2, a cabinet 3, a cabinet 4, a desk 1, a drawer 1, a drawer 2, a garbagecan 1, a shelf 1, and a sidetable 1.",
      "act": "go to drawer 1",
      "thought": "I am now in/on: the middle of a room\nCritical objects I have found:\nNone\nObjects I have taken:\nNone\nTo solve the task, I need to find and take a pen, then put it in the desk. First, I need to find a pen. A pen is more likely to appear in drawers (1-2), cabinets (1-4), desk (1), or sidetable (1). I will check one by one, starting with drawer 1."
    },
    {
      "obs": "You arrive at loc 19. The drawer 1 is closed.",
      "act": "open drawer 1",
      "thought": "I am now in/on: drawer 1\nCritical objects I have found:\nNone\nObjects I have taken:\nNone\nTo see objects in drawer 1, I have to open it first."
    },
    {
      "obs": "You open the drawer 1. The drawer 1 is open. In it, you see a creditcard 1.",
      "act": "go to drawer 2",
      "thought": "I am now in/on: drawer 1\nCritical objects I have found:\nNone\nObjects I have taken:\nNone\nIn drawer 1, there is no pen. Next, I need to check drawer 2."
    },
    {
      "obs": "You arrive at loc 20. The drawer 2 is closed.",
      "act": "open drawer 2",
      "thought": "I am now in/on: drawer 1\nCritical objects I have found:\nNone\nObjects I have taken:\nNone\nTo see objects in drawer 2, I have to open it first."
    },
    {
      "obs": "You open the drawer 2. The drawer 2 is open. In it, you see nothing.",
      "act": "go to desk 1",
      "thought": "I am now in/on: drawer 2\nCritical objects I have found:\nNone\nObjects I have taken:\nNone\nIn drawer 2, there is no pen. Next, I need to check desk 1."
    },
    {
      "obs": "You arrive at loc 11. On the desk 1, you see a box 1, a creditcard 2, a keychain 2, a laptop 1, a laptop 2, a laptop 3, and a pencil 2.",
      "act": "go to garbagecan 1",
      "thought": "I am now in/on: desk 1\nCritical objects I have found:\nNone\nObjects I have taken:\nNone\nOn desk 1, there is no pen, only a pencil. Next, I need to check other locations where a pen might be found. I will check the garbagecan 1 next."
    },
    {
      "obs": "You arrive at loc 21. On the garbagecan 1, you see a pencil 1.",
      "act": "go to sidetable 1",
      "thought": "I am now in/on: garbagecan 1\nCritical objects I have found:\nNone\nObjects I have taken:\nNone\nIn the garbagecan 1, there is no pen, only a pencil. Next, I need to check sidetable 1."
    },
    {
      "obs": "You arrive at loc 18. On the sidetable 1, you see a alarmclock 1, a cd 1, a keychain 1, and a pen 1.",
      "act": "take pen 1 from sidetable 1",
      "thought": "I am now in/on: sidetable 1\nCritical objects I have found:\npen 1 (sidetable 1)\nObjects I have taken:\nNone\nNow I find a pen (1). Next, I need to take it."
    },
    {
      "obs": "You pick up the pen 1 from the sidetable 1.",
      "act": "go to desk 1",
      "thought": "I am now in/on: sidetable 1\nCritical objects I have found:\npen 1 (sidetable 1)\nObjects I have taken:\npen 1\nNow I have taken the pen (1). Next, I need to go to the desk 1 and put it there."
    },
    {
      "obs": "You pick up the pen 1 from the sidetable 1.",
      "act": "put pen 1 in/on desk 1",
      "thought": "I am now in/on: sidetable 1\nCritical objects I have found:\npen 1 (sidetable 1)\nObjects I have taken:\npen 1\nI have the pen (1) and I am heading to the desk 1 to put it there. However, it seems there was an error in the observation as it repeated the action of picking up the pen from the sidetable 1. I will assume I am at the desk 1 now and proceed to put the pen in/on it."
    },
    {
      "obs": "You put the pen 1 in/on the desk 1.",
      "act": "go to drawer 1"
    }
  ]
}