{
  "task": "put some spraybottle on toilet.",
  "traj": [
    {
      "obs": "You are in the middle of a room. Looking quickly around you, you see a bathtubbasin 1, a drawer 1, a garbagecan 1, a handtowelholder 1, a sidetable 1, a sinkbasin 1, a toilet 1, a toiletpaperhanger 1, a towelholder 1, and a towelholder 2.",
      "act": "go to garbagecan 1",
      "thought": "I am now in/on: the middle of a room\nCritical objects I have found:\nNone\nObjects I have taken:\nNone\nTo solve the task, I need to find and take a spraybottle, then put it on the toilet. First, I need to find a spraybottle. A spraybottle is more likely to appear in drawers, sidetables, or garbagecans. I will start by checking the garbagecan 1."
    },
    {
      "obs": "You arrive at loc 5. On the garbagecan 1, you see a spraybottle 1.",
      "act": "take spraybottle 1 from garbagecan 1",
      "thought": "I am now in/on: garbagecan 1\nCritical objects I have found:\nspraybottle 1 (garbagecan 1)\nObjects I have taken:\nNone\nI have found a spraybottle (1) in the garbagecan 1. Next, I need to take it."
    },
    {
      "obs": "You pick up the spraybottle 1 from the garbagecan 1.",
      "act": "go to toilet 1",
      "thought": "I am now in/on: garbagecan 1\nCritical objects I have found:\nspraybottle 1 (garbagecan 1)\nObjects I have taken:\nspraybottle 1\nNow that I have the spraybottle (1), I need to go to the toilet and put it there."
    },
    {
      "obs": "You arrive at loc 3. On the toilet 1, you see a candle 1, a soapbottle 1, a soapbottle 2, and a toiletpaper 1.",
      "act": "put spraybottle 1 in/on toilet 1",
      "thought": "I am now in/on: toilet 1\nCritical objects I have found:\nspraybottle 1 (garbagecan 1)\nObjects I have taken:\nspraybottle 1\nI am at the toilet 1 with the spraybottle 1. Now I need to put the spraybottle 1 on the toilet to complete the task."
    },
    {
      "obs": "You put the spraybottle 1 in/on the toilet 1.",
      "act": "go to garbagecan 1"
    }
  ]
}