{
  "task": "put a candle in cabinet.",
  "traj": [
    {
      "obs": "You are in the middle of a room. Looking quickly around you, you see a cabinet 1, a cabinet 2, a cabinet 3, a cabinet 4, a countertop 1, a garbagecan 1, a handtowelholder 1, a sinkbasin 1, a sinkbasin 2, a toilet 1, a toiletpaperhanger 1, and a towelholder 1.",
      "act": "go to countertop 1",
      "thought": "I am now in/on: the middle of a room\nCritical objects I have found:\nNone\nObjects I have taken:\nNone\nTo solve the task, I need to find and take a candle, then put it in a cabinet. First, I need to find a candle. A candle is more likely to appear in cabinets (1-4) or on the countertop (1). I will start by checking the countertop 1."
    },
    {
      "obs": "You arrive at loc 7. On the countertop 1, you see a handtowel 1.",
      "act": "go to cabinet 2",
      "thought": "I am now in/on: countertop 1\nCritical objects I have found:\nNone\nObjects I have taken:\nNone\nOn the countertop 1, there is no candle. Next, I need to check cabinet 2."
    },
    {
      "obs": "You arrive at loc 12. The cabinet 2 is closed.",
      "act": "open cabinet 2",
      "thought": "I am now in/on: cabinet 2\nCritical objects I have found:\nNone\nObjects I have taken:\nNone\nTo see objects in cabinet 2, I have to open it first."
    },
    {
      "obs": "You open the cabinet 2. The cabinet 2 is open. In it, you see a cloth 1, and a spraybottle 1.",
      "act": "go to cabinet 3",
      "thought": "I am now in/on: cabinet 2\nCritical objects I have found:\nNone\nObjects I have taken:\nNone\nIn cabinet 2, there is no candle. Next, I need to check cabinet 3."
    },
    {
      "obs": "You arrive at loc 14. The cabinet 3 is closed.",
      "act": "open cabinet 3",
      "thought": "I am now in/on: cabinet 3\nCritical objects I have found:\nNone\nObjects I have taken:\nNone\nTo see objects in cabinet 3, I have to open it first."
    },
    {
      "obs": "You open the cabinet 3. The cabinet 3 is open. In it, you see a cloth 2.",
      "act": "go to cabinet 4",
      "thought": "I am now in/on: cabinet 3\nCritical objects I have found:\nNone\nObjects I have taken:\nNone\nIn cabinet 3, there is no candle. Next, I need to check cabinet 4."
    },
    {
      "obs": "You arrive at loc 10. The cabinet 4 is closed.",
      "act": "open cabinet 4",
      "thought": "I am now in/on: cabinet 3\nCritical objects I have found:\nNone\nObjects I have taken:\nNone\nTo see objects in cabinet 4, I have to open it first."
    },
    {
      "obs": "You open the cabinet 4. The cabinet 4 is open. In it, you see a soapbar 1.",
      "act": "go to toilet 1",
      "thought": "I am now in/on: cabinet 4\nCritical objects I have found:\nNone\nObjects I have taken:\nNone\nIn cabinet 4, there is no candle. Next, I need to check the toilet 1 area, although it's less likely to find a candle there."
    },
    {
      "obs": "You arrive at loc 6. On the toilet 1, you see a candle 1, and a candle 2.",
      "act": "take candle 2 from toilet 1",
      "thought": "I am now in/on: toilet 1\nCritical objects I have found:\ncandle 2 (toilet 1)\nObjects I have taken:\nNone\nNow I find a candle (2). Next, I need to take it."
    },
    {
      "obs": "You pick up the candle 2 from the toilet 1.",
      "act": "go to cabinet 2",
      "thought": "I am now in/on: toilet 1\nCritical objects I have found:\ncandle 2 (toilet 1)\nObjects I have taken:\ncandle 2\nNow I have taken a candle (2). Next, I need to go to and put it in a cabinet. I will choose cabinet 2 since it's already open."
    },
    {
      "obs": "You arrive at loc 12. The cabinet 2 is closed.",
      "act": "open cabinet 2",
      "thought": "I am now in/on: toilet 1\nCritical objects I have found:\ncandle 2 (toilet 1)\nObjects I have taken:\ncandle 2\nI need to put the candle in a cabinet, and I was planning to put it in cabinet 2, but it seems to have closed since I last opened it. I need to open it again to put the candle inside."
    },
    {
      "obs": "You open the cabinet 2. The cabinet 2 is open. In it, you see a cloth 1, and a spraybottle 1.",
      "act": "put candle 2 in/on cabinet 2",
      "thought": "I am now in/on: cabinet 2\nCritical objects I have found:\ncandle 2 (toilet 1)\nObjects I have taken:\ncandle 2\nNow I am at cabinet 2, which is open. Next, I need to put the candle 2 in it."
    },
    {
      "obs": "You put the candle 2 in/on the cabinet 2.",
      "act": "close cabinet 2"
    }
  ]
}