{
  "task": "put some creditcard on desk.",
  "traj": [
    {
      "obs": "You are in the middle of a room. Looking quickly around you, you see a bed 1, a cabinet 1, a cabinet 2, a cabinet 3, a cabinet 4, a desk 1, a drawer 1, a drawer 2, a garbagecan 1, a shelf 1, and a sidetable 1.",
      "act": "go to drawer 1",
      "thought": "I am now in/on: the middle of a room\nCritical objects I have found:\nNone\nObjects I have taken:\nNone\nTo solve the task, I need to find and take a credit card, then put it on the desk. First, I need to find a credit card. A credit card is more likely to appear in drawers (1-2), cabinets (1-4), or maybe on the desk itself. I will check one by one, starting with drawer 1."
    },
    {
      "obs": "You arrive at loc 16. The drawer 1 is closed.",
      "act": "open drawer 1",
      "thought": "I am now in/on: drawer 1\nCritical objects I have found:\nNone\nObjects I have taken:\nNone\nTo see objects in drawer 1, I have to open it first."
    },
    {
      "obs": "You open the drawer 1. The drawer 1 is open. In it, you see a keychain 1, and a pencil 2.",
      "act": "go to drawer 2",
      "thought": "I am now in/on: drawer 1\nCritical objects I have found:\nNone\nObjects I have taken:\nNone\nIn drawer 1, there is no credit card. Next, I need to check drawer 2."
    },
    {
      "obs": "You arrive at loc 17. The drawer 2 is closed.",
      "act": "open drawer 2",
      "thought": "I am now in/on: drawer 1\nCritical objects I have found:\nNone\nObjects I have taken:\nNone\nDrawer 1 did not contain a credit card. I will now attempt to open drawer 2 to continue the search."
    },
    {
      "obs": "You open the drawer 2. The drawer 2 is open. In it, you see a cd 1.",
      "act": "go to desk 1",
      "thought": "I am now in/on: drawer 2\nCritical objects I have found:\nNone\nObjects I have taken:\nNone\nDrawer 2 did not contain a credit card either. I will now check the desk 1 to see if the credit card is there."
    },
    {
      "obs": "You arrive at loc 8. On the desk 1, you see a alarmclock 1, a book 1, a book 2, a box 1, a cellphone 2, a pen 1, and a pen 2.",
      "act": "go to sidetable 1",
      "thought": "I am now in/on: desk 1\nCritical objects I have found:\nNone\nObjects I have taken:\nNone\nThe desk 1 did not contain a credit card. Next, I need to check the sidetable 1."
    },
    {
      "obs": "You arrive at loc 15. On the sidetable 1, you see a cellphone 1, and a pencil 1.",
      "act": "go to shelf 1",
      "thought": "I am now in/on: sidetable 1\nCritical objects I have found:\nNone\nObjects I have taken:\nNone\nThe sidetable 1 did not contain a credit card. Next, I need to check the shelf 1."
    },
    {
      "obs": "You arrive at loc 9. On the shelf 1, you see a creditcard 1, a creditcard 2, a creditcard 3, and a pencil 3.",
      "act": "take creditcard 3 from shelf 1",
      "thought": "I am now in/on: shelf 1\nCritical objects I have found:\ncreditcard 3 (shelf 1)\nObjects I have taken:\nNone\nI have found credit cards on shelf 1. I will take one to complete the task."
    },
    {
      "obs": "You pick up the creditcard 3 from the shelf 1.",
      "act": "go to desk 1",
      "thought": "I am now in/on: shelf 1\nCritical objects I have found:\ncreditcard 3 (shelf 1)\nObjects I have taken:\ncreditcard 3\nNow that I have the credit card, I need to go to the desk to put it there."
    },
    {
      "obs": "You pick up the creditcard 3 from the shelf 1.",
      "act": "put creditcard 3 in/on desk 1",
      "thought": "I am now in/on: desk 1\nCritical objects I have found:\ncreditcard 3 (shelf 1)\nObjects I have taken:\ncreditcard 3\nI am at the desk with the credit card in hand. Now I need to put the credit card on the desk to complete the task."
    },
    {
      "obs": "You put the creditcard 3 in/on the desk 1.",
      "act": "go to drawer 1"
    }
  ]
}