{
  "task": "put some keychain on sofa.",
  "traj": [
    {
      "obs": "You are in the middle of a room. Looking quickly around you, you see a armchair 1, a diningtable 1, a drawer 1, a garbagecan 1, a ottoman 1, a shelf 1, a shelf 2, a shelf 3, a shelf 4, a shelf 5, a shelf 6, a shelf 7, a shelf 8, a sidetable 1, a sofa 1, and a tvstand 1.",
      "act": "go to shelf 8",
      "thought": "I am now in/on: the middle of a room\nCritical objects I have found:\nNone\nObjects I have taken:\nNone\nTo solve the task, I need to find and take a keychain, then put it on the sofa. First, I need to find a keychain. A keychain is more likely to appear on shelves (1-8), sidetables (1), drawers (1), or possibly in the garbagecan (1). I will check one by one, starting with shelf 8."
    },
    {
      "obs": "You arrive at loc 13. On the shelf 8, you see nothing.",
      "act": "go to shelf 5",
      "thought": "I am now in/on: shelf 8\nCritical objects I have found:\nNone\nObjects I have taken:\nNone\nOn shelf 8, there is no keychain. Next, I need to check shelf 5."
    },
    {
      "obs": "You arrive at loc 12. On the shelf 5, you see nothing.",
      "act": "go to shelf 1",
      "thought": "I am now in/on: shelf 5\nCritical objects I have found:\nNone\nObjects I have taken:\nNone\nOn shelf 5, there is no keychain. Next, I need to check shelf 1."
    },
    {
      "obs": "You arrive at loc 11. On the shelf 1, you see nothing.",
      "act": "go to shelf 2",
      "thought": "I am now in/on: shelf 1\nCritical objects I have found:\nNone\nObjects I have taken:\nNone\nOn shelf 1, there is no keychain. Next, I need to check shelf 2."
    },
    {
      "obs": "You arrive at loc 9. On the shelf 2, you see nothing.",
      "act": "go to sidetable 1",
      "thought": "I am now in/on: shelf 2\nCritical objects I have found:\nNone\nObjects I have taken:\nNone\nOn shelf 2, there is no keychain. Next, I need to check sidetable 1."
    },
    {
      "obs": "You arrive at loc 21. On the sidetable 1, you see a remotecontrol 1, and a vase 1.",
      "act": "go to shelf 3",
      "thought": "I am now in/on: sidetable 1\nCritical objects I have found:\nNone\nObjects I have taken:\nNone\nOn sidetable 1, there is no keychain. Next, I need to check shelf 3."
    },
    {
      "obs": "You arrive at loc 8. On the shelf 3, you see nothing.",
      "act": "go to ottoman 1",
      "thought": "I am now in/on: shelf 3\nCritical objects I have found:\nNone\nObjects I have taken:\nNone\nOn shelf 3, there is no keychain. Next, I need to check ottoman 1. It's possible that items like a keychain could be placed on or near furniture like an ottoman."
    },
    {
      "obs": "You arrive at loc 16. On the ottoman 1, you see a remotecontrol 2, and a remotecontrol 3.",
      "act": "go to shelf 6",
      "thought": "I am now in/on: ottoman 1\nCritical objects I have found:\nNone\nObjects I have taken:\nNone\nOn ottoman 1, there is no keychain. Next, I need to check shelf 6."
    },
    {
      "obs": "You arrive at loc 10. On the shelf 6, you see a keychain 2.",
      "act": "take keychain 2 from shelf 6",
      "thought": "I am now in/on: shelf 6\nCritical objects I have found:\nkeychain 2 (shelf 6)\nObjects I have taken:\nNone\nNow I find a keychain (2). Next, I need to take it."
    },
    {
      "obs": "You pick up the keychain 2 from the shelf 6.",
      "act": "go to sofa 1",
      "thought": "I am now in/on: shelf 6\nCritical objects I have found:\nkeychain 2 (shelf 6)\nObjects I have taken:\nkeychain 2\nNow I have taken the keychain (2). Next, I need to go to and put it on the sofa 1."
    },
    {
      "obs": "You arrive at loc 15. On the sofa 1, you see a pillow 1.",
      "act": "put keychain 2 in/on sofa 1",
      "thought": "I am now in/on: sofa 1\nCritical objects I have found:\nkeychain 2 (shelf 6)\nObjects I have taken:\nkeychain 2\nNow I am on the sofa 1. Next, I need to put the keychain 2 on it."
    },
    {
      "obs": "You put the keychain 2 in/on the sofa 1.",
      "act": "go to shelf 8"
    }
  ]
}