{
  "task": "put a spraybottle in toilet.",
  "traj": [
    {
      "obs": "You are in the middle of a room. Looking quickly around you, you see a bathtubbasin 1, a countertop 1, a drawer 1, a drawer 2, a drawer 3, a drawer 4, a drawer 5, a drawer 6, a drawer 7, a drawer 8, a garbagecan 1, a handtowelholder 1, a sinkbasin 1, a toilet 1, a toiletpaperhanger 1, a towelholder 1, and a towelholder 2.",
      "act": "go to drawer 8",
      "thought": "I am now in/on: the middle of a room\nCritical objects I have found:\nNone\nObjects I have taken:\nNone\nTo solve the task, I need to find and take a spraybottle, then put it in the toilet. First, I need to find a spraybottle. A spraybottle is more likely to appear in drawers (1-8), countertop (1), or garbagecan (1). I will check the drawers first, starting with drawer 8."
    },
    {
      "obs": "You arrive at loc 11. The drawer 8 is closed.",
      "act": "open drawer 8",
      "thought": "I am now in/on: drawer 8\nCritical objects I have found:\nNone\nObjects I have taken:\nNone\nTo see objects in drawer 8, I have to open it first."
    },
    {
      "obs": "You open the drawer 8. The drawer 8 is open. In it, you see nothing.",
      "act": "go to toilet 1",
      "thought": "I am now in/on: drawer 8\nCritical objects I have found:\nNone\nObjects I have taken:\nNone\nDrawer 8 is empty, so there is no spraybottle here. I need to continue searching for a spraybottle. The toilet is not the next place to search; I should check the other drawers or possible locations first. I will proceed to drawer 7 next."
    },
    {
      "obs": "You arrive at loc 1. On the toilet 1, you see a candle 1.",
      "act": "go to garbagecan 1",
      "thought": "I am now in/on: toilet 1\nCritical objects I have found:\nNone\nObjects I have taken:\nNone\nI mistakenly went to the toilet instead of continuing my search for the spraybottle. I need to correct my course and continue searching the drawers or check the garbagecan. I will go to the garbagecan next to see if the spraybottle is there."
    },
    {
      "obs": "You arrive at loc 4. On the garbagecan 1, you see a toiletpaper 2.",
      "act": "go to countertop 1",
      "thought": "I am now in/on: garbagecan 1\nCritical objects I have found:\nNone\nObjects I have taken:\nNone\nThe garbagecan does not contain a spraybottle. I need to continue my search for the spraybottle. The next logical place to check would be the countertop, as it is a common place for such items to be placed. After that, I can continue checking the remaining drawers if necessary."
    },
    {
      "obs": "You arrive at loc 13. On the countertop 1, you see a cloth 2, a soapbottle 1, a soapbottle 2, a soapbottle 3, a spraybottle 1, and a toiletpaper 3.",
      "act": "take spraybottle 1 from countertop 1",
      "thought": "I am now in/on: countertop 1\nCritical objects I have found:\nspraybottle 1 (countertop 1)\nObjects I have taken:\nNone\nI have found a spraybottle (1) on the countertop. Next, I need to take it."
    },
    {
      "obs": "You pick up the spraybottle 1 from the countertop 1.",
      "act": "go to toilet 1",
      "thought": "I am now in/on: countertop 1\nCritical objects I have found:\nspraybottle 1 (countertop 1)\nObjects I have taken:\nspraybottle 1\nNow that I have the spraybottle (1), I need to go to the toilet to complete the task."
    },
    {
      "obs": "You pick up the spraybottle 1 from the countertop 1.",
      "act": "put spraybottle 1 in/on toilet 1",
      "thought": "I am now in/on: countertop 1\nCritical objects I have found:\nspraybottle 1 (countertop 1)\nObjects I have taken:\nspraybottle 1\nI have taken the spraybottle (1) and need to put it in the toilet to complete the task. I will proceed to the toilet and place the spraybottle there."
    },
    {
      "obs": "You put the spraybottle 1 in/on the toilet 1.",
      "act": "go to drawer 8"
    }
  ]
}