{
  "task": "put a pan in diningtable.",
  "traj": [
    {
      "obs": "You are in the middle of a room. Looking quickly around you, you see a cabinet 1, a cabinet 10, a cabinet 11, a cabinet 2, a cabinet 3, a cabinet 4, a cabinet 5, a cabinet 6, a cabinet 7, a cabinet 8, a cabinet 9, a coffeemachine 1, a countertop 1, a countertop 2, a diningtable 1, a drawer 1, a drawer 2, a drawer 3, a fridge 1, a garbagecan 1, a microwave 1, a sinkbasin 1, a stoveburner 1, a stoveburner 2, a stoveburner 3, a stoveburner 4, and a toaster 1.",
      "act": "go to cabinet 9",
      "thought": "I am now in/on: the middle of a room\nCritical objects I have found:\nNone\nObjects I have taken:\nNone\nTo solve the task, I need to find and take a pan, then put it on the diningtable. First, I need to find a pan. A pan is more likely to appear in cabinets (1-11), countertop (1-2), or near the stoveburners (1-4). I can check one by one, starting with cabinet 9 since it's common to store pans in lower-numbered cabinets which are often used for storing cookware."
    },
    {
      "obs": "You arrive at loc 12. The cabinet 9 is closed.",
      "act": "open cabinet 9",
      "thought": "I am now in/on: cabinet 9\nCritical objects I have found:\nNone\nObjects I have taken:\nNone\nTo see objects in cabinet 9, I have to open it first."
    },
    {
      "obs": "You open the cabinet 9. The cabinet 9 is open. In it, you see a plate 1.",
      "act": "go to stoveburner 1",
      "thought": "I am now in/on: cabinet 9\nCritical objects I have found:\nNone\nObjects I have taken:\nNone\nIn cabinet 9, there is no pan. Next, I need to check near the stoveburners, starting with stoveburner 1, as pans are often stored or left near the cooking area."
    },
    {
      "obs": "You arrive at loc 30. On the stoveburner 1, you see a pot 1.",
      "act": "go to countertop 1",
      "thought": "I am now in/on: stoveburner 1\nCritical objects I have found:\nNone\nObjects I have taken:\nNone\nOn stoveburner 1, there is no pan. Next, I need to check countertop 1, as pans might be placed there temporarily after use or cleaning."
    },
    {
      "obs": "You arrive at loc 23. On the countertop 1, you see a pan 1, a peppershaker 2, a peppershaker 3, a soapbottle 1, a spatula 3, a spoon 1, a spoon 3, and a tomato 1.",
      "act": "take pan 1 from countertop 1",
      "thought": "I am now in/on: countertop 1\nCritical objects I have found:\npan 1 (countertop 1)\nObjects I have taken:\nNone\nNow I find a pan (1) on countertop 1. Next, I need to take it."
    },
    {
      "obs": "You pick up the pan 1 from the countertop 1.",
      "act": "go to diningtable 1",
      "thought": "I am now in/on: countertop 1\nCritical objects I have found:\npan 1 (countertop 1)\nObjects I have taken:\npan 1\nNow I have taken the pan (1). Next, I need to go to the diningtable 1 to put it there."
    },
    {
      "obs": "You arrive at loc 16. On the diningtable 1, you see nothing.",
      "act": "put pan 1 in/on diningtable 1",
      "thought": "I am now in/on: diningtable 1\nCritical objects I have found:\npan 1 (countertop 1)\nObjects I have taken:\npan 1\nNow I am at the diningtable 1. Next, I need to put the pan 1 in/on it."
    },
    {
      "obs": "You put the pan 1 in/on the diningtable 1.",
      "act": "go to cabinet 9"
    }
  ]
}