{
  "task": "put some alarmclock on desk.",
  "traj": [
    {
      "obs": "You are in the middle of a room. Looking quickly around you, you see a bed 1, a desk 1, a drawer 1, a drawer 2, a drawer 3, a drawer 4, a drawer 5, a dresser 1, and a garbagecan 1.",
      "act": "go to dresser 1",
      "thought": "I am now in/on: the middle of a room\nCritical objects I have found:\nNone\nObjects I have taken:\nNone\nTo solve the task, I need to find and take an alarm clock, then put it on the desk. First, I need to find an alarm clock. An alarm clock is more likely to appear in a dresser (1), drawers (1-5), or possibly on the desk (1) itself. I will check the dresser 1 first."
    },
    {
      "obs": "You arrive at loc 4. On the dresser 1, you see a alarmclock 1, a alarmclock 2, a creditcard 1, and a creditcard 2.",
      "act": "take alarmclock 1 from dresser 1",
      "thought": "I am now in/on: dresser 1\nCritical objects I have found:\nalarmclock 1 (dresser 1)\nObjects I have taken:\nNone\nNow I have found an alarm clock (1). Next, I need to take it."
    },
    {
      "obs": "You pick up the alarmclock 1 from the dresser 1.",
      "act": "go to desk 1",
      "thought": "I am now in/on: dresser 1\nCritical objects I have found:\nalarmclock 1 (dresser 1)\nObjects I have taken:\nalarmclock 1\nNow I have taken the alarm clock (1). Next, I need to go to the desk 1 and put it on there."
    },
    {
      "obs": "You arrive at loc 15. On the desk 1, you see a book 1, a cd 2, a desklamp 1, a keychain 1, a keychain 2, and a pencil 1.",
      "act": "put alarmclock 1 in/on desk 1",
      "thought": "I am now in/on: desk 1\nCritical objects I have found:\nalarmclock 1 (dresser 1)\nObjects I have taken:\nalarmclock 1\nNow I am at the desk 1. Next, I need to put the alarm clock 1 on it."
    },
    {
      "obs": "You put the alarmclock 1 in/on the desk 1.",
      "act": "go to dresser 1"
    }
  ]
}