{
  "task": "put a book in dresser.",
  "traj": [
    {
      "obs": "You are in the middle of a room. Looking quickly around you, you see a bed 1, a drawer 1, a drawer 10, a drawer 2, a drawer 3, a drawer 4, a drawer 5, a drawer 6, a drawer 7, a drawer 8, a drawer 9, a dresser 1, a garbagecan 1, a shelf 1, a shelf 2, a shelf 3, a shelf 4, a shelf 5, a shelf 6, a shelf 7, a shelf 8, and a shelf 9.",
      "act": "go to shelf 8",
      "thought": "I am now in/on: the middle of a room\nCritical objects I have found:\nNone\nObjects I have taken:\nNone\nTo solve the task, I need to find and take a book, then put it in the dresser. First, I need to find a book. A book is more likely to appear on shelves. I can check one by one, starting with shelf 8."
    },
    {
      "obs": "You arrive at loc 10. On the shelf 8, you see nothing.",
      "act": "go to drawer 6",
      "thought": "I am now in/on: shelf 8\nCritical objects I have found:\nNone\nObjects I have taken:\nNone\nOn shelf 8, there is no book. Next, I need to check drawer 6, as books can sometimes be stored in drawers as well."
    },
    {
      "obs": "You arrive at loc 23. The drawer 6 is closed.",
      "act": "open drawer 6",
      "thought": "I am now in/on: drawer 6\nCritical objects I have found:\nNone\nObjects I have taken:\nNone\nTo see objects in drawer 6, I have to open it first."
    },
    {
      "obs": "You open the drawer 6. The drawer 6 is open. In it, you see a book 1.",
      "act": "take book 1 from drawer 6",
      "thought": "I am now in/on: drawer 6\nCritical objects I have found:\nbook 1 (drawer 6)\nObjects I have taken:\nNone\nNow I find a book (1). Next, I need to take it."
    },
    {
      "obs": "You pick up the book 1 from the drawer 6.",
      "act": "go to dresser 1",
      "thought": "I am now in/on: drawer 6\nCritical objects I have found:\nbook 1 (drawer 6)\nObjects I have taken:\nbook 1\nNow I have taken the book (1). Next, I need to go to the dresser and put the book in it."
    },
    {
      "obs": "You arrive at loc 18. On the dresser 1, you see a alarmclock 1, a alarmclock 2, a alarmclock 3, a cd 1, a creditcard 1, a desklamp 1, a pen 2, and a statue 1.",
      "act": "put book 1 in/on dresser 1",
      "thought": "I am now in/on: dresser 1\nCritical objects I have found:\nbook 1 (drawer 6)\nObjects I have taken:\nbook 1\nNow I am at the dresser 1. Next, I need to put the book 1 in/on it."
    },
    {
      "obs": "You put the book 1 in/on the dresser 1.",
      "act": "go to shelf 8"
    }
  ]
}