{
  "task": "put some cellphone on drawer.",
  "traj": [
    {
      "obs": "You are in the middle of a room. Looking quickly around you, you see a bed 1, a desk 1, a drawer 1, a drawer 2, a drawer 3, a garbagecan 1, a safe 1, a shelf 1, a shelf 2, a shelf 3, a shelf 4, a shelf 5, a sidetable 1, and a sidetable 2.",
      "act": "go to drawer 3",
      "thought": "I am now in/on: the middle of a room\nCritical objects I have found:\nNone\nObjects I have taken:\nNone\nTo solve the task, I need to find and take a cellphone, then put it in/on a drawer. First, I need to find a cellphone. A cellphone is more likely to appear in drawers (1-3), sidetables (1-2), shelves (1-5), or maybe even on the desk (1). I can check one by one, starting with drawer 3."
    },
    {
      "obs": "You arrive at loc 10. The drawer 3 is closed.",
      "act": "open drawer 3",
      "thought": "I am now in/on: drawer 3\nCritical objects I have found:\nNone\nObjects I have taken:\nNone\nTo see objects in drawer 3, I have to open it first."
    },
    {
      "obs": "You open the drawer 3. The drawer 3 is open. In it, you see a creditcard 2.",
      "act": "go to shelf 3",
      "thought": "I am now in/on: drawer 3\nCritical objects I have found:\nNone\nObjects I have taken:\nNone\nIn drawer 3, there is no cellphone. Next, I need to check shelf 3."
    },
    {
      "obs": "You arrive at loc 17. On the shelf 3, you see a bowl 1, and a cellphone 2.",
      "act": "take cellphone 2 from shelf 3",
      "thought": "I am now in/on: shelf 3\nCritical objects I have found:\ncellphone 2 (shelf 3)\nObjects I have taken:\nNone\nNow I find a cellphone (2). Next, I need to take it."
    },
    {
      "obs": "You pick up the cellphone 2 from the shelf 3.",
      "act": "go to drawer 3",
      "thought": "I am now in/on: shelf 3\nCritical objects I have found:\ncellphone 2 (shelf 3)\nObjects I have taken:\ncellphone 2\nNow I have taken the cellphone (2). Next, I need to go to and put it in/on drawer 3."
    },
    {
      "obs": "You pick up the cellphone 2 from the shelf 3.",
      "act": "open drawer 3",
      "thought": "I am now in/on: shelf 3\nCritical objects I have found:\ncellphone 2 (shelf 3)\nObjects I have taken:\ncellphone 2\nI have already taken the cellphone (2) and I am currently at shelf 3. I need to go to drawer 3 to put the cellphone in it. However, it seems there was a mistake in the observation as it repeated the action of taking the cellphone. I should be at drawer 3 now, so I will proceed with the next step assuming I am at drawer 3."
    },
    {
      "obs": "You pick up the cellphone 2 from the shelf 3.",
      "act": "put cellphone 2 in/on drawer 3",
      "thought": "It seems there is a confusion in the observations. I have already taken the cellphone 2 from the shelf 3 and intended to go to drawer 3 to put the cellphone in it. However, the observation repeated the action of taking the cellphone, which should not be the case. I will correct the course of action based on the task at hand.\n\nI am currently holding the cellphone 2 and need to put it in/on drawer 3. I will proceed with the action to put the cellphone in/on drawer 3, assuming I am already at the correct location."
    },
    {
      "obs": "You put the cellphone 2 in/on the drawer 3.",
      "act": "close drawer 3"
    }
  ]
}