{
  "task": "put a watch in coffeetable.",
  "traj": [
    {
      "obs": "You are in the middle of a room. Looking quickly around you, you see a armchair 1, a armchair 2, a coffeetable 1, a coffeetable 2, a garbagecan 1, a shelf 1, a shelf 2, a shelf 3, a shelf 4, a shelf 5, a shelf 6, a shelf 7, a shelf 8, a sofa 1, and a tvstand 1.",
      "act": "go to shelf 3",
      "thought": "I am now in/on: the middle of a room\nCritical objects I have found:\nNone\nObjects I have taken:\nNone\nTo solve the task, I need to find and take a watch, then put it on a coffeetable. First, I need to find a watch. A watch is more likely to appear on shelves or possibly on a tvstand. I will check the shelves one by one, starting with shelf 3."
    },
    {
      "obs": "You arrive at loc 11. On the shelf 3, you see nothing.",
      "act": "go to shelf 8",
      "thought": "I am now in/on: shelf 3\nCritical objects I have found:\nNone\nObjects I have taken:\nNone\nOn shelf 3, there is no watch. Next, I need to check shelf 8."
    },
    {
      "obs": "You arrive at loc 2. On the shelf 8, you see a creditcard 1, a vase 2, and a watch 1.",
      "act": "take watch 1 from shelf 8",
      "thought": "I am now in/on: shelf 8\nCritical objects I have found:\nwatch 1 (shelf 8)\nObjects I have taken:\nNone\nNow I find a watch (1). Next, I need to take it."
    },
    {
      "obs": "You pick up the watch 1 from the shelf 8.",
      "act": "go to coffeetable 2",
      "thought": "I am now in/on: shelf 8\nCritical objects I have found:\nwatch 1 (shelf 8)\nObjects I have taken:\nwatch 1\nNow I have taken the watch (1). Next, I need to go to and put it on a coffeetable. I will choose coffeetable 2."
    },
    {
      "obs": "You arrive at loc 10. On the coffeetable 2, you see a box 1, a laptop 1, a statue 2, and a vase 3.",
      "act": "put watch 1 in/on coffeetable 2",
      "thought": "I am now in/on: coffeetable 2\nCritical objects I have found:\nwatch 1 (shelf 8)\nObjects I have taken:\nwatch 1\nNow I am at coffeetable 2. Next, I need to put the watch 1 in/on it."
    },
    {
      "obs": "You put the watch 1 in/on the coffeetable 2.",
      "act": "go to shelf 3"
    }
  ]
}