{
  "task": "put some spraybottle on countertop.",
  "traj": [
    {
      "obs": "You are in the middle of a room. Looking quickly around you, you see a countertop 1, a drawer 1, a drawer 2, a drawer 3, a drawer 4, a drawer 5, a drawer 6, a drawer 7, a drawer 8, a garbagecan 1, a handtowelholder 1, a sinkbasin 1, a sinkbasin 2, a toilet 1, a toiletpaperhanger 1, and a towelholder 1.",
      "act": "go to toilet 1",
      "thought": "I am now in/on: the middle of a room\nCritical objects I have found:\nNone\nObjects I have taken:\nNone\nTo solve the task, I need to find and take a spraybottle, then put it on the countertop. First, I need to find a spraybottle. A spraybottle is more likely to appear in drawers (1-8), sinkbasins (1-2), or possibly near the toilet. I can check one by one, starting with the toilet since it's a common place for cleaning supplies."
    },
    {
      "obs": "You arrive at loc 17. On the toilet 1, you see a spraybottle 1.",
      "act": "take spraybottle 1 from toilet 1",
      "thought": "I am now in/on: toilet 1\nCritical objects I have found:\nspraybottle 1 (toilet 1)\nObjects I have taken:\nNone\nI have found a spraybottle (1) on the toilet. Next, I need to take it."
    },
    {
      "obs": "You pick up the spraybottle 1 from the toilet 1.",
      "act": "go to countertop 1",
      "thought": "I am now in/on: toilet 1\nCritical objects I have found:\nspraybottle 1 (toilet 1)\nObjects I have taken:\nspraybottle 1\nNow I have taken the spraybottle (1). Next, I need to go to and put it on the countertop 1."
    },
    {
      "obs": "You arrive at loc 13. On the countertop 1, you see a candle 3, a dishsponge 1, a soapbar 1, and a toiletpaper 2.",
      "act": "put spraybottle 1 in/on countertop 1",
      "thought": "I am now in/on: countertop 1\nCritical objects I have found:\nspraybottle 1 (toilet 1)\nObjects I have taken:\nspraybottle 1\nNow I am at the countertop 1. Next, I need to put the spraybottle 1 on it."
    },
    {
      "obs": "You put the spraybottle 1 in/on the countertop 1.",
      "act": "go to toilet 1"
    }
  ]
}