{
  "task": "put some tissuebox on toilet.",
  "traj": [
    {
      "obs": "You are in the middle of a room. Looking quickly around you, you see a bathtubbasin 1, a countertop 1, a drawer 1, a drawer 2, a drawer 3, a drawer 4, a drawer 5, a drawer 6, a drawer 7, a drawer 8, a garbagecan 1, a handtowelholder 1, a sinkbasin 1, a toilet 1, a toiletpaperhanger 1, a towelholder 1, and a towelholder 2.",
      "act": "go to drawer 8",
      "thought": "I am now in/on: the middle of a room\nCritical objects I have found:\nNone\nObjects I have taken:\nNone\nTo solve the task, I need to find and take a tissuebox, then put it on the toilet. First, I need to find a tissuebox. A tissuebox is more likely to appear in drawers (1-8), countertop (1), or sinkbasin (1). I can check one by one, starting with drawer 8."
    },
    {
      "obs": "You arrive at loc 11. The drawer 8 is closed.",
      "act": "open drawer 8",
      "thought": "I am now in/on: drawer 8\nCritical objects I have found:\nNone\nObjects I have taken:\nNone\nTo see objects in drawer 8, I have to open it first."
    },
    {
      "obs": "You open the drawer 8. The drawer 8 is open. In it, you see a tissuebox 2.",
      "act": "take tissuebox 2 from drawer 8",
      "thought": "I am now in/on: drawer 8\nCritical objects I have found:\ntissuebox 2 (drawer 8)\nObjects I have taken:\nNone\nNow I find a tissuebox (2). Next, I need to take it."
    },
    {
      "obs": "You pick up the tissuebox 2 from the drawer 8.",
      "act": "go to toilet 1",
      "thought": "I am now in/on: drawer 8\nCritical objects I have found:\ntissuebox 2 (drawer 8)\nObjects I have taken:\ntissuebox 2\nNow I have taken a tissuebox (2). Next, I need to go to and put it on the toilet 1."
    },
    {
      "obs": "You arrive at loc 2. On the toilet 1, you see a candle 1, and a toiletpaper 1.",
      "act": "put tissuebox 2 in/on toilet 1",
      "thought": "I am now in/on: toilet 1\nCritical objects I have found:\ntissuebox 2 (drawer 8)\nObjects I have taken:\ntissuebox 2\nNow I am at the toilet 1. Next, I need to put the tissuebox 2 on it."
    },
    {
      "obs": "You put the tissuebox 2 in/on the toilet 1.",
      "act": "go to drawer 8"
    }
  ]
}