{
  "task": "put some handtowel on toilet.",
  "traj": [
    {
      "obs": "You are in the middle of a room. Looking quickly around you, you see a bathtubbasin 1, a countertop 1, a drawer 1, a drawer 2, a drawer 3, a drawer 4, a drawer 5, a drawer 6, a drawer 7, a drawer 8, a garbagecan 1, a handtowelholder 1, a handtowelholder 2, a sinkbasin 1, a toilet 1, a toiletpaperhanger 1, and a towelholder 1.",
      "act": "go to drawer 8",
      "thought": "I am now in/on: the middle of a room\nCritical objects I have found:\nNone\nObjects I have taken:\nNone\nTo solve the task, I need to find and take a handtowel, then put it on the toilet. First, I need to find a handtowel. A handtowel is more likely to appear in drawers (1-8) or on handtowelholders (1-2). I can check one by one, starting with drawer 8."
    },
    {
      "obs": "You arrive at loc 6. The drawer 8 is closed.",
      "act": "open drawer 8",
      "thought": "I am now in/on: drawer 8\nCritical objects I have found:\nNone\nObjects I have taken:\nNone\nTo see objects in drawer 8, I have to open it first."
    },
    {
      "obs": "You open the drawer 8. The drawer 8 is open. In it, you see nothing.",
      "act": "go to drawer 4",
      "thought": "I am now in/on: drawer 8\nCritical objects I have found:\nNone\nObjects I have taken:\nNone\nDrawer 8 is empty. Next, I need to check drawer 4 for a handtowel."
    },
    {
      "obs": "You arrive at loc 8. The drawer 4 is closed.",
      "act": "open drawer 4",
      "thought": "I am now in/on: drawer 4\nCritical objects I have found:\nNone\nObjects I have taken:\nNone\nTo see objects in drawer 4, I have to open it first."
    },
    {
      "obs": "You open the drawer 4. The drawer 4 is open. In it, you see nothing.",
      "act": "go to drawer 6",
      "thought": "I am now in/on: drawer 4\nCritical objects I have found:\nNone\nObjects I have taken:\nNone\nDrawer 4 is empty. Next, I need to check drawer 6 for a handtowel."
    },
    {
      "obs": "You arrive at loc 19. The drawer 6 is closed.",
      "act": "open drawer 6",
      "thought": "I am now in/on: drawer 6\nCritical objects I have found:\nNone\nObjects I have taken:\nNone\nTo see objects in drawer 6, I have to open it first."
    },
    {
      "obs": "You open the drawer 6. The drawer 6 is open. In it, you see a candle 1.",
      "act": "go to handtowelholder 2",
      "thought": "I am now in/on: drawer 6\nCritical objects I have found:\nNone\nObjects I have taken:\nNone\nDrawer 6 contains a candle but no handtowel. Next, I need to check handtowelholder 2 for a handtowel."
    },
    {
      "obs": "You arrive at loc 10. On the handtowelholder 2, you see a handtowel 1.",
      "act": "take handtowel 1 from handtowelholder 2",
      "thought": "I am now in/on: handtowelholder 2\nCritical objects I have found:\nhandtowel 1 (handtowelholder 2)\nObjects I have taken:\nNone\nNow I find a handtowel (1). Next, I need to take it."
    },
    {
      "obs": "You pick up the handtowel 1 from the handtowelholder 2.",
      "act": "go to toilet 1",
      "thought": "I am now in/on: handtowelholder 2\nCritical objects I have found:\nhandtowel 1 (handtowelholder 2)\nObjects I have taken:\nhandtowel 1\nNow I have taken the handtowel (1). Next, I need to go to and put it on the toilet 1."
    },
    {
      "obs": "You arrive at loc 12. On the toilet 1, you see a candle 3, a dishsponge 2, a dishsponge 3, a papertowelroll 1, and a toiletpaper 2.",
      "act": "put handtowel 1 in/on toilet 1",
      "thought": "I am now in/on: handtowelholder 2\nCritical objects I have found:\nhandtowel 1 (handtowelholder 2)\nObjects I have taken:\nhandtowel 1\nNow I am at the toilet 1. Next, I need to put the handtowel 1 on it."
    },
    {
      "obs": "You put the handtowel 1 in/on the toilet 1.",
      "act": "go to drawer 8"
    }
  ]
}