{
  "task": "put some toiletpaper on toiletpaperhanger.",
  "traj": [
    {
      "obs": "You are in the middle of a room. Looking quickly around you, you see a cabinet 1, a cabinet 2, a cabinet 3, a cabinet 4, a countertop 1, a garbagecan 1, a handtowelholder 1, a sinkbasin 1, a sinkbasin 2, a toilet 1, a toiletpaperhanger 1, and a towelholder 1.",
      "act": "go to toiletpaperhanger 1",
      "thought": "I am now in/on: the middle of a room\nCritical objects I have found:\nNone\nObjects I have taken:\nNone\nTo solve the task, I need to find and take some toiletpaper, then put it on the toiletpaperhanger. First, I need to find toiletpaper. Toiletpaper is more likely to appear in cabinets (1-4), or possibly near the toilet area. I can check one by one, starting with the nearest cabinet."
    },
    {
      "obs": "You arrive at loc 10. On the toiletpaperhanger 1, you see nothing.",
      "act": "go to garbagecan 1",
      "thought": "I am now in/on: toiletpaperhanger 1\nCritical objects I have found:\nNone\nObjects I have taken:\nNone\nThe toiletpaperhanger is empty, so I need to find toiletpaper. It's unlikely to be in the garbagecan, but I will check there before moving on to the cabinets."
    },
    {
      "obs": "You arrive at loc 9. On the garbagecan 1, you see nothing.",
      "act": "go to countertop 1",
      "thought": "I am now in/on: garbagecan 1\nCritical objects I have found:\nNone\nObjects I have taken:\nNone\nThe garbagecan is empty, so there is no toiletpaper there. Next, I will check the countertop before moving on to the cabinets."
    },
    {
      "obs": "You arrive at loc 7. On the countertop 1, you see a candle 2, a handtowel 1, a soapbar 2, and a toiletpaper 2.",
      "act": "take toiletpaper 2 from countertop 1",
      "thought": "I am now in/on: countertop 1\nCritical objects I have found:\ntoiletpaper 2 (countertop 1)\nObjects I have taken:\nNone\nI have found some toiletpaper (2) on the countertop 1. Next, I need to take it."
    },
    {
      "obs": "You pick up the toiletpaper 2 from the countertop 1.",
      "act": "go to toiletpaperhanger 1",
      "thought": "I am now in/on: countertop 1\nCritical objects I have found:\ntoiletpaper 2 (countertop 1)\nObjects I have taken:\ntoiletpaper 2\nNow I have taken the toiletpaper (2). Next, I need to go to and put it on the toiletpaperhanger 1."
    },
    {
      "obs": "You pick up the toiletpaper 2 from the countertop 1.",
      "act": "put toiletpaper 2 in/on toiletpaperhanger 1",
      "thought": "I am now in/on: countertop 1\nCritical objects I have found:\ntoiletpaper 2 (countertop 1)\nObjects I have taken:\ntoiletpaper 2\nNow I have taken the toiletpaper (2). Next, I need to put it on the toiletpaperhanger 1."
    },
    {
      "obs": "You put the toiletpaper 2 in/on the toiletpaperhanger 1.",
      "act": "go to garbagecan 1"
    }
  ]
}