{
  "task": "put some laptop on armchair.",
  "traj": [
    {
      "obs": "You are in the middle of a room. Looking quickly around you, you see a armchair 1, a armchair 2, a diningtable 1, a drawer 1, a drawer 2, a drawer 3, a drawer 4, a dresser 1, a garbagecan 1, a ottoman 1, a sidetable 1, a sidetable 2, a sidetable 3, and a sofa 1.",
      "act": "go to armchair 2",
      "thought": "I am now in/on: the middle of a room\nCritical objects I have found:\nNone\nObjects I have taken:\nNone\nTo solve the task, I need to find and take a laptop, then put it on an armchair. First, I need to find a laptop. A laptop is more likely to appear in or on furniture such as a drawer (1-4), dresser (1), sidetable (1-3), or ottoman (1). I can check one by one, starting with the closest target that might contain a laptop, which could be drawer 1."
    },
    {
      "obs": "You arrive at loc 24. On the armchair 2, you see nothing.",
      "act": "go to dresser 1",
      "thought": "I am now in/on: armchair 2\nCritical objects I have found:\nNone\nObjects I have taken:\nNone\nThe armchair 2 is empty, which is good because I will need a place to put the laptop once I find it. Now, I need to continue searching for the laptop. I will check the dresser 1 next, as it is a common place to store items like a laptop."
    },
    {
      "obs": "You arrive at loc 17. On the dresser 1, you see a television 1.",
      "act": "go to sofa 1",
      "thought": "I am now in/on: dresser 1\nCritical objects I have found:\nNone\nObjects I have taken:\nNone\nThe dresser 1 has a television on it, but no laptop. The sofa is not a typical place to store a laptop, but it's worth checking the nearby furniture before moving on to the drawers. I will go to the sofa 1 next to see if the laptop is there."
    },
    {
      "obs": "You arrive at loc 18. On the sofa 1, you see a box 1, a creditcard 1, a keychain 1, a keychain 2, and a pillow 1.",
      "act": "go to sidetable 3",
      "thought": "I am now in/on: sofa 1\nCritical objects I have found:\nNone\nObjects I have taken:\nNone\nThe sofa 1 has various items but no laptop. Next, I will check sidetable 3, as side tables are also common places where one might place a laptop."
    },
    {
      "obs": "You arrive at loc 5. On the sidetable 3, you see a creditcard 3, a desklamp 1, a houseplant 1, and a remotecontrol 2.",
      "act": "go to sidetable 2",
      "thought": "I am now in/on: sidetable 3\nCritical objects I have found:\nNone\nObjects I have taken:\nNone\nSidetable 3 has several items but no laptop. I will continue my search by checking sidetable 2 next."
    },
    {
      "obs": "You arrive at loc 2. On the sidetable 2, you see a statue 2.",
      "act": "go to sidetable 1",
      "thought": "I am now in/on: sidetable 2\nCritical objects I have found:\nNone\nObjects I have taken:\nNone\nSidetable 2 only has a statue on it, no laptop. I will now check sidetable 1 to continue my search for the laptop."
    },
    {
      "obs": "You arrive at loc 14. On the sidetable 1, you see nothing.",
      "act": "go to armchair 1",
      "thought": "I am now in/on: sidetable 1\nCritical objects I have found:\nNone\nObjects I have taken:\nNone\nSidetable 1 is empty, so there is no laptop here. I will now check armchair 1 before proceeding to the drawers, as sometimes laptops are left on armchairs."
    },
    {
      "obs": "You arrive at loc 13. On the armchair 1, you see nothing.",
      "act": "go to ottoman 1",
      "thought": "I am now in/on: armchair 1\nCritical objects I have found:\nNone\nObjects I have taken:\nNone\nArmchair 1 is empty, so there is no laptop here. Next, I will check the ottoman 1, as it's another piece of furniture where someone might place a laptop temporarily."
    },
    {
      "obs": "You arrive at loc 23. On the ottoman 1, you see nothing.",
      "act": "go to diningtable 1",
      "thought": "I am now in/on: ottoman 1\nCritical objects I have found:\nNone\nObjects I have taken:\nNone\nThe ottoman 1 is empty, so there is no laptop here. I will now check the diningtable 1, as it's a common area where someone might place a laptop, especially if they were using it for work or eating."
    },
    {
      "obs": "You arrive at loc 3. On the diningtable 1, you see a laptop 1, a laptop 2, a remotecontrol 1, a statue 1, a statue 3, and a watch 2.",
      "act": "take laptop 2 from diningtable 1",
      "thought": "I am now in/on: diningtable 1\nCritical objects I have found:\nlaptop 2 (diningtable 1)\nObjects I have taken:\nNone\nI have found not just one, but two laptops on the diningtable 1. I will take laptop 2."
    },
    {
      "obs": "You pick up the laptop 2 from the diningtable 1.",
      "act": "go to armchair 2",
      "thought": "I am now in/on: diningtable 1\nCritical objects I have found:\nlaptop 2 (diningtable 1)\nObjects I have taken:\nlaptop 2\nNow that I have the laptop 2, I need to put it on an armchair. I will go to armchair 2 to complete the task."
    },
    {
      "obs": "You arrive at loc 24. On the armchair 2, you see nothing.",
      "act": "put laptop 2 in/on armchair 2",
      "thought": "I am now in/on: armchair 2\nCritical objects I have found:\nlaptop 2 (diningtable 1)\nObjects I have taken:\nlaptop 2\nNow I am at armchair 2, which is empty. I will put the laptop 2 on it to complete the task."
    },
    {
      "obs": "You put the laptop 2 in/on the armchair 2.",
      "act": "go to dresser 1"
    }
  ]
}