{
  "task": "put a toiletpaper in toilet.",
  "traj": [
    {
      "obs": "You are in the middle of a room. Looking quickly around you, you see a bathtubbasin 1, a garbagecan 1, a handtowelholder 1, a shelf 1, a shelf 2, a shelf 3, a sinkbasin 1, a toilet 1, a toiletpaperhanger 1, and a towelholder 1.",
      "act": "go to shelf 2",
      "thought": "I am now in/on: the middle of a room\nCritical objects I have found:\nNone\nObjects I have taken:\nNone\nTo solve the task, I need to find and take a toiletpaper, then put it in the toilet. First, I need to find a toiletpaper. A toiletpaper is more likely to appear on shelves (1-3), sinkbasin (1), or maybe even in the garbagecan (1). I will check the shelves first, starting with shelf 2."
    },
    {
      "obs": "You arrive at loc 12. On the shelf 2, you see a tissuebox 1, and a toiletpaper 2.",
      "act": "take toiletpaper 2 from shelf 2",
      "thought": "I am now in/on: shelf 2\nCritical objects I have found:\ntoiletpaper 2 (shelf 2)\nObjects I have taken:\nNone\nNow I have found a toiletpaper (2). Next, I need to take it."
    },
    {
      "obs": "You pick up the toiletpaper 2 from the shelf 2.",
      "act": "go to toilet 1",
      "thought": "I am now in/on: shelf 2\nCritical objects I have found:\ntoiletpaper 2 (shelf 2)\nObjects I have taken:\ntoiletpaper 2\nNow I have taken the toiletpaper (2). Next, I need to go to the toilet and put it in."
    },
    {
      "obs": "You arrive at loc 9. On the toilet 1, you see a candle 1, a soapbar 3, and a soapbottle 1.",
      "act": "put toiletpaper 2 in/on toilet 1",
      "thought": "I am now in/on: toilet 1\nCritical objects I have found:\ntoiletpaper 2 (shelf 2)\nObjects I have taken:\ntoiletpaper 2\nNow I am at the toilet 1. Next, I need to put the toiletpaper 2 in/on it."
    },
    {
      "obs": "You put the toiletpaper 2 in/on the toilet 1.",
      "act": "go to shelf 2"
    }
  ]
}