{
  "task": "put some vase on sidetable.",
  "traj": [
    {
      "obs": "You are in the middle of a room. Looking quickly around you, you see a armchair 1, a coffeetable 1, a drawer 1, a drawer 2, a drawer 3, a drawer 4, a dresser 1, a garbagecan 1, a sidetable 1, a sidetable 2, and a sofa 1.",
      "act": "go to coffeetable 1",
      "thought": "I am now in/on: the middle of a room\nCritical objects I have found:\nNone\nObjects I have taken:\nNone\nTo solve the task, I need to find and take a vase, then put it on a sidetable. First, I need to find a vase. A vase is more likely to appear on surfaces like coffeetables, sidetables, dressers, or inside drawers. I will start by checking the coffeetable 1."
    },
    {
      "obs": "You arrive at loc 4. On the coffeetable 1, you see a book 2, a creditcard 3, a laptop 1, a laptop 2, a pen 3, a remotecontrol 3, and a vase 4.",
      "act": "take vase 4 from coffeetable 1",
      "thought": "I am now in/on: coffeetable 1\nCritical objects I have found:\nvase 4 (coffeetable 1)\nObjects I have taken:\nNone\nI have found a vase (4) on the coffeetable 1. Next, I need to take it."
    },
    {
      "obs": "You pick up the vase 4 from the coffeetable 1.",
      "act": "go to sidetable 2",
      "thought": "I am now in/on: coffeetable 1\nCritical objects I have found:\nvase 4 (coffeetable 1)\nObjects I have taken:\nvase 4\nNow that I have the vase (4), I need to put it on a sidetable. I will go to sidetable 2 to place the vase there."
    },
    {
      "obs": "You arrive at loc 21. On the sidetable 2, you see nothing.",
      "act": "put vase 4 in/on sidetable 2",
      "thought": "I am now in/on: sidetable 2\nCritical objects I have found:\nvase 4 (coffeetable 1)\nObjects I have taken:\nvase 4\nI am at sidetable 2 and it is empty, which is perfect for placing the vase. Now I will put the vase 4 in/on sidetable 2."
    },
    {
      "obs": "You put the vase 4 in/on the sidetable 2.",
      "act": "go to coffeetable 1"
    }
  ]
}