{
  "task": "put a potato in microwave.",
  "traj": [
    {
      "obs": "You are in the middle of a room. Looking quickly around you, you see a cabinet 1, a cabinet 10, a cabinet 11, a cabinet 12, a cabinet 13, a cabinet 2, a cabinet 3, a cabinet 4, a cabinet 5, a cabinet 6, a cabinet 7, a cabinet 8, a cabinet 9, a coffeemachine 1, a countertop 1, a countertop 2, a countertop 3, a countertop 4, a drawer 1, a drawer 10, a drawer 11, a drawer 12, a drawer 13, a drawer 14, a drawer 15, a drawer 16, a drawer 17, a drawer 18, a drawer 19, a drawer 2, a drawer 20, a drawer 21, a drawer 22, a drawer 23, a drawer 24, a drawer 25, a drawer 26, a drawer 27, a drawer 3, a drawer 4, a drawer 5, a drawer 6, a drawer 7, a drawer 8, a drawer 9, a fridge 1, a garbagecan 1, a microwave 1, a sinkbasin 1, a stoveburner 1, a stoveburner 2, a stoveburner 3, a stoveburner 4, and a toaster 1.",
      "act": "go to sinkbasin 1",
      "thought": "I am now in/on: the middle of a room\nCritical objects I have found:\nNone\nObjects I have taken:\nNone\nTo solve the task, I need to find and take a potato, then put it in the microwave. A potato is more likely to appear in places where food is stored or prepared, such as countertops, cabinets, drawers, or the fridge. I will start by checking the sinkbasin 1, as it's common for vegetables to be placed there temporarily after washing."
    },
    {
      "obs": "You arrive at loc 36. On the sinkbasin 1, you see a egg 2, and a potato 2.",
      "act": "take potato 2 from sinkbasin 1",
      "thought": "I am now in/on: sinkbasin 1\nCritical objects I have found:\npotato 2 (sinkbasin 1)\nObjects I have taken:\nNone\nI have found a potato (2) on the sinkbasin 1. Next, I need to take it."
    },
    {
      "obs": "You pick up the potato 2 from the sinkbasin 1.",
      "act": "go to microwave 1",
      "thought": "I am now in/on: sinkbasin 1\nCritical objects I have found:\npotato 2 (sinkbasin 1)\nObjects I have taken:\npotato 2\nNow that I have the potato (2), I need to go to the microwave to put it in. I will move to the microwave 1 next."
    },
    {
      "obs": "You arrive at loc 7. The microwave 1 is closed.",
      "act": "open microwave 1",
      "thought": "I am now in/on: microwave 1\nCritical objects I have found:\npotato 2 (sinkbasin 1)\nObjects I have taken:\npotato 2\nBefore I can put the potato in the microwave, I need to open it since it is currently closed."
    },
    {
      "obs": "You open the microwave 1. The microwave 1 is open. In it, you see a cup 2, and a mug 3.",
      "act": "put potato 2 in/on microwave 1",
      "thought": "I am now in/on: microwave 1\nCritical objects I have found:\npotato 2 (sinkbasin 1)\nObjects I have taken:\npotato 2\nThe microwave is now open and I can see there are other items inside. However, I can still put the potato in the microwave. I will proceed to put the potato (2) in the microwave."
    },
    {
      "obs": "You put the potato 2 in/on the microwave 1.",
      "act": "close microwave 1"
    }
  ]
}