{
  "task": "put some keychain on armchair.",
  "traj": [
    {
      "obs": "You are in the middle of a room. Looking quickly around you, you see a armchair 1, a bed 1, a cabinet 1, a cabinet 2, a cabinet 3, a cabinet 4, a drawer 1, a drawer 2, a drawer 3, a drawer 4, a drawer 5, a drawer 6, a dresser 1, a garbagecan 1, a sidetable 1, and a sidetable 2.",
      "act": "go to armchair 1",
      "thought": "I am now in/on: the middle of a room\nCritical objects I have found:\nNone\nObjects I have taken:\nNone\nTo solve the task, I need to find and take a keychain, then put it on armchair 1. First, I need to find a keychain. A keychain is more likely to appear in drawers (1-6), cabinets (1-4), sidetables (1-2), or dresser 1. I can check one by one, starting with the closest storage furniture, which could be drawer 1."
    },
    {
      "obs": "You arrive at loc 12. On the armchair 1, you see a creditcard 1, and a creditcard 2.",
      "act": "go to drawer 5",
      "thought": "I am now in/on: armchair 1\nCritical objects I have found:\nNone\nObjects I have taken:\nNone\nI have checked the armchair 1 and found no keychain. Next, I will check drawer 5 for a keychain, as it is one of the storage units in the room where a keychain might be found."
    },
    {
      "obs": "You arrive at loc 2. On the drawer 5, you see nothing.",
      "act": "go to sidetable 1",
      "thought": "I am now in/on: drawer 5\nCritical objects I have found:\nNone\nObjects I have taken:\nNone\nDrawer 5 has nothing in it. Next, I will check sidetable 1 for a keychain, as it is another place where a keychain might be found."
    },
    {
      "obs": "You arrive at loc 4. On the sidetable 1, you see a keychain 2, and a mug 3.",
      "act": "take keychain 2 from sidetable 1",
      "thought": "I am now in/on: sidetable 1\nCritical objects I have found:\nkeychain 2 (sidetable 1)\nObjects I have taken:\nNone\nI have found a keychain (2) on sidetable 1. Next, I need to take it."
    },
    {
      "obs": "You pick up the keychain 2 from the sidetable 1.",
      "act": "go to armchair 1",
      "thought": "I am now in/on: sidetable 1\nCritical objects I have found:\nkeychain 2 (sidetable 1)\nObjects I have taken:\nkeychain 2\nNow that I have the keychain (2), I need to go back to the armchair 1 to put it there."
    },
    {
      "obs": "You pick up the keychain 2 from the sidetable 1.",
      "act": "put keychain 2 in/on armchair 1",
      "thought": "I am now in/on: sidetable 1\nCritical objects I have found:\nkeychain 2 (sidetable 1)\nObjects I have taken:\nkeychain 2\nI have taken the keychain (2) and need to put it on the armchair 1. I should go to the armchair 1 to complete the task."
    },
    {
      "obs": "You put the keychain 2 in/on the armchair 1.",
      "act": "go to drawer 5"
    }
  ]
}