{
  "task": "put some tissuebox on sidetable.",
  "traj": [
    {
      "obs": "You are in the middle of a room. Looking quickly around you, you see a armchair 1, a coffeetable 1, a drawer 1, a drawer 2, a drawer 3, a drawer 4, a dresser 1, a garbagecan 1, a sidetable 1, a sidetable 2, a sidetable 3, and a sofa 1.",
      "act": "go to garbagecan 1",
      "thought": "I am now in/on: the middle of a room\nCritical objects I have found:\nNone\nObjects I have taken:\nNone\nTo solve the task, I need to find and take a tissuebox, then put it on a sidetable. First, I need to find a tissuebox. A tissuebox is more likely to appear in drawers (1-4), dresser (1), sidetables (1-3), or maybe even in the garbagecan (1). I will check the garbagecan 1 first since it's closest."
    },
    {
      "obs": "You arrive at loc 11. On the garbagecan 1, you see nothing.",
      "act": "go to drawer 4",
      "thought": "I am now in/on: garbagecan 1\nCritical objects I have found:\nNone\nObjects I have taken:\nNone\nIn the garbagecan 1, there is no tissuebox. Next, I need to check drawer 4."
    },
    {
      "obs": "You arrive at loc 17. The drawer 4 is closed.",
      "act": "open drawer 4",
      "thought": "I am now in/on: drawer 4\nCritical objects I have found:\nNone\nObjects I have taken:\nNone\nTo see objects in drawer 4, I have to open it first."
    },
    {
      "obs": "You open the drawer 4. The drawer 4 is open. In it, you see nothing.",
      "act": "go to dresser 1",
      "thought": "I am now in/on: drawer 4\nCritical objects I have found:\nNone\nObjects I have taken:\nNone\nDrawer 4 is empty, so there is no tissuebox here. Next, I need to check the dresser 1."
    },
    {
      "obs": "You arrive at loc 18. On the dresser 1, you see a book 1, a cellphone 1, a pen 1, a remotecontrol 1, a statue 1, and a television 1.",
      "act": "go to coffeetable 1",
      "thought": "I am now in/on: dresser 1\nCritical objects I have found:\nNone\nObjects I have taken:\nNone\nOn dresser 1, there is no tissuebox. Next, I need to check the coffeetable 1."
    },
    {
      "obs": "You arrive at loc 26. On the coffeetable 1, you see a box 1, a creditcard 1, a creditcard 2, a pencil 1, a remotecontrol 2, a statue 2, and a tissuebox 1.",
      "act": "take tissuebox 1 from coffeetable 1",
      "thought": "I am now in/on: coffeetable 1\nCritical objects I have found:\ntissuebox 1 (coffeetable 1)\nObjects I have taken:\nNone\nI have found a tissuebox (1) on the coffeetable 1. Next, I need to take it."
    },
    {
      "obs": "You pick up the tissuebox 1 from the coffeetable 1.",
      "act": "go to sidetable 2",
      "thought": "I am now in/on: coffeetable 1\nCritical objects I have found:\ntissuebox 1 (coffeetable 1)\nObjects I have taken:\ntissuebox 1\nNow I have taken the tissuebox (1). Next, I need to go to and put it on sidetable 2."
    },
    {
      "obs": "You arrive at loc 4. On the sidetable 2, you see a laptop 1, and a pencil 2.",
      "act": "put tissuebox 1 in/on sidetable 2",
      "thought": "I am now in/on: sidetable 2\nCritical objects I have found:\ntissuebox 1 (coffeetable 1)\nObjects I have taken:\ntissuebox 1\nNow I am at sidetable 2. Next, I need to put the tissuebox 1 in/on it."
    },
    {
      "obs": "You put the tissuebox 1 in/on the sidetable 2.",
      "act": "go to garbagecan 1"
    }
  ]
}