{
  "task": "put a egg in microwave.",
  "traj": [
    {
      "obs": "You are in the middle of a room. Looking quickly around you, you see a cabinet 1, a cabinet 2, a coffeemachine 1, a countertop 1, a countertop 2, a countertop 3, a diningtable 1, a drawer 1, a drawer 2, a drawer 3, a drawer 4, a drawer 5, a drawer 6, a fridge 1, a garbagecan 1, a microwave 1, a sinkbasin 1, a stoveburner 1, a stoveburner 2, a stoveburner 3, a stoveburner 4, and a toaster 1.",
      "act": "go to fridge 1",
      "thought": "I am now in/on: the middle of a room\nCritical objects I have found:\nNone\nObjects I have taken:\nNone\nTo solve the task, I need to find and take an egg, then put it in the microwave. First, I need to find an egg. An egg is more likely to be found in the fridge (1), on countertops (1-3), or in garbagecan (1). I will start by checking the fridge 1."
    },
    {
      "obs": "You arrive at loc 26. The fridge 1 is closed.",
      "act": "open fridge 1",
      "thought": "I am now in/on: fridge 1\nCritical objects I have found:\nNone\nObjects I have taken:\nNone\nTo see objects in fridge 1, I have to open it first."
    },
    {
      "obs": "You open the fridge 1. The fridge 1 is open. In it, you see a bread 1, a cup 2, a potato 1, and a tomato 1.",
      "act": "go to countertop 1",
      "thought": "I am now in/on: fridge 1\nCritical objects I have found:\nNone\nObjects I have taken:\nNone\nIn fridge 1, there is no egg. Next, I need to check countertop 1."
    },
    {
      "obs": "You arrive at loc 20. On the countertop 1, you see a cup 1.",
      "act": "go to microwave 1",
      "thought": "I am now in/on: countertop 1\nCritical objects I have found:\nNone\nObjects I have taken:\nNone\nOn countertop 1, there is no egg. I need to continue searching for an egg. However, I mistakenly chose to go to the microwave next, which is not the correct action since I have not yet found an egg. I should instead check the other countertops or the garbagecan for an egg. Let me correct that."
    },
    {
      "obs": "You arrive at loc 8. The microwave 1 is closed.",
      "act": "open microwave 1",
      "thought": "I am now in/on: microwave 1\nCritical objects I have found:\nNone\nObjects I have taken:\nNone\nI have mistakenly gone to the microwave without having an egg to put inside. I need to find an egg first. I will continue searching the countertops or check the garbagecan for an egg. Let's correct the action and go to countertop 2 next."
    },
    {
      "obs": "You open the microwave 1. The microwave 1 is open. In it, you see nothing.",
      "act": "go to countertop 2",
      "thought": "I am now in/on: microwave 1\nCritical objects I have found:\nNone\nObjects I have taken:\nNone\nI have opened the microwave prematurely as I do not yet have an egg to put inside. I need to find an egg first. I will continue my search by checking countertop 2."
    },
    {
      "obs": "You arrive at loc 4. On the countertop 2, you see a bowl 1, a bread 2, a fork 1, a houseplant 1, a mug 1, and a potato 2.",
      "act": "go to sinkbasin 1",
      "thought": "I am now in/on: countertop 2\nCritical objects I have found:\nNone\nObjects I have taken:\nNone\nOn countertop 2, there is no egg. Next, I need to check sinkbasin 1, as eggs are sometimes found near the sink for washing before use or after being used and left out."
    },
    {
      "obs": "You arrive at loc 13. On the sinkbasin 1, you see a apple 1, a butterknife 1, a dishsponge 1, a knife 1, a ladle 2, and a spatula 1.",
      "act": "go to diningtable 1",
      "thought": "I am now in/on: sinkbasin 1\nCritical objects I have found:\nNone\nObjects I have taken:\nNone\nOn sinkbasin 1, there is no egg. Next, I need to check diningtable 1, as sometimes food items can be left on the table."
    },
    {
      "obs": "You arrive at loc 9. On the diningtable 1, you see a bread 3, a cup 3, a egg 1, a egg 2, a ladle 3, a lettuce 1, a lettuce 2, a pan 1, a plate 2, a saltshaker 3, a soapbottle 2, a spoon 1, and a tomato 2.",
      "act": "take egg 2 from diningtable 1",
      "thought": "I am now in/on: diningtable 1\nCritical objects I have found:\negg 2 (diningtable 1)\nObjects I have taken:\nNone\nNow I have found an egg (2) on the diningtable 1. Next, I need to take it."
    },
    {
      "obs": "You pick up the egg 2 from the diningtable 1.",
      "act": "go to microwave 1",
      "thought": "I am now in/on: diningtable 1\nCritical objects I have found:\negg 2 (diningtable 1)\nObjects I have taken:\negg 2\nNow I have taken the egg (2). Next, I need to go to the microwave 1 to put the egg inside."
    },
    {
      "obs": "You arrive at loc 8. The microwave 1 is closed.",
      "act": "open microwave 1",
      "thought": "I am now in/on: microwave 1\nCritical objects I have found:\negg 2 (diningtable 1)\nObjects I have taken:\negg 2\nI am at the microwave, but it is closed. I need to open it to put the egg inside."
    },
    {
      "obs": "You open the microwave 1. The microwave 1 is open. In it, you see nothing.",
      "act": "put egg 2 in/on microwave 1",
      "thought": "I am now in/on: microwave 1\nCritical objects I have found:\negg 2 (diningtable 1)\nObjects I have taken:\negg 2\nNow the microwave is open, and I have the egg (2) ready to be put inside. I will proceed with placing the egg in the microwave."
    },
    {
      "obs": "You put the egg 2 in/on the microwave 1.",
      "act": "close microwave 1"
    }
  ]
}