{
  "task": "put some pencil on desk.",
  "traj": [
    {
      "obs": "You are in the middle of a room. Looking quickly around you, you see a armchair 1, a armchair 2, a armchair 3, a bed 1, a cabinet 1, a cabinet 2, a desk 1, a drawer 1, a drawer 2, a drawer 3, a drawer 4, a garbagecan 1, a laundryhamper 1, a safe 1, and a sidetable 1.",
      "act": "go to desk 1",
      "thought": "I am now in/on: the middle of a room\nCritical objects I have found:\nNone\nObjects I have taken:\nNone\nTo solve the task, I need to find and take a pencil, then put it on the desk. First, I need to find a pencil. A pencil is more likely to appear in drawers (1-4), desk (1), or sidetable (1). I can check one by one, starting with desk 1 since I am already tasked to go there."
    },
    {
      "obs": "You arrive at loc 9. On the desk 1, you see a cellphone 3, a houseplant 1, a laptop 3, a mug 2, and a pen 1.",
      "act": "go to drawer 2",
      "thought": "I am now in/on: desk 1\nCritical objects I have found:\nNone\nObjects I have taken:\nNone\nOn desk 1, there is no pencil. Next, I need to check drawer 2."
    },
    {
      "obs": "You arrive at loc 7. On the drawer 2, you see a creditcard 2.",
      "act": "go to sidetable 1",
      "thought": "I am now in/on: drawer 2\nCritical objects I have found:\nNone\nObjects I have taken:\nNone\nIn drawer 2, there is no pencil. Next, I need to check sidetable 1."
    },
    {
      "obs": "You arrive at loc 29. On the sidetable 1, you see a alarmclock 1, a creditcard 1, a desklamp 1, and a pencil 1.",
      "act": "take pencil 1 from sidetable 1",
      "thought": "I am now in/on: sidetable 1\nCritical objects I have found:\npencil 1 (sidetable 1)\nObjects I have taken:\nNone\nNow I find a pencil (1). Next, I need to take it."
    },
    {
      "obs": "You pick up the pencil 1 from the sidetable 1.",
      "act": "go to desk 1",
      "thought": "I am now in/on: sidetable 1\nCritical objects I have found:\npencil 1 (sidetable 1)\nObjects I have taken:\npencil 1\nNow I have taken a pencil (1). Next, I need to go to and put it on desk 1."
    },
    {
      "obs": "You pick up the pencil 1 from the sidetable 1.",
      "act": "put pencil 1 in/on desk 1",
      "thought": "I am now in/on: sidetable 1\nCritical objects I have found:\npencil 1 (sidetable 1)\nObjects I have taken:\npencil 1\nI have taken the pencil 1 and need to put it on desk 1. I should go to desk 1 to complete the task."
    },
    {
      "obs": "You put the pencil 1 in/on the desk 1.",
      "act": "go to drawer 2"
    }
  ]
}