{
  "task": "put a newspaper in ottoman.",
  "traj": [
    {
      "obs": "You are in the middle of a room. Looking quickly around you, you see a armchair 1, a coffeetable 1, a coffeetable 2, a drawer 1, a drawer 2, a drawer 3, a drawer 4, a drawer 5, a drawer 6, a drawer 7, a drawer 8, a dresser 1, a dresser 2, a garbagecan 1, a ottoman 1, and a sofa 1.",
      "act": "go to garbagecan 1",
      "thought": "I am now in/on: the middle of a room\nCritical objects I have found:\nNone\nObjects I have taken:\nNone\nTo solve the task, I need to find and take a newspaper, then put it in the ottoman. First, I need to find a newspaper. A newspaper is more likely to appear in or on furniture like a coffeetable, dresser, or drawer, but it could also be discarded in the garbagecan. I will start by checking the garbagecan."
    },
    {
      "obs": "You arrive at loc 20. On the garbagecan 1, you see nothing.",
      "act": "go to coffeetable 2",
      "thought": "I am now in/on: garbagecan 1\nCritical objects I have found:\nNone\nObjects I have taken:\nNone\nIn garbagecan 1, there is no newspaper. Next, I need to check coffeetable 2."
    },
    {
      "obs": "You arrive at loc 18. On the coffeetable 2, you see a creditcard 1.",
      "act": "go to drawer 4",
      "thought": "I am now in/on: coffeetable 2\nCritical objects I have found:\nNone\nObjects I have taken:\nNone\nOn coffeetable 2, there is no newspaper. Next, I need to check drawer 4."
    },
    {
      "obs": "You arrive at loc 25. The drawer 4 is closed.",
      "act": "open drawer 4",
      "thought": "I am now in/on: drawer 4\nCritical objects I have found:\nNone\nObjects I have taken:\nNone\nTo see objects in drawer 4, I have to open it first."
    },
    {
      "obs": "You open the drawer 4. The drawer 4 is open. In it, you see nothing.",
      "act": "go to coffeetable 1",
      "thought": "I am now in/on: drawer 4\nCritical objects I have found:\nNone\nObjects I have taken:\nNone\nDrawer 4 is empty, so there is no newspaper there. Next, I need to check coffeetable 1."
    },
    {
      "obs": "You arrive at loc 16. On the coffeetable 1, you see a desklamp 1.",
      "act": "go to drawer 7",
      "thought": "I am now in/on: coffeetable 1\nCritical objects I have found:\nNone\nObjects I have taken:\nNone\nOn coffeetable 1, there is no newspaper. Next, I need to check drawer 7."
    },
    {
      "obs": "You arrive at loc 3. The drawer 7 is closed.",
      "act": "open drawer 7",
      "thought": "I am now in/on: drawer 7\nCritical objects I have found:\nNone\nObjects I have taken:\nNone\nTo see objects in drawer 7, I have to open it first."
    },
    {
      "obs": "You open the drawer 7. The drawer 7 is open. In it, you see nothing.",
      "act": "go to armchair 1",
      "thought": "I am now in/on: drawer 7\nCritical objects I have found:\nNone\nObjects I have taken:\nNone\nDrawer 7 is empty, so there is no newspaper there. Next, I need to check armchair 1. Newspapers are sometimes found near places where people sit and read."
    },
    {
      "obs": "You arrive at loc 24. On the armchair 1, you see nothing.",
      "act": "go to drawer 3",
      "thought": "I am now in/on: armchair 1\nCritical objects I have found:\nNone\nObjects I have taken:\nNone\nOn armchair 1, there is no newspaper. Next, I need to check drawer 3."
    },
    {
      "obs": "You arrive at loc 27. The drawer 3 is closed.",
      "act": "open drawer 3",
      "thought": "I am now in/on: drawer 3\nCritical objects I have found:\nNone\nObjects I have taken:\nNone\nTo see objects in drawer 3, I have to open it first."
    },
    {
      "obs": "You open the drawer 3. The drawer 3 is open. In it, you see nothing.",
      "act": "go to sofa 1",
      "thought": "I am now in/on: drawer 3\nCritical objects I have found:\nNone\nObjects I have taken:\nNone\nDrawer 3 is empty, so there is no newspaper there. Next, I need to check sofa 1. Newspapers are sometimes found near places where people sit and relax."
    },
    {
      "obs": "You arrive at loc 28. On the sofa 1, you see a creditcard 2, a laptop 1, a newspaper 2, a newspaper 3, a pillow 1, and a pillow 2.",
      "act": "take newspaper 2 from sofa 1",
      "thought": "I am now in/on: sofa 1\nCritical objects I have found:\nnewspaper 2 (sofa 1)\nObjects I have taken:\nNone\nNow I have found newspapers on the sofa. Next, I need to take one of them."
    },
    {
      "obs": "You pick up the newspaper 2 from the sofa 1.",
      "act": "go to ottoman 1",
      "thought": "I am now in/on: sofa 1\nCritical objects I have found:\nnewspaper 2 (sofa 1)\nObjects I have taken:\nnewspaper 2\nNow I have taken a newspaper (2). Next, I need to go to and put it in the ottoman."
    },
    {
      "obs": "You arrive at loc 26. On the ottoman 1, you see a laptop 2, and a laptop 3.",
      "act": "put newspaper 2 in/on ottoman 1",
      "thought": "I am now in/on: ottoman 1\nCritical objects I have found:\nnewspaper 2 (sofa 1)\nObjects I have taken:\nnewspaper 2\nNow I am at the ottoman 1. Next, I need to put the newspaper 2 in/on it."
    },
    {
      "obs": "You put the newspaper 2 in/on the ottoman 1.",
      "act": "go to garbagecan 1"
    }
  ]
}