{
  "task": "put some cd on sidetable.",
  "traj": [
    {
      "obs": "You are in the middle of a room. Looking quickly around you, you see a bed 1, a diningtable 1, a drawer 1, a drawer 2, a drawer 3, a drawer 4, a garbagecan 1, a sidetable 1, and a sidetable 2.",
      "act": "go to sidetable 2",
      "thought": "I am now in/on: the middle of a room\nCritical objects I have found:\nNone\nObjects I have taken:\nNone\nTo solve the task, I need to find and take a CD, then put it on a sidetable. First, I need to find a CD. A CD is more likely to appear in drawers (1-4), sidetables (1-2), or possibly in the garbagecan (1). I can check one by one, starting with sidetable 2 since I am already tasked to go there."
    },
    {
      "obs": "You arrive at loc 2. On the sidetable 2, you see a pen 1, and a pencil 1.",
      "act": "go to drawer 1",
      "thought": "I am now in/on: sidetable 2\nCritical objects I have found:\nNone\nObjects I have taken:\nNone\nOn sidetable 2, there is no CD. Next, I need to check drawer 1."
    },
    {
      "obs": "You arrive at loc 13. The drawer 1 is closed.",
      "act": "open drawer 1",
      "thought": "I am now in/on: drawer 1\nCritical objects I have found:\nNone\nObjects I have taken:\nNone\nTo see objects in drawer 1, I have to open it first."
    },
    {
      "obs": "You open the drawer 1. The drawer 1 is open. In it, you see nothing.",
      "act": "go to drawer 3",
      "thought": "I am now in/on: drawer 1\nCritical objects I have found:\nNone\nObjects I have taken:\nNone\nDrawer 1 is empty, so there is no CD here. Next, I need to check drawer 3."
    },
    {
      "obs": "You arrive at loc 3. On the drawer 3, you see nothing.",
      "act": "go to diningtable 1",
      "thought": "I am now in/on: drawer 3\nCritical objects I have found:\nNone\nObjects I have taken:\nNone\nDrawer 3 is empty, so there is no CD here. Next, I need to check diningtable 1."
    },
    {
      "obs": "You arrive at loc 7. On the diningtable 1, you see a alarmclock 1, a alarmclock 2, a cd 1, a cd 2, a cd 3, a keychain 2, a mug 1, a mug 2, a mug 3, a pen 2, a pencil 2, and a pencil 3.",
      "act": "take cd 1 from diningtable 1",
      "thought": "I am now in/on: diningtable 1\nCritical objects I have found:\ncd 1 (diningtable 1)\nObjects I have taken:\nNone\nI have found CDs on the diningtable 1. Next, I need to take one of them."
    },
    {
      "obs": "You pick up the cd 1 from the diningtable 1.",
      "act": "go to sidetable 2",
      "thought": "I am now in/on: diningtable 1\nCritical objects I have found:\ncd 1 (diningtable 1)\nObjects I have taken:\ncd 1\nNow I have taken a CD (1). Next, I need to go to and put it on sidetable 2."
    },
    {
      "obs": "You arrive at loc 2. On the sidetable 2, you see a pen 1, and a pencil 1.",
      "act": "put cd 1 in/on sidetable 2",
      "thought": "I am now in/on: sidetable 2\nCritical objects I have found:\ncd 1 (diningtable 1)\nObjects I have taken:\ncd 1\nNow I am at sidetable 2. Next, I need to put the CD (1) on it."
    },
    {
      "obs": "You put the cd 1 in/on the sidetable 2.",
      "act": "go to drawer 1"
    }
  ]
}