{
  "task": "put a pencil in desk.",
  "traj": [
    {
      "obs": "You are in the middle of a room. Looking quickly around you, you see a bed 1, a desk 1, a drawer 1, a drawer 2, a drawer 3, a garbagecan 1, a laundryhamper 1, a shelf 1, a shelf 2, and a sidetable 1.",
      "act": "go to sidetable 1",
      "thought": "I am now in/on: the middle of a room\nCritical objects I have found:\nNone\nObjects I have taken:\nNone\nTo solve the task, I need to find and take a pencil, then put it in the desk. First, I need to find a pencil. A pencil is more likely to appear in places like a desk, drawers, or a sidetable. I will start by checking the sidetable 1."
    },
    {
      "obs": "You arrive at loc 20. On the sidetable 1, you see a alarmclock 1, a alarmclock 2, a bowl 1, a desklamp 1, a keychain 2, a pen 2, a pencil 1, and a pencil 2.",
      "act": "take pencil 1 from sidetable 1",
      "thought": "I am now in/on: sidetable 1\nCritical objects I have found:\npencil 1 (sidetable 1)\nObjects I have taken:\nNone\nI have found pencils on the sidetable 1. Next, I need to take one of them."
    },
    {
      "obs": "You pick up the pencil 1 from the sidetable 1.",
      "act": "go to desk 1",
      "thought": "I am now in/on: sidetable 1\nCritical objects I have found:\npencil 1 (sidetable 1)\nObjects I have taken:\npencil 1\nNow that I have taken pencil 1, I need to go to the desk to put it there."
    },
    {
      "obs": "You arrive at loc 1. On the desk 1, you see a bowl 2, a cd 1, a cd 3, a keychain 1, and a remotecontrol 2.",
      "act": "put pencil 1 in/on desk 1",
      "thought": "I am now in/on: desk 1\nCritical objects I have found:\npencil 1 (sidetable 1)\nObjects I have taken:\npencil 1\nI am at the desk 1 with pencil 1. Now I need to put the pencil in/on the desk."
    },
    {
      "obs": "You put the pencil 1 in/on the desk 1.",
      "act": "go to sidetable 1"
    }
  ]
}