{
  "task": "put some cellphone on bed.",
  "traj": [
    {
      "obs": "You are in the middle of a room. Looking quickly around you, you see a armchair 1, a bed 1, a cabinet 1, a cabinet 2, a cabinet 3, a cabinet 4, a drawer 1, a drawer 2, a drawer 3, a drawer 4, a drawer 5, a drawer 6, a dresser 1, a garbagecan 1, a sidetable 1, and a sidetable 2.",
      "act": "go to armchair 1",
      "thought": "I am now in/on: the middle of a room\nCritical objects I have found:\nNone\nObjects I have taken:\nNone\nTo solve the task, I need to find and take a cellphone, then put it on the bed. A cellphone is more likely to appear on or in furniture like sidetables, drawers, dressers, or cabinets. I can check one by one, starting with armchair 1, although it's less likely to find a cellphone there."
    },
    {
      "obs": "You arrive at loc 13. On the armchair 1, you see a book 1, a creditcard 2, and a keychain 2.",
      "act": "go to drawer 5",
      "thought": "I am now in/on: armchair 1\nCritical objects I have found:\nNone\nObjects I have taken:\nNone\nOn armchair 1, there is no cellphone. Next, I need to check drawer 5, as drawers are common places to find small personal items like cellphones."
    },
    {
      "obs": "You arrive at loc 2. On the drawer 5, you see nothing.",
      "act": "go to sidetable 1",
      "thought": "I am now in/on: drawer 5\nCritical objects I have found:\nNone\nObjects I have taken:\nNone\nIn drawer 5, there is no cellphone. Next, I need to check sidetable 1, as sidetables are also common places where one might place a cellphone."
    },
    {
      "obs": "You arrive at loc 4. On the sidetable 1, you see a alarmclock 2, a cd 3, and a mug 2.",
      "act": "go to drawer 2",
      "thought": "I am now in/on: sidetable 1\nCritical objects I have found:\nNone\nObjects I have taken:\nNone\nOn sidetable 1, there is no cellphone. Next, I need to check drawer 2, continuing the search for the cellphone."
    },
    {
      "obs": "You arrive at loc 8. The drawer 2 is closed.",
      "act": "open drawer 2",
      "thought": "I am now in/on: sidetable 1\nCritical objects I have found:\nNone\nObjects I have taken:\nNone\nDrawer 2 is closed, and I need to open it to check for a cellphone inside."
    },
    {
      "obs": "You open the drawer 2. The drawer 2 is open. In it, you see nothing.",
      "act": "go to dresser 1",
      "thought": "I am now in/on: drawer 2\nCritical objects I have found:\nNone\nObjects I have taken:\nNone\nDrawer 2 is open, but there is no cellphone inside. Next, I need to check dresser 1, as dressers are another common place where people might leave a cellphone."
    },
    {
      "obs": "You arrive at loc 6. On the dresser 1, you see a alarmclock 1, a cellphone 1, a keychain 1, a laptop 1, and a pencil 1.",
      "act": "take cellphone 1 from dresser 1",
      "thought": "I am now in/on: dresser 1\nCritical objects I have found:\ncellphone 1 (dresser 1)\nObjects I have taken:\nNone\nI have found a cellphone (1) on dresser 1. Next, I need to take it."
    },
    {
      "obs": "You pick up the cellphone 1 from the dresser 1.",
      "act": "go to bed 1",
      "thought": "I am now in/on: dresser 1\nCritical objects I have found:\ncellphone 1 (dresser 1)\nObjects I have taken:\ncellphone 1\nNow that I have the cellphone (1), I need to go to the bed and put it there."
    },
    {
      "obs": "You arrive at loc 23. On the bed 1, you see a book 2, a laptop 2, a laptop 3, a pillow 1, and a pillow 2.",
      "act": "put cellphone 1 in/on bed 1",
      "thought": "I am now in/on: bed 1\nCritical objects I have found:\ncellphone 1 (dresser 1)\nObjects I have taken:\ncellphone 1\nNow I am at the bed 1. Next, I need to put the cellphone 1 in/on it."
    },
    {
      "obs": "You put the cellphone 1 in/on the bed 1.",
      "act": "go to armchair 1"
    }
  ]
}