{
  "task": "put a remotecontrol in sofa.",
  "traj": [
    {
      "obs": "You are in the middle of a room. Looking quickly around you, you see a armchair 1, a armchair 2, a coffeetable 1, a coffeetable 2, a garbagecan 1, a shelf 1, a shelf 2, a shelf 3, a shelf 4, a shelf 5, a shelf 6, a shelf 7, a shelf 8, a sofa 1, and a tvstand 1.",
      "act": "go to shelf 3",
      "thought": "I am now in/on: the middle of a room\nCritical objects I have found:\nNone\nObjects I have taken:\nNone\nTo solve the task, I need to find and take a remote control, then put it in/on the sofa. First, I need to find a remote control. A remote control is more likely to appear on shelves (1-8), coffeetables (1-2), or a tvstand (1). I can check one by one, starting with shelf 3."
    },
    {
      "obs": "You arrive at loc 12. On the shelf 3, you see a statue 2.",
      "act": "go to coffeetable 2",
      "thought": "I am now in/on: shelf 3\nCritical objects I have found:\nNone\nObjects I have taken:\nNone\nOn shelf 3, there is no remote control. Next, I need to check coffeetable 2."
    },
    {
      "obs": "You arrive at loc 11. On the coffeetable 2, you see a box 1, a remotecontrol 2, and a statue 3.",
      "act": "take remotecontrol 2 from coffeetable 2",
      "thought": "I am now in/on: coffeetable 2\nCritical objects I have found:\nremotecontrol 2 (coffeetable 2)\nObjects I have taken:\nNone\nNow I find a remote control (2). Next, I need to take it."
    },
    {
      "obs": "You pick up the remotecontrol 2 from the coffeetable 2.",
      "act": "go to sofa 1",
      "thought": "I am now in/on: coffeetable 2\nCritical objects I have found:\nremotecontrol 2 (coffeetable 2)\nObjects I have taken:\nremotecontrol 2\nNow I have taken the remote control (2). Next, I need to go to and put it in/on the sofa 1."
    },
    {
      "obs": "You arrive at loc 3. On the sofa 1, you see a creditcard 3, a laptop 1, and a pillow 1.",
      "act": "put remotecontrol 2 in/on sofa 1",
      "thought": "I am now in/on: sofa 1\nCritical objects I have found:\nremotecontrol 2 (coffeetable 2)\nObjects I have taken:\nremotecontrol 2\nNow I am at the sofa 1. Next, I need to put the remote control 2 in/on it."
    },
    {
      "obs": "You put the remotecontrol 2 in/on the sofa 1.",
      "act": "go to shelf 3"
    }
  ]
}