{
  "task": "put some candle on countertop.",
  "traj": [
    {
      "obs": "You are in the middle of a room. Looking quickly around you, you see a bathtubbasin 1, a countertop 1, a countertop 2, a drawer 1, a drawer 2, a drawer 3, a drawer 4, a garbagecan 1, a handtowelholder 1, a sinkbasin 1, a toilet 1, a toiletpaperhanger 1, a towelholder 1, and a towelholder 2.",
      "act": "go to toilet 1",
      "thought": "I am now in/on: the middle of a room\nCritical objects I have found:\nNone\nObjects I have taken:\nNone\nTo solve the task, I need to find and take a candle, then put it on a countertop. First, I need to find a candle. A candle is more likely to appear in drawers (1-4), on countertops (1-2), or in the garbagecan (1). I can check one by one, starting with the closest drawer or countertop.\n\nSince I am in the middle of the room, I will start by checking the nearest drawer or countertop. I will go to drawer 1 first."
    },
    {
      "obs": "You arrive at loc 2. On the toilet 1, you see a candle 2, a candle 3, a soapbar 2, a soapbottle 2, and a soapbottle 3.",
      "act": "take candle 3 from toilet 1",
      "thought": "I am now in/on: toilet 1\nCritical objects I have found:\ncandle 3 (toilet 1)\nObjects I have taken:\nNone\nI have found a candle (3) on the toilet 1. Next, I need to take it."
    },
    {
      "obs": "You pick up the candle 3 from the toilet 1.",
      "act": "go to countertop 1",
      "thought": "I am now in/on: toilet 1\nCritical objects I have found:\ncandle 3 (toilet 1)\nObjects I have taken:\ncandle 3\nNow I have taken the candle (3). Next, I need to go to and put it on countertop 1."
    },
    {
      "obs": "You arrive at loc 14. On the countertop 1, you see a soapbottle 1, and a toiletpaper 1.",
      "act": "put candle 3 in/on countertop 1",
      "thought": "I am now in/on: countertop 1\nCritical objects I have found:\ncandle 3 (toilet 1)\nObjects I have taken:\ncandle 3\nNow I am at countertop 1. Next, I need to put the candle 3 on it."
    },
    {
      "obs": "You put the candle 3 in/on the countertop 1.",
      "act": "go to toilet 1"
    }
  ]
}