{
  "task": "put a pen in desk.",
  "traj": [
    {
      "obs": "You are in the middle of a room. Looking quickly around you, you see a bed 1, a cabinet 1, a cabinet 2, a cabinet 3, a cabinet 4, a desk 1, a drawer 1, a drawer 2, a garbagecan 1, a shelf 1, and a sidetable 1.",
      "act": "go to drawer 1",
      "thought": "I am now in/on: the middle of a room\nCritical objects I have found:\nNone\nObjects I have taken:\nNone\nTo solve the task, I need to find and take a pen, then put it in the desk. First, I need to find a pen. A pen is more likely to appear in drawers (1-2), cabinets (1-4), desk (1), or sidetable (1). I will check one by one, starting with drawer 1."
    },
    {
      "obs": "You arrive at loc 17. The drawer 1 is closed.",
      "act": "open drawer 1",
      "thought": "I am now in/on: drawer 1\nCritical objects I have found:\nNone\nObjects I have taken:\nNone\nTo see objects in drawer 1, I have to open it first."
    },
    {
      "obs": "You open the drawer 1. The drawer 1 is open. In it, you see nothing.",
      "act": "go to drawer 2",
      "thought": "I am now in/on: drawer 1\nCritical objects I have found:\nNone\nObjects I have taken:\nNone\nDrawer 1 is empty. Next, I need to check drawer 2 for a pen."
    },
    {
      "obs": "You arrive at loc 18. The drawer 2 is closed.",
      "act": "open drawer 2",
      "thought": "I am now in/on: drawer 1\nCritical objects I have found:\nNone\nObjects I have taken:\nNone\nDrawer 1 did not contain a pen. Now I will open drawer 2 to see if there is a pen inside."
    },
    {
      "obs": "You open the drawer 2. The drawer 2 is open. In it, you see a keychain 2.",
      "act": "go to garbagecan 1",
      "thought": "I am now in/on: drawer 2\nCritical objects I have found:\nNone\nObjects I have taken:\nNone\nDrawer 2 does not contain a pen. Next, I need to check other likely places where a pen might be found. I will check the garbagecan 1 next."
    },
    {
      "obs": "You arrive at loc 19. On the garbagecan 1, you see a pen 2.",
      "act": "take pen 2 from garbagecan 1",
      "thought": "I am now in/on: garbagecan 1\nCritical objects I have found:\npen 2 (garbagecan 1)\nObjects I have taken:\nNone\nI have found a pen (2) in the garbagecan 1. Next, I need to take it."
    },
    {
      "obs": "You pick up the pen 2 from the garbagecan 1.",
      "act": "go to desk 1",
      "thought": "I am now in/on: garbagecan 1\nCritical objects I have found:\npen 2 (garbagecan 1)\nObjects I have taken:\npen 2\nNow I have taken the pen (2). Next, I need to go to the desk 1 to put the pen in it."
    },
    {
      "obs": "You arrive at loc 8. On the desk 1, you see a alarmclock 1, a book 3, a box 1, a cellphone 2, a laptop 3, a pencil 1, and a pencil 2.",
      "act": "put pen 2 in/on desk 1",
      "thought": "I am now in/on: desk 1\nCritical objects I have found:\npen 2 (garbagecan 1)\nObjects I have taken:\npen 2\nNow I am at the desk 1. Next, I need to put the pen 2 in/on it."
    },
    {
      "obs": "You put the pen 2 in/on the desk 1.",
      "act": "go to drawer 1"
    }
  ]
}