{
  "task": "put a soapbottle in garbagecan.",
  "traj": [
    {
      "obs": "You are in the middle of a room. Looking quickly around you, you see a bathtubbasin 1, a drawer 1, a drawer 2, a garbagecan 1, a handtowelholder 1, a sidetable 1, a sinkbasin 1, a toilet 1, a toiletpaperhanger 1, and a towelholder 1.",
      "act": "go to toilet 1",
      "thought": "I am now in/on: the middle of a room\nCritical objects I have found:\nNone\nObjects I have taken:\nNone\nTo solve the task, I need to find and take a soapbottle, then put it in the garbagecan. A soapbottle is more likely to appear in sinkbasin (1), drawer (1-2), or sidetable (1). I will check these locations starting with the closest one, which is the toilet 1, as it might be on top of it or nearby."
    },
    {
      "obs": "You arrive at loc 12. On the toilet 1, you see a candle 1, a soapbar 2, a spraybottle 2, and a spraybottle 3.",
      "act": "go to garbagecan 1",
      "thought": "I am now in/on: toilet 1\nCritical objects I have found:\nNone\nObjects I have taken:\nNone\nOn toilet 1, there is no soapbottle. I initially planned to check the sinkbasin, drawers, and sidetable for a soapbottle, but I mistakenly went to the toilet 1 first. I should correct my course and check the sinkbasin next, as it is a common place to find a soapbottle."
    },
    {
      "obs": "You arrive at loc 14. On the garbagecan 1, you see nothing.",
      "act": "go to drawer 1",
      "thought": "I am now in/on: garbagecan 1\nCritical objects I have found:\nNone\nObjects I have taken:\nNone\nThere is nothing in the garbagecan 1. I need to find a soapbottle. I should have gone to the sinkbasin or drawers first, as they are more likely places to find a soapbottle. I will now go to drawer 1 to continue my search."
    },
    {
      "obs": "You arrive at loc 1. On the drawer 1, you see nothing.",
      "act": "go to sidetable 1",
      "thought": "I am now in/on: drawer 1\nCritical objects I have found:\nNone\nObjects I have taken:\nNone\nDrawer 1 does not contain a soapbottle. I will now check the sidetable 1, as it is another location where a soapbottle might be found."
    },
    {
      "obs": "You arrive at loc 2. On the sidetable 1, you see a soapbottle 1, a spraybottle 1, a tissuebox 1, and a toiletpaper 1.",
      "act": "take soapbottle 1 from sidetable 1",
      "thought": "I am now in/on: sidetable 1\nCritical objects I have found:\nsoapbottle 1 (sidetable 1)\nObjects I have taken:\nNone\nI have found a soapbottle (1) on the sidetable 1. Next, I need to take it."
    },
    {
      "obs": "You pick up the soapbottle 1 from the sidetable 1.",
      "act": "go to garbagecan 1",
      "thought": "I am now in/on: sidetable 1\nCritical objects I have found:\nsoapbottle 1 (sidetable 1)\nObjects I have taken:\nsoapbottle 1\nNow that I have the soapbottle (1), I need to go to the garbagecan 1 to complete the task."
    },
    {
      "obs": "You pick up the soapbottle 1 from the sidetable 1.",
      "act": "put soapbottle 1 in/on garbagecan 1",
      "thought": "I am now in/on: garbagecan 1\nCritical objects I have found:\nsoapbottle 1 (sidetable 1)\nObjects I have taken:\nsoapbottle 1\nI am at the garbagecan 1 with the soapbottle 1 in hand. Now I need to put the soapbottle 1 in the garbagecan to complete the task."
    },
    {
      "obs": "You put the soapbottle 1 in/on the garbagecan 1.",
      "act": "go to toilet 1"
    }
  ]
}