{
  "task": "put some pencil on sidetable.",
  "traj": [
    {
      "obs": "You are in the middle of a room. Looking quickly around you, you see a armchair 1, a armchair 2, a armchair 3, a bed 1, a cabinet 1, a cabinet 2, a desk 1, a drawer 1, a drawer 2, a drawer 3, a drawer 4, a garbagecan 1, a laundryhamper 1, a safe 1, and a sidetable 1.",
      "act": "go to sidetable 1",
      "thought": "I am now in/on: the middle of a room\nCritical objects I have found:\nNone\nObjects I have taken:\nNone\nTo solve the task, I need to find and take a pencil, then put it on the sidetable. First, I need to find a pencil. A pencil is more likely to appear in desk (1), drawers (1-4), or maybe on the sidetable (1) itself. I can check one by one, starting with sidetable 1 since it's also the target location for the pencil."
    },
    {
      "obs": "You arrive at loc 30. On the sidetable 1, you see a creditcard 1, a desklamp 1, a keychain 2, a mug 1, and a pen 1.",
      "act": "go to desk 1",
      "thought": "I am now in/on: sidetable 1\nCritical objects I have found:\nNone\nObjects I have taken:\nNone\nOn sidetable 1, there is no pencil. Next, I need to check desk 1, as it is a common place to find pencils."
    },
    {
      "obs": "You arrive at loc 11. On the desk 1, you see a alarmclock 1, a alarmclock 2, a book 2, a cellphone 1, a houseplant 1, a mug 3, a pencil 2, and a remotecontrol 2.",
      "act": "take pencil 2 from desk 1",
      "thought": "I am now in/on: desk 1\nCritical objects I have found:\npencil 2 (desk 1)\nObjects I have taken:\nNone\nNow I find a pencil (2) on desk 1. Next, I need to take it."
    },
    {
      "obs": "You pick up the pencil 2 from the desk 1.",
      "act": "go to sidetable 1",
      "thought": "I am now in/on: desk 1\nCritical objects I have found:\npencil 2 (desk 1)\nObjects I have taken:\npencil 2\nNow I have taken the pencil (2). Next, I need to go to and put it on sidetable 1."
    },
    {
      "obs": "You pick up the pencil 2 from the desk 1.",
      "act": "put pencil 2 in/on sidetable 1",
      "thought": "I am now in/on: desk 1\nCritical objects I have found:\npencil 2 (desk 1)\nObjects I have taken:\npencil 2\nNow I have taken the pencil (2). Next, I need to put it on sidetable 1. However, it seems there was an error in the observation as it repeated the action of picking up the pencil from the desk. I will proceed with the action to put the pencil on the sidetable."
    },
    {
      "obs": "You put the pencil 2 in/on the sidetable 1.",
      "act": "go to desk 1"
    }
  ]
}