{
  "task": "put a spraybottle in cabinet.",
  "traj": [
    {
      "obs": "You are in the middle of a room. Looking quickly around you, you see a bathtubbasin 1, a cabinet 1, a cabinet 2, a cabinet 3, a cabinet 4, a countertop 1, a drawer 1, a drawer 2, a drawer 3, a drawer 4, a dresser 1, a garbagecan 1, a handtowelholder 1, a sinkbasin 1, a sinkbasin 2, a toilet 1, a toiletpaperhanger 1, and a towelholder 1.",
      "act": "go to cabinet 1",
      "thought": "I am now in/on: the middle of a room\nCritical objects I have found:\nNone\nObjects I have taken:\nNone\nTo solve the task, I need to find and take a spraybottle, then put it in a cabinet. First, I need to find a spraybottle. A spraybottle is more likely to appear in cabinets (1-4), countertop (1), sinkbasins (1-2), or garbagecan (1). I will check the cabinets first, starting with cabinet 1."
    },
    {
      "obs": "You arrive at loc 11. The cabinet 1 is closed.",
      "act": "open cabinet 1",
      "thought": "I am now in/on: cabinet 1\nCritical objects I have found:\nNone\nObjects I have taken:\nNone\nTo see objects in cabinet 1, I have to open it first."
    },
    {
      "obs": "You open the cabinet 1. The cabinet 1 is open. In it, you see nothing.",
      "act": "go to countertop 1",
      "thought": "I am now in/on: cabinet 1\nCritical objects I have found:\nNone\nObjects I have taken:\nNone\nCabinet 1 is empty. Next, I need to check the countertop 1 for a spraybottle."
    },
    {
      "obs": "You arrive at loc 8. On the countertop 1, you see nothing.",
      "act": "go to cabinet 4",
      "thought": "I am now in/on: countertop 1\nCritical objects I have found:\nNone\nObjects I have taken:\nNone\nCountertop 1 is empty. Next, I need to check cabinet 4 for a spraybottle."
    },
    {
      "obs": "You arrive at loc 10. The cabinet 4 is closed.",
      "act": "open cabinet 4",
      "thought": "I am now in/on: cabinet 4\nCritical objects I have found:\nNone\nObjects I have taken:\nNone\nTo see objects in cabinet 4, I have to open it first."
    },
    {
      "obs": "You open the cabinet 4. The cabinet 4 is open. In it, you see nothing.",
      "act": "go to drawer 2",
      "thought": "I am now in/on: cabinet 4\nCritical objects I have found:\nNone\nObjects I have taken:\nNone\nCabinet 4 is empty. Next, I need to check drawer 2 for a spraybottle."
    },
    {
      "obs": "You arrive at loc 20. On the drawer 2, you see nothing.",
      "act": "go to cabinet 2",
      "thought": "I am now in/on: drawer 2\nCritical objects I have found:\nNone\nObjects I have taken:\nNone\nDrawer 2 is empty. Next, I need to check cabinet 2 for a spraybottle."
    },
    {
      "obs": "You arrive at loc 12. The cabinet 2 is closed.",
      "act": "open cabinet 2",
      "thought": "I am now in/on: cabinet 2\nCritical objects I have found:\nNone\nObjects I have taken:\nNone\nTo see objects in cabinet 2, I have to open it first."
    },
    {
      "obs": "You open the cabinet 2. The cabinet 2 is open. In it, you see nothing.",
      "act": "go to toilet 1",
      "thought": "I am now in/on: cabinet 2\nCritical objects I have found:\nNone\nObjects I have taken:\nNone\nCabinet 2 is empty. Next, I need to check the toilet 1 area for a spraybottle, although it's less likely to be there."
    },
    {
      "obs": "You arrive at loc 16. On the toilet 1, you see a spraybottle 1.",
      "act": "take spraybottle 1 from toilet 1",
      "thought": "I am now in/on: toilet 1\nCritical objects I have found:\nspraybottle 1 (toilet 1)\nObjects I have taken:\nNone\nNow I find a spraybottle (1). Next, I need to take it."
    },
    {
      "obs": "You pick up the spraybottle 1 from the toilet 1.",
      "act": "go to cabinet 1",
      "thought": "I am now in/on: toilet 1\nCritical objects I have found:\nspraybottle 1 (toilet 1)\nObjects I have taken:\nspraybottle 1\nNow I have taken the spraybottle (1). Next, I need to go to and put it in a cabinet. I will go back to cabinet 1 since it's already open."
    },
    {
      "obs": "You arrive at loc 11. The cabinet 1 is closed.",
      "act": "open cabinet 1",
      "thought": "I am now in/on: toilet 1\nCritical objects I have found:\nspraybottle 1 (toilet 1)\nObjects I have taken:\nspraybottle 1\nI have the spraybottle and need to put it in a cabinet. I am heading to cabinet 1, but it seems to have closed again. I need to open it to put the spraybottle inside."
    },
    {
      "obs": "You open the cabinet 1. The cabinet 1 is open. In it, you see nothing.",
      "act": "put spraybottle 1 in/on cabinet 1",
      "thought": "I am now in/on: cabinet 1\nCritical objects I have found:\nspraybottle 1 (toilet 1)\nObjects I have taken:\nspraybottle 1\nNow I am at cabinet 1, which is open and empty. Next, I need to put the spraybottle 1 in it."
    },
    {
      "obs": "You put the spraybottle 1 in/on the cabinet 1.",
      "act": "close cabinet 1"
    }
  ]
}