{
  "task": "put a spraybottle in toilet.",
  "traj": [
    {
      "obs": "You are in the middle of a room. Looking quickly around you, you see a cabinet 1, a cabinet 2, a cabinet 3, a cabinet 4, a countertop 1, a garbagecan 1, a handtowelholder 1, a handtowelholder 2, a sinkbasin 1, a sinkbasin 2, a toilet 1, a toiletpaperhanger 1, and a towelholder 1.",
      "act": "go to cabinet 1",
      "thought": "I am now in/on: the middle of a room\nCritical objects I have found:\nNone\nObjects I have taken:\nNone\nTo solve the task, I need to find and take a spraybottle, then put it in the toilet. First, I need to find a spraybottle. A spraybottle is more likely to appear in cabinets (1-4), countertop (1), or possibly near the sinkbasins (1-2). I will check the cabinets first, starting with cabinet 1."
    },
    {
      "obs": "You arrive at loc 14. On the cabinet 1, you see a cloth 1.",
      "act": "go to cabinet 3",
      "thought": "I am now in/on: cabinet 1\nCritical objects I have found:\nNone\nObjects I have taken:\nNone\nIn cabinet 1, there is no spraybottle. Next, I need to check cabinet 3, as I have previously found a spraybottle in cabinet 2 in a similar setup. It might be worth checking cabinet 3 this time for variety."
    },
    {
      "obs": "You arrive at loc 1. The cabinet 3 is closed.",
      "act": "open cabinet 3",
      "thought": "I am now in/on: cabinet 1\nCritical objects I have found:\nNone\nObjects I have taken:\nNone\nTo see objects in cabinet 3, I have to open it first since it is closed."
    },
    {
      "obs": "You open the cabinet 3. The cabinet 3 is open. In it, you see a cloth 2, and a soapbottle 1.",
      "act": "go to garbagecan 1",
      "thought": "I am now in/on: cabinet 3\nCritical objects I have found:\nNone\nObjects I have taken:\nNone\nIn cabinet 3, there is no spraybottle. Next, I need to check the garbagecan 1, as it might contain discarded items, including a spraybottle."
    },
    {
      "obs": "You arrive at loc 10. On the garbagecan 1, you see a toiletpaper 1.",
      "act": "go to cabinet 4",
      "thought": "I am now in/on: garbagecan 1\nCritical objects I have found:\nNone\nObjects I have taken:\nNone\nIn garbagecan 1, there is no spraybottle. Next, I need to check cabinet 4."
    },
    {
      "obs": "You arrive at loc 2. The cabinet 4 is closed.",
      "act": "open cabinet 4",
      "thought": "I am now in/on: garbagecan 1\nCritical objects I have found:\nNone\nObjects I have taken:\nNone\nTo see objects in cabinet 4, I have to open it first since it is closed."
    },
    {
      "obs": "You open the cabinet 4. The cabinet 4 is open. In it, you see a soapbar 1.",
      "act": "go to toilet 1",
      "thought": "I am now in/on: cabinet 4\nCritical objects I have found:\nNone\nObjects I have taken:\nNone\nIn cabinet 4, there is no spraybottle. I have not yet checked cabinet 2, which could potentially contain the spraybottle. However, I mistakenly chose to go to the toilet instead of checking cabinet 2. I need to correct this mistake and go to cabinet 2 next."
    },
    {
      "obs": "You arrive at loc 7. On the toilet 1, you see a soapbottle 2.",
      "act": "go to cabinet 2",
      "thought": "I am now in/on: toilet 1\nCritical objects I have found:\nNone\nObjects I have taken:\nNone\nI have not found a spraybottle yet. I need to check cabinet 2 next, as it is one of the remaining places where a spraybottle could be found."
    },
    {
      "obs": "You arrive at loc 18. The cabinet 2 is closed.",
      "act": "open cabinet 2",
      "thought": "I am now in/on: cabinet 2\nCritical objects I have found:\nNone\nObjects I have taken:\nNone\nTo see objects in cabinet 2, I have to open it first since it is closed."
    },
    {
      "obs": "You open the cabinet 2. The cabinet 2 is open. In it, you see a candle 1, and a spraybottle 2.",
      "act": "take spraybottle 2 from cabinet 2",
      "thought": "I am now in/on: cabinet 2\nCritical objects I have found:\nspraybottle 2 (cabinet 2)\nObjects I have taken:\nNone\nNow I find a spraybottle (2) in cabinet 2. Next, I need to take it."
    },
    {
      "obs": "You pick up the spraybottle 2 from the cabinet 2.",
      "act": "go to toilet 1",
      "thought": "I am now in/on: cabinet 2\nCritical objects I have found:\nspraybottle 2 (cabinet 2)\nObjects I have taken:\nspraybottle 2\nNow I have taken the spraybottle (2). Next, I need to go to the toilet and put it in there."
    },
    {
      "obs": "You close the cabinet 2.",
      "act": "put spraybottle 2 in/on toilet 1",
      "thought": "I am now in/on: cabinet 2\nCritical objects I have found:\nspraybottle 2 (cabinet 2)\nObjects I have taken:\nspraybottle 2\nNow I am at the toilet 1. Next, I need to put the spraybottle 2 in/on it."
    },
    {
      "obs": "You put the spraybottle 2 in/on the toilet 1.",
      "act": "go to cabinet 1"
    }
  ]
}