{
  "task": "put some statue on coffeetable.",
  "traj": [
    {
      "obs": "You are in the middle of a room. Looking quickly around you, you see a coffeetable 1, a diningtable 1, a drawer 1, a garbagecan 1, a sidetable 1, a sidetable 2, a sofa 1, and a sofa 2.",
      "act": "go to coffeetable 1",
      "thought": "I am now in/on: the middle of a room\nCritical objects I have found:\nNone\nObjects I have taken:\nNone\nTo solve the task, I need to find and take a statue, then put it on the coffeetable. First, I need to find a statue. A statue is more likely to appear on surfaces like sidetables, diningtables, or coffeetables. I can check one by one, starting with coffeetable 1 since I am tasked to place the statue there and it might already have one."
    },
    {
      "obs": "You arrive at loc 20. On the coffeetable 1, you see a laptop 1, a remotecontrol 1, a vase 1, and a watch 1.",
      "act": "go to diningtable 1",
      "thought": "I am now in/on: coffeetable 1\nCritical objects I have found:\nNone\nObjects I have taken:\nNone\nOn coffeetable 1, there is no statue. Next, I need to check diningtable 1."
    },
    {
      "obs": "You arrive at loc 21. On the diningtable 1, you see a keychain 2, a laptop 2, a newspaper 1, a newspaper 2, a remotecontrol 3, a statue 2, a vase 2, and a vase 3.",
      "act": "take statue 2 from diningtable 1",
      "thought": "I am now in/on: diningtable 1\nCritical objects I have found:\nstatue 2 (diningtable 1)\nObjects I have taken:\nNone\nNow I find a statue (2) on diningtable 1. Next, I need to take it."
    },
    {
      "obs": "You pick up the statue 2 from the diningtable 1.",
      "act": "go to coffeetable 1",
      "thought": "I am now in/on: diningtable 1\nCritical objects I have found:\nstatue 2 (diningtable 1)\nObjects I have taken:\nstatue 2\nNow I have taken the statue (2). Next, I need to go to and put it on coffeetable 1."
    },
    {
      "obs": "You pick up the statue 2 from the diningtable 1.",
      "act": "put statue 2 in/on coffeetable 1",
      "thought": "I am now in/on: diningtable 1\nCritical objects I have found:\nstatue 2 (diningtable 1)\nObjects I have taken:\nstatue 2\nNow I have taken the statue (2). Next, I need to put it on coffeetable 1. However, it seems there was an error in the observation as it repeated the action of picking up the statue from the diningtable 1. I will assume I am now at the coffeetable 1 ready to place the statue."
    },
    {
      "obs": "You put the statue 2 in/on the coffeetable 1.",
      "act": "go to diningtable 1"
    }
  ]
}