{
  "task": "put some statue on coffeetable.",
  "traj": [
    {
      "obs": "You are in the middle of a room. Looking quickly around you, you see a armchair 1, a coffeetable 1, a drawer 1, a drawer 2, a drawer 3, a drawer 4, a drawer 5, a drawer 6, a drawer 7, a garbagecan 1, a sidetable 1, a sidetable 2, a sidetable 3, a sofa 1, a sofa 2, and a tvstand 1.",
      "act": "go to sidetable 1",
      "thought": "I am now in/on: the middle of a room\nCritical objects I have found:\nNone\nObjects I have taken:\nNone\nTo solve the task, I need to find and take a statue, then put it on the coffeetable. First, I need to find a statue. A statue is more likely to appear on sidetables (1-3), drawers (1-7), or the tvstand (1). I can check one by one, starting with sidetable 1."
    },
    {
      "obs": "You arrive at loc 9. On the sidetable 1, you see a statue 1.",
      "act": "take statue 1 from sidetable 1",
      "thought": "I am now in/on: sidetable 1\nCritical objects I have found:\nstatue 1 (sidetable 1)\nObjects I have taken:\nNone\nI have found a statue (1) on sidetable 1. Next, I need to take it."
    },
    {
      "obs": "You pick up the statue 1 from the sidetable 1.",
      "act": "go to coffeetable 1",
      "thought": "I am now in/on: sidetable 1\nCritical objects I have found:\nstatue 1 (sidetable 1)\nObjects I have taken:\nstatue 1\nNow I have taken the statue (1). Next, I need to go to and put it on the coffeetable 1."
    },
    {
      "obs": "You arrive at loc 19. On the coffeetable 1, you see a laptop 1.",
      "act": "put statue 1 in/on coffeetable 1",
      "thought": "I am now in/on: coffeetable 1\nCritical objects I have found:\nstatue 1 (sidetable 1)\nObjects I have taken:\nstatue 1\nNow I am at the coffeetable 1. Next, I need to put the statue 1 on it."
    },
    {
      "obs": "You put the statue 1 in/on the coffeetable 1.",
      "act": "go to sidetable 1"
    }
  ]
}