{
  "task": "put some creditcard on desk.",
  "traj": [
    {
      "obs": "You are in the middle of a room. Looking quickly around you, you see a bed 1, a cabinet 1, a cabinet 2, a cabinet 3, a cabinet 4, a desk 1, a drawer 1, a drawer 2, a garbagecan 1, a shelf 1, and a sidetable 1.",
      "act": "go to drawer 1",
      "thought": "I am now in/on: the middle of a room\nCritical objects I have found:\nNone\nObjects I have taken:\nNone\nTo solve the task, I need to find and take a credit card, then put it on the desk. First, I need to find a credit card. A credit card is more likely to appear in drawers (1-2), cabinets (1-4), or maybe on a shelf (1) or sidetable (1). I will check one by one, starting with drawer 1."
    },
    {
      "obs": "You arrive at loc 17. The drawer 1 is closed.",
      "act": "open drawer 1",
      "thought": "I am now in/on: drawer 1\nCritical objects I have found:\nNone\nObjects I have taken:\nNone\nTo see objects in drawer 1, I have to open it first."
    },
    {
      "obs": "You open the drawer 1. The drawer 1 is open. In it, you see a pencil 1.",
      "act": "go to drawer 2",
      "thought": "I am now in/on: drawer 1\nCritical objects I have found:\nNone\nObjects I have taken:\nNone\nIn drawer 1, there is no credit card. Next, I need to check drawer 2."
    },
    {
      "obs": "You arrive at loc 18. The drawer 2 is closed.",
      "act": "open drawer 2",
      "thought": "I am now in/on: drawer 1\nCritical objects I have found:\nNone\nObjects I have taken:\nNone\nTo see objects in drawer 2, I have to open it next."
    },
    {
      "obs": "You open the drawer 2. The drawer 2 is open. In it, you see nothing.",
      "act": "go to desk 1",
      "thought": "I am now in/on: drawer 2\nCritical objects I have found:\nNone\nObjects I have taken:\nNone\nIn drawer 2, there is no credit card. Since I am looking for a credit card and have not found it in the drawers, I should check the other likely places. However, I accidentally chose to go to the desk 1 instead of continuing my search. I need to correct this and continue searching for the credit card. I will check the cabinets next."
    },
    {
      "obs": "You arrive at loc 8. On the desk 1, you see a alarmclock 3, a box 1, a cd 3, a keychain 2, a laptop 1, and a pen 2.",
      "act": "go to sidetable 1",
      "thought": "I am now in/on: desk 1\nCritical objects I have found:\nNone\nObjects I have taken:\nNone\nOn the desk 1, there is no credit card. I need to continue my search for the credit card. Next, I will check the sidetable 1."
    },
    {
      "obs": "You arrive at loc 16. On the sidetable 1, you see a alarmclock 1, a cellphone 1, a creditcard 1, a keychain 1, and a pen 1.",
      "act": "take creditcard 1 from sidetable 1",
      "thought": "I am now in/on: sidetable 1\nCritical objects I have found:\ncreditcard 1 (sidetable 1)\nObjects I have taken:\nNone\nNow I have found a credit card (1) on the sidetable 1. Next, I need to take it."
    },
    {
      "obs": "You pick up the creditcard 1 from the sidetable 1.",
      "act": "go to desk 1",
      "thought": "I am now in/on: sidetable 1\nCritical objects I have found:\ncreditcard 1 (sidetable 1)\nObjects I have taken:\ncreditcard 1\nNow I have taken the credit card (1). Next, I need to go to and put it on desk 1."
    },
    {
      "obs": "You pick up the creditcard 1 from the sidetable 1.",
      "act": "put creditcard 1 in/on desk 1",
      "thought": "I am now in/on: desk 1\nCritical objects I have found:\ncreditcard 1 (sidetable 1)\nObjects I have taken:\ncreditcard 1\nNow I am at the desk 1 with the credit card (1) in my possession. Next, I need to put the credit card on the desk."
    },
    {
      "obs": "You put the creditcard 1 in/on the desk 1.",
      "act": "go to drawer 1"
    }
  ]
}