{
  "task": "put some soapbottle on toilet.",
  "traj": [
    {
      "obs": "You are in the middle of a room. Looking quickly around you, you see a bathtubbasin 1, a cabinet 1, a cabinet 2, a cabinet 3, a cabinet 4, a countertop 1, a garbagecan 1, a handtowelholder 1, a sinkbasin 1, a sinkbasin 2, a toilet 1, a toiletpaperhanger 1, and a towelholder 1.",
      "act": "go to countertop 1",
      "thought": "I am now in/on: the middle of a room\nCritical objects I have found:\nNone\nObjects I have taken:\nNone\nTo solve the task, I need to find and take a soapbottle, then put it on the toilet. First, I need to find a soapbottle. A soapbottle is more likely to appear in cabinets (1-4), on countertops (1), or in sinkbasins (1-2). I will check one by one, starting with countertop 1."
    },
    {
      "obs": "You arrive at loc 5. On the countertop 1, you see nothing.",
      "act": "go to cabinet 4",
      "thought": "I am now in/on: countertop 1\nCritical objects I have found:\nNone\nObjects I have taken:\nNone\nOn countertop 1, there is no soapbottle. Next, I need to check cabinet 4."
    },
    {
      "obs": "You arrive at loc 2. The cabinet 4 is closed.",
      "act": "open cabinet 4",
      "thought": "I am now in/on: cabinet 4\nCritical objects I have found:\nNone\nObjects I have taken:\nNone\nTo see objects in cabinet 4, I have to open it first."
    },
    {
      "obs": "You open the cabinet 4. The cabinet 4 is open. In it, you see a candle 1, a soapbar 2, and a soapbottle 3.",
      "act": "take soapbottle 3 from cabinet 4",
      "thought": "I am now in/on: cabinet 4\nCritical objects I have found:\nsoapbottle 3 (cabinet 4)\nObjects I have taken:\nNone\nNow I find a soapbottle (3). Next, I need to take it."
    },
    {
      "obs": "You pick up the soapbottle 3 from the cabinet 4.",
      "act": "go to toilet 1",
      "thought": "I am now in/on: cabinet 4\nCritical objects I have found:\nsoapbottle 3 (cabinet 4)\nObjects I have taken:\nsoapbottle 3\nNow I have taken a soapbottle (3). Next, I need to go to and put it on the toilet 1."
    },
    {
      "obs": "You arrive at loc 13. On the toilet 1, you see a soapbar 3, and a toiletpaper 2.",
      "act": "put soapbottle 3 in/on toilet 1",
      "thought": "I am now in/on: toilet 1\nCritical objects I have found:\nsoapbottle 3 (cabinet 4)\nObjects I have taken:\nsoapbottle 3\nNow I am at the toilet 1. Next, I need to put the soapbottle 3 on it."
    },
    {
      "obs": "You put the soapbottle 3 in/on the toilet 1.",
      "act": "go to countertop 1"
    }
  ]
}