{
  "task": "put some remotecontrol on coffeetable.",
  "traj": [
    {
      "obs": "You are in the middle of a room. Looking quickly around you, you see a armchair 1, a coffeetable 1, a drawer 1, a drawer 2, a drawer 3, a drawer 4, a dresser 1, a garbagecan 1, a sidetable 1, a sidetable 2, and a sofa 1.",
      "act": "go to drawer 1",
      "thought": "I am now in/on: the middle of a room\nCritical objects I have found:\nNone\nObjects I have taken:\nNone\nTo solve the task, I need to find and take a remote control, then put it on the coffee table. First, I need to find a remote control. A remote control is more likely to appear in drawers (1-4), sidetables (1-2), or on the coffee table itself. I will check one by one, starting with drawer 1."
    },
    {
      "obs": "You arrive at loc 19. The drawer 1 is closed.",
      "act": "open drawer 1",
      "thought": "I am now in/on: drawer 1\nCritical objects I have found:\nNone\nObjects I have taken:\nNone\nTo see objects in drawer 1, I have to open it first."
    },
    {
      "obs": "You open the drawer 1. The drawer 1 is open. In it, you see a creditcard 1.",
      "act": "go to drawer 2",
      "thought": "I am now in/on: drawer 1\nCritical objects I have found:\nNone\nObjects I have taken:\nNone\nIn drawer 1, there is no remote control. Next, I need to check drawer 2."
    },
    {
      "obs": "You arrive at loc 12. On the drawer 2, you see nothing.",
      "act": "go to drawer 4",
      "thought": "I am now in/on: drawer 2\nCritical objects I have found:\nNone\nObjects I have taken:\nNone\nIn drawer 2, there is no remote control. I accidentally skipped drawer 3, so I need to check drawer 4 next."
    },
    {
      "obs": "You arrive at loc 1. The drawer 4 is closed.",
      "act": "open drawer 4",
      "thought": "I am now in/on: drawer 4\nCritical objects I have found:\nNone\nObjects I have taken:\nNone\nTo see objects in drawer 4, I have to open it first."
    },
    {
      "obs": "You open the drawer 4. The drawer 4 is open. In it, you see a watch 1.",
      "act": "go to coffeetable 1",
      "thought": "I am now in/on: drawer 4\nCritical objects I have found:\nNone\nObjects I have taken:\nNone\nIn drawer 4, there is no remote control. I realized I skipped drawer 3, but before I go back to check it, I will quickly check the coffeetable 1 since it's also a common place for a remote control to be."
    },
    {
      "obs": "You arrive at loc 3. On the coffeetable 1, you see a box 1, a keychain 2, a newspaper 2, and a statue 2.",
      "act": "go to drawer 3",
      "thought": "I am now in/on: coffeetable 1\nCritical objects I have found:\nNone\nObjects I have taken:\nNone\nOn the coffeetable 1, there is no remote control. I need to go back and check drawer 3, which I accidentally skipped earlier."
    },
    {
      "obs": "You arrive at loc 13. The drawer 3 is closed.",
      "act": "open drawer 3",
      "thought": "I am now in/on: drawer 3\nCritical objects I have found:\nNone\nObjects I have taken:\nNone\nTo see objects in drawer 3, I have to open it first."
    },
    {
      "obs": "You open the drawer 3. The drawer 3 is open. In it, you see a creditcard 2.",
      "act": "go to sofa 1",
      "thought": "I am now in/on: drawer 3\nCritical objects I have found:\nNone\nObjects I have taken:\nNone\nIn drawer 3, there is no remote control. Next, I need to check the sofa 1, as remote controls are sometimes found on or near sofas."
    },
    {
      "obs": "You arrive at loc 15. On the sofa 1, you see a book 1, a pillow 1, and a remotecontrol 2.",
      "act": "take remotecontrol 2 from sofa 1",
      "thought": "I am now in/on: sofa 1\nCritical objects I have found:\nremotecontrol 2 (sofa 1)\nObjects I have taken:\nNone\nNow I find a remote control (2). Next, I need to take it."
    },
    {
      "obs": "You pick up the remotecontrol 2 from the sofa 1.",
      "act": "go to coffeetable 1",
      "thought": "I am now in/on: sofa 1\nCritical objects I have found:\nremotecontrol 2 (sofa 1)\nObjects I have taken:\nremotecontrol 2\nNow I have taken the remote control (2). Next, I need to go to and put it on the coffee table 1."
    },
    {
      "obs": "You arrive at loc 3. On the coffeetable 1, you see a box 1, a keychain 2, a newspaper 2, and a statue 2.",
      "act": "put remotecontrol 2 in/on coffeetable 1",
      "thought": "I am now in/on: coffeetable 1\nCritical objects I have found:\nremotecontrol 2 (sofa 1)\nObjects I have taken:\nremotecontrol 2\nNow I am at the coffeetable 1. Next, I need to put the remote control 2 on it."
    },
    {
      "obs": "You put the remotecontrol 2 in/on the coffeetable 1.",
      "act": "go to drawer 1"
    }
  ]
}