{
  "task": "put some dishsponge on cart.",
  "traj": [
    {
      "obs": "You are in the middle of a room. Looking quickly around you, you see a bathtubbasin 1, a cart 1, a garbagecan 1, a handtowelholder 1, a handtowelholder 2, a shelf 1, a shelf 2, a shelf 3, a shelf 4, a sinkbasin 1, a toilet 1, a toiletpaperhanger 1, a towelholder 1, and a towelholder 2.",
      "act": "go to sinkbasin 1",
      "thought": "I am now in/on: the middle of a room\nCritical objects I have found:\nNone\nObjects I have taken:\nNone\nTo solve the task, I need to find and take a dishsponge, then put it on the cart. First, I need to find a dishsponge. A dishsponge is more likely to appear near a sinkbasin (1), on shelves (1-4), or in a garbagecan (1). I will start by checking the sinkbasin 1."
    },
    {
      "obs": "You arrive at loc 16. On the sinkbasin 1, you see nothing.",
      "act": "go to garbagecan 1",
      "thought": "I am now in/on: sinkbasin 1\nCritical objects I have found:\nNone\nObjects I have taken:\nNone\nThere is no dishsponge on the sinkbasin 1. Next, I need to check the garbagecan 1."
    },
    {
      "obs": "You arrive at loc 2. On the garbagecan 1, you see a soapbar 2, a soapbottle 1, and a soapbottle 2.",
      "act": "go to shelf 4",
      "thought": "I am now in/on: garbagecan 1\nCritical objects I have found:\nNone\nObjects I have taken:\nNone\nThere is no dishsponge in the garbagecan 1. Next, I need to check the shelves, starting with shelf 4."
    },
    {
      "obs": "You arrive at loc 18. On the shelf 4, you see nothing.",
      "act": "go to toilet 1",
      "thought": "I am now in/on: shelf 4\nCritical objects I have found:\nNone\nObjects I have taken:\nNone\nThere is no dishsponge on shelf 4. I mistakenly went to check the toilet instead of continuing to check the remaining shelves. I need to correct this and continue searching the shelves for a dishsponge, starting with shelf 3."
    },
    {
      "obs": "You arrive at loc 8. On the toilet 1, you see a candle 1, a soapbar 1, and a toiletpaper 1.",
      "act": "go to cart 1",
      "thought": "I am now in/on: toilet 1\nCritical objects I have found:\nNone\nObjects I have taken:\nNone\nThere is no dishsponge on the toilet 1. I mistakenly went to the toilet instead of checking the remaining shelves. I need to correct this and continue searching the shelves for a dishsponge, starting with shelf 3. However, I accidentally chose to go to the cart 1 instead. I need to go to shelf 3 next."
    },
    {
      "obs": "You arrive at loc 17. On the cart 1, you see a spraybottle 1, a spraybottle 2, a spraybottle 3, a toiletpaper 2, and a toiletpaper 3.",
      "act": "go to bathtubbasin 1",
      "thought": "I am now in/on: cart 1\nCritical objects I have found:\nNone\nObjects I have taken:\nNone\nThere is no dishsponge on the cart 1. I mistakenly went to the cart instead of checking the remaining shelves. I need to correct this and continue searching the shelves for a dishsponge, starting with shelf 3. However, I accidentally chose to go to the bathtubbasin 1 instead. I need to go to shelf 3 next."
    },
    {
      "obs": "You arrive at loc 6. On the bathtubbasin 1, you see a cloth 1, and a cloth 2.",
      "act": "go to shelf 1",
      "thought": "I am now in/on: bathtubbasin 1\nCritical objects I have found:\nNone\nObjects I have taken:\nNone\nThere is no dishsponge on the bathtubbasin 1. I need to continue searching the shelves for a dishsponge, starting with shelf 1."
    },
    {
      "obs": "You arrive at loc 21. On the shelf 1, you see a dishsponge 1, and a papertowelroll 1.",
      "act": "take dishsponge 1 from shelf 1",
      "thought": "I am now in/on: shelf 1\nCritical objects I have found:\ndishsponge 1 (shelf 1)\nObjects I have taken:\nNone\nI have found a dishsponge (1) on shelf 1. Next, I need to take it."
    },
    {
      "obs": "You pick up the dishsponge 1 from the shelf 1.",
      "act": "go to cart 1",
      "thought": "I am now in/on: shelf 1\nCritical objects I have found:\ndishsponge 1 (shelf 1)\nObjects I have taken:\ndishsponge 1\nNow I have taken the dishsponge (1). Next, I need to go to and put it on the cart 1."
    },
    {
      "obs": "You pick up the dishsponge 1 from the shelf 1.",
      "act": "put dishsponge 1 in/on cart 1",
      "thought": "I am now in/on: shelf 1\nCritical objects I have found:\ndishsponge 1 (shelf 1)\nObjects I have taken:\ndishsponge 1\nNow I have taken the dishsponge (1). Next, I need to go to and put it on the cart 1."
    },
    {
      "obs": "You put the dishsponge 1 in/on the cart 1.",
      "act": "go to sinkbasin 1"
    }
  ]
}