{
  "task": "put some toiletpaper on shelf.",
  "traj": [
    {
      "obs": "You are in the middle of a room. Looking quickly around you, you see a bathtubbasin 1, a garbagecan 1, a handtowelholder 1, a shelf 1, a shelf 2, a shelf 3, a sinkbasin 1, a toilet 1, a toiletpaperhanger 1, and a towelholder 1.",
      "act": "go to toiletpaperhanger 1",
      "thought": "I am now in/on: the middle of a room\nCritical objects I have found:\nNone\nObjects I have taken:\nNone\nTo solve the task, I need to find and take some toiletpaper, then put it on a shelf. First, I need to find toiletpaper. Toiletpaper is most likely to be found on or near the toiletpaperhanger, so I will check there first."
    },
    {
      "obs": "You arrive at loc 15. On the toiletpaperhanger 1, you see nothing.",
      "act": "go to shelf 2",
      "thought": "I am now in/on: toiletpaperhanger 1\nCritical objects I have found:\nNone\nObjects I have taken:\nNone\nThere is no toiletpaper on the toiletpaperhanger 1. Next, I need to check shelf 2 for toiletpaper."
    },
    {
      "obs": "You arrive at loc 12. On the shelf 2, you see a soapbottle 2, a soapbottle 3, and a tissuebox 1.",
      "act": "go to garbagecan 1",
      "thought": "I am now in/on: shelf 2\nCritical objects I have found:\nNone\nObjects I have taken:\nNone\nThere is no toiletpaper on shelf 2. Next, I need to check the garbagecan 1 for toiletpaper. It's possible that an empty roll or a spare roll is in or near the garbage."
    },
    {
      "obs": "You arrive at loc 8. On the garbagecan 1, you see nothing.",
      "act": "go to toilet 1",
      "thought": "I am now in/on: garbagecan 1\nCritical objects I have found:\nNone\nObjects I have taken:\nNone\nThere is no toiletpaper in the garbagecan 1. Next, I need to check near the toilet 1 for toiletpaper. It's common to find spare rolls in the vicinity of the toilet."
    },
    {
      "obs": "You arrive at loc 10. On the toilet 1, you see a candle 1, and a toiletpaper 2.",
      "act": "take toiletpaper 2 from toilet 1",
      "thought": "I am now in/on: toilet 1\nCritical objects I have found:\ntoiletpaper 2 (toilet 1)\nObjects I have taken:\nNone\nI have found some toiletpaper (2) on the toilet 1. Next, I need to take it."
    },
    {
      "obs": "You pick up the toiletpaper 2 from the toilet 1.",
      "act": "go to shelf 2",
      "thought": "I am now in/on: toilet 1\nCritical objects I have found:\ntoiletpaper 2 (toilet 1)\nObjects I have taken:\ntoiletpaper 2\nNow that I have the toiletpaper (2), I need to put it on a shelf. I will go to shelf 2 to place the toiletpaper there."
    },
    {
      "obs": "You pick up the toiletpaper 2 from the toilet 1.",
      "act": "put toiletpaper 2 in/on shelf 2",
      "thought": "I am now in/on: shelf 2\nCritical objects I have found:\ntoiletpaper 2 (toilet 1)\nObjects I have taken:\ntoiletpaper 2\nI am at shelf 2 with the toiletpaper (2) in hand. Now I need to put the toiletpaper on the shelf."
    },
    {
      "obs": "You put the toiletpaper 2 in/on the shelf 2.",
      "act": "go to toiletpaperhanger 1"
    }
  ]
}