{
  "task": "put some remotecontrol on armchair.",
  "traj": [
    {
      "obs": "You are in the middle of a room. Looking quickly around you, you see a armchair 1, a armchair 2, a armchair 3, a coffeetable 1, a diningtable 1, a diningtable 2, a garbagecan 1, a sofa 1, and a tvstand 1.",
      "act": "go to coffeetable 1",
      "thought": "I am now in/on: the middle of a room\nCritical objects I have found:\nNone\nObjects I have taken:\nNone\nTo solve the task, I need to find and take a remote control, then put it on an armchair. First, I need to find a remote control. A remote control is more likely to appear on surfaces like coffee tables, dining tables, sofas, or TV stands. I will start by checking the coffee table."
    },
    {
      "obs": "You arrive at loc 7. On the coffeetable 1, you see a candle 2, a creditcard 2, a plate 1, a remotecontrol 2, and a statue 2.",
      "act": "take remotecontrol 2 from coffeetable 1",
      "thought": "I am now in/on: coffeetable 1\nCritical objects I have found:\nremotecontrol 2 (coffeetable 1)\nObjects I have taken:\nNone\nI have found a remote control (2) on the coffee table. Next, I need to take it."
    },
    {
      "obs": "You pick up the remotecontrol 2 from the coffeetable 1.",
      "act": "go to armchair 1",
      "thought": "I am now in/on: coffeetable 1\nCritical objects I have found:\nremotecontrol 2 (coffeetable 1)\nObjects I have taken:\nremotecontrol 2\nNow I have taken the remote control (2). Next, I need to go to an armchair and put it on there. I will start with armchair 1."
    },
    {
      "obs": "You arrive at loc 8. On the armchair 1, you see a pillow 2.",
      "act": "put remotecontrol 2 in/on armchair 1",
      "thought": "I am now in/on: armchair 1\nCritical objects I have found:\nremotecontrol 2 (coffeetable 1)\nObjects I have taken:\nremotecontrol 2\nNow I am at armchair 1. Next, I need to put the remote control (2) on it."
    },
    {
      "obs": "You put the remotecontrol 2 in/on the armchair 1.",
      "act": "go to coffeetable 1"
    }
  ]
}