{
  "task": "put some cellphone on safe.",
  "traj": [
    {
      "obs": "You are in the middle of a room. Looking quickly around you, you see a bed 1, a bed 2, a desk 1, a drawer 1, a drawer 10, a drawer 11, a drawer 2, a drawer 3, a drawer 4, a drawer 5, a drawer 6, a drawer 7, a drawer 8, a drawer 9, a dresser 1, a garbagecan 1, a safe 1, a sidetable 1, and a sidetable 2.",
      "act": "go to drawer 10",
      "thought": "I am now in/on: the middle of a room\nCritical objects I have found:\nNone\nObjects I have taken:\nNone\nTo solve the task, I need to find and take a cellphone, then put it on the safe. First, I need to find a cellphone. A cellphone is more likely to appear in drawers (1-11), sidetables (1-2), dresser (1), or maybe even on the bed (1-2). I can check one by one, starting with drawer 10 as it's the first drawer mentioned after the task."
    },
    {
      "obs": "You arrive at loc 6. The drawer 10 is closed.",
      "act": "open drawer 10",
      "thought": "I am now in/on: drawer 10\nCritical objects I have found:\nNone\nObjects I have taken:\nNone\nTo see objects in drawer 10, I have to open it first."
    },
    {
      "obs": "You open the drawer 10. The drawer 10 is open. In it, you see nothing.",
      "act": "go to drawer 1",
      "thought": "I am now in/on: drawer 10\nCritical objects I have found:\nNone\nObjects I have taken:\nNone\nDrawer 10 is empty. Next, I need to check drawer 1 for a cellphone."
    },
    {
      "obs": "You arrive at loc 16. The drawer 1 is closed.",
      "act": "open drawer 1",
      "thought": "I am now in/on: drawer 10\nCritical objects I have found:\nNone\nObjects I have taken:\nNone\nDrawer 10 is empty. Now I need to open drawer 1 to check for a cellphone."
    },
    {
      "obs": "You open the drawer 1. The drawer 1 is open. In it, you see a creditcard 1.",
      "act": "go to drawer 9",
      "thought": "I am now in/on: drawer 1\nCritical objects I have found:\nNone\nObjects I have taken:\nNone\nIn drawer 1, there is no cellphone. Next, I need to check drawer 9 for a cellphone."
    },
    {
      "obs": "You arrive at loc 3. The drawer 9 is closed.",
      "act": "open drawer 9",
      "thought": "I am now in/on: drawer 1\nCritical objects I have found:\nNone\nObjects I have taken:\nNone\nDrawer 1 does not contain a cellphone. Now I need to open drawer 9 to continue searching for a cellphone."
    },
    {
      "obs": "You open the drawer 9. The drawer 9 is open. In it, you see a cellphone 3.",
      "act": "take cellphone 3 from drawer 9",
      "thought": "I am now in/on: drawer 9\nCritical objects I have found:\ncellphone 3 (drawer 9)\nObjects I have taken:\nNone\nNow I find a cellphone (3) in drawer 9. Next, I need to take it."
    },
    {
      "obs": "You pick up the cellphone 3 from the drawer 9.",
      "act": "go to safe 1",
      "thought": "I am now in/on: drawer 9\nCritical objects I have found:\ncellphone 3 (drawer 9)\nObjects I have taken:\ncellphone 3\nNow I have taken the cellphone (3). Next, I need to go to the safe and put the cellphone on it."
    },
    {
      "obs": "You arrive at loc 12. The safe 1 is closed.",
      "act": "open safe 1",
      "thought": "I am now in/on: safe 1\nCritical objects I have found:\ncellphone 3 (drawer 9)\nObjects I have taken:\ncellphone 3\nThe safe is closed. Before I can put the cellphone on it, I need to open the safe."
    },
    {
      "obs": "You open the safe 1. The safe 1 is open. In it, you see nothing.",
      "act": "put cellphone 3 in/on safe 1",
      "thought": "I am now in/on: safe 1\nCritical objects I have found:\ncellphone 3 (drawer 9)\nObjects I have taken:\ncellphone 3\nNow the safe is open. I can put the cellphone 3 in/on the safe."
    },
    {
      "obs": "You put the cellphone 3 in/on the safe 1.",
      "act": "close safe 1"
    }
  ]
}