{
  "task": "put some statue on sidetable.",
  "traj": [
    {
      "obs": "You are in the middle of a room. Looking quickly around you, you see a armchair 1, a coffeetable 1, a garbagecan 1, a shelf 1, a shelf 2, a sidetable 1, a sofa 1, and a sofa 2.",
      "act": "go to shelf 2",
      "thought": "I am now in/on: the middle of a room\nCritical objects I have found:\nNone\nObjects I have taken:\nNone\nTo solve the task, I need to find and take a statue, then put it on the sidetable. First, I need to find a statue. A statue is more likely to appear on shelves or sidetables. I will check the shelves first, starting with shelf 2."
    },
    {
      "obs": "You arrive at loc 7. On the shelf 2, you see a statue 3.",
      "act": "take statue 3 from shelf 2",
      "thought": "I am now in/on: shelf 2\nCritical objects I have found:\nstatue 3 (shelf 2)\nObjects I have taken:\nNone\nNow I find a statue (3). Next, I need to take it."
    },
    {
      "obs": "You pick up the statue 3 from the shelf 2.",
      "act": "go to sidetable 1",
      "thought": "I am now in/on: shelf 2\nCritical objects I have found:\nstatue 3 (shelf 2)\nObjects I have taken:\nstatue 3\nNow I have taken the statue (3). Next, I need to go to the sidetable 1 to put the statue on it."
    },
    {
      "obs": "You arrive at loc 9. On the sidetable 1, you see a keychain 3.",
      "act": "put statue 3 in/on sidetable 1",
      "thought": "I am now in/on: sidetable 1\nCritical objects I have found:\nstatue 3 (shelf 2)\nObjects I have taken:\nstatue 3\nNow I am at the sidetable 1. Next, I need to put the statue 3 on it."
    },
    {
      "obs": "You put the statue 3 in/on the sidetable 1.",
      "act": "go to shelf 2"
    }
  ]
}