{
  "task": "put a box in sofa.",
  "traj": [
    {
      "obs": "You are in the middle of a room. Looking quickly around you, you see a armchair 1, a coffeetable 1, a garbagecan 1, a shelf 1, a shelf 10, a shelf 11, a shelf 12, a shelf 13, a shelf 14, a shelf 2, a shelf 3, a shelf 4, a shelf 5, a shelf 6, a shelf 7, a shelf 8, a shelf 9, a sofa 1, a tvstand 1, and a tvstand 2.",
      "act": "go to shelf 3",
      "thought": "I am now in/on: the middle of a room\nCritical objects I have found:\nNone\nObjects I have taken:\nNone\nTo solve the task, I need to find and take a box, then put it in/on the sofa. First, I need to find a box. A box is more likely to appear on shelves or near the tvstands. I can check one by one, starting with shelf 3."
    },
    {
      "obs": "You arrive at loc 22. On the shelf 3, you see nothing.",
      "act": "go to shelf 13",
      "thought": "I am now in/on: shelf 3\nCritical objects I have found:\nNone\nObjects I have taken:\nNone\nOn shelf 3, there is no box. Next, I need to check shelf 13."
    },
    {
      "obs": "You arrive at loc 4. On the shelf 13, you see nothing.",
      "act": "go to tvstand 2",
      "thought": "I am now in/on: shelf 13\nCritical objects I have found:\nNone\nObjects I have taken:\nNone\nOn shelf 13, there is no box. Next, I need to check tvstand 2."
    },
    {
      "obs": "You arrive at loc 5. On the tvstand 2, you see a houseplant 1, a keychain 2, a laptop 1, and a statue 3.",
      "act": "go to shelf 5",
      "thought": "I am now in/on: tvstand 2\nCritical objects I have found:\nNone\nObjects I have taken:\nNone\nOn tvstand 2, there is no box. Next, I need to check shelf 5."
    },
    {
      "obs": "You arrive at loc 2. On the shelf 5, you see a statue 2.",
      "act": "go to shelf 12",
      "thought": "I am now in/on: shelf 5\nCritical objects I have found:\nNone\nObjects I have taken:\nNone\nOn shelf 5, there is no box. Next, I need to check shelf 12."
    },
    {
      "obs": "You arrive at loc 8. On the shelf 12, you see nothing.",
      "act": "go to shelf 7",
      "thought": "I am now in/on: shelf 12\nCritical objects I have found:\nNone\nObjects I have taken:\nNone\nOn shelf 12, there is no box. Next, I need to check shelf 7."
    },
    {
      "obs": "You arrive at loc 12. On the shelf 7, you see a bowl 1, and a vase 2.",
      "act": "go to coffeetable 1",
      "thought": "I am now in/on: shelf 7\nCritical objects I have found:\nNone\nObjects I have taken:\nNone\nOn shelf 7, there is no box. Next, I need to check coffeetable 1."
    },
    {
      "obs": "You arrive at loc 20. On the coffeetable 1, you see a bowl 2, a remotecontrol 2, a remotecontrol 3, a statue 1, and a vase 4.",
      "act": "go to shelf 11",
      "thought": "I am now in/on: coffeetable 1\nCritical objects I have found:\nNone\nObjects I have taken:\nNone\nOn coffeetable 1, there is no box. Next, I need to check shelf 11."
    },
    {
      "obs": "You arrive at loc 13. On the shelf 11, you see nothing.",
      "act": "go to armchair 1",
      "thought": "I am now in/on: shelf 11\nCritical objects I have found:\nNone\nObjects I have taken:\nNone\nOn shelf 11, there is no box. Next, I need to check armchair 1."
    },
    {
      "obs": "You arrive at loc 19. On the armchair 1, you see a box 2, and a creditcard 1.",
      "act": "take box 2 from armchair 1",
      "thought": "I am now in/on: armchair 1\nCritical objects I have found:\nbox 2 (armchair 1)\nObjects I have taken:\nNone\nNow I find a box (2). Next, I need to take it."
    },
    {
      "obs": "You pick up the box 2 from the armchair 1.",
      "act": "go to sofa 1",
      "thought": "I am now in/on: armchair 1\nCritical objects I have found:\nbox 2 (armchair 1)\nObjects I have taken:\nbox 2\nNow I have taken the box (2). Next, I need to go to and put it in/on sofa 1."
    },
    {
      "obs": "You arrive at loc 25. On the sofa 1, you see a creditcard 2, a pillow 1, and a remotecontrol 1.",
      "act": "put box 2 in/on sofa 1",
      "thought": "I am now in/on: sofa 1\nCritical objects I have found:\nbox 2 (armchair 1)\nObjects I have taken:\nbox 2\nNow I am at the sofa 1. Next, I need to put the box 2 in/on it."
    },
    {
      "obs": "You put the box 2 in/on the sofa 1.",
      "act": "go to shelf 3"
    }
  ]
}