{
  "task": "put a creditcard in armchair.",
  "traj": [
    {
      "obs": "You are in the middle of a room. Looking quickly around you, you see a armchair 1, a diningtable 1, a drawer 1, a drawer 2, a drawer 3, a drawer 4, a garbagecan 1, a shelf 1, a sidetable 1, a sidetable 2, a sidetable 3, and a sofa 1.",
      "act": "go to drawer 4",
      "thought": "I am now in/on: the middle of a room\nCritical objects I have found:\nNone\nObjects I have taken:\nNone\nTo solve the task, I need to find and take a credit card, then put it in the armchair. First, I need to find a credit card. A credit card is more likely to appear in drawers (1-4), sidetables (1-3), or maybe on a shelf (1). I can check one by one, starting with drawer 4."
    },
    {
      "obs": "You arrive at loc 25. The drawer 4 is closed.",
      "act": "open drawer 4",
      "thought": "I am now in/on: drawer 4\nCritical objects I have found:\nNone\nObjects I have taken:\nNone\nTo see objects in drawer 4, I have to open it first."
    },
    {
      "obs": "You open the drawer 4. The drawer 4 is open. In it, you see nothing.",
      "act": "go to sidetable 3",
      "thought": "I am now in/on: drawer 4\nCritical objects I have found:\nNone\nObjects I have taken:\nNone\nDrawer 4 is empty, so there is no credit card here. Next, I need to check sidetable 3."
    },
    {
      "obs": "You arrive at loc 9. On the sidetable 3, you see a tissuebox 2.",
      "act": "go to armchair 1",
      "thought": "I am now in/on: sidetable 3\nCritical objects I have found:\nNone\nObjects I have taken:\nNone\nOn sidetable 3, there is no credit card. Next, I need to check armchair 1 to see if the credit card is already there."
    },
    {
      "obs": "You arrive at loc 3. On the armchair 1, you see a pillow 1.",
      "act": "go to shelf 1",
      "thought": "I am now in/on: armchair 1\nCritical objects I have found:\nNone\nObjects I have taken:\nNone\nOn armchair 1, there is no credit card. Next, I need to check shelf 1."
    },
    {
      "obs": "You arrive at loc 24. On the shelf 1, you see a keychain 3, a newspaper 2, a newspaper 3, a vase 2, and a vase 3.",
      "act": "go to sofa 1",
      "thought": "I am now in/on: shelf 1\nCritical objects I have found:\nNone\nObjects I have taken:\nNone\nOn shelf 1, there is no credit card. Next, I need to check sofa 1 to see if the credit card is there."
    },
    {
      "obs": "You arrive at loc 7. On the sofa 1, you see a creditcard 1, a laptop 2, and a remotecontrol 3.",
      "act": "take creditcard 1 from sofa 1",
      "thought": "I am now in/on: sofa 1\nCritical objects I have found:\ncreditcard 1 (sofa 1)\nObjects I have taken:\nNone\nNow I find a credit card (1) on the sofa 1. Next, I need to take it."
    },
    {
      "obs": "You pick up the creditcard 1 from the sofa 1.",
      "act": "go to armchair 1",
      "thought": "I am now in/on: sofa 1\nCritical objects I have found:\ncreditcard 1 (sofa 1)\nObjects I have taken:\ncreditcard 1\nNow I have taken the credit card (1). Next, I need to go to and put it in the armchair 1."
    },
    {
      "obs": "You pick up the creditcard 1 from the sofa 1.",
      "act": "put creditcard 1 in/on armchair 1",
      "thought": "I am now in/on: sofa 1\nCritical objects I have found:\ncreditcard 1 (sofa 1)\nObjects I have taken:\ncreditcard 1\nNow I have taken the credit card (1). Next, I need to go to and put it in the armchair 1."
    },
    {
      "obs": "You put the creditcard 1 in/on the armchair 1.",
      "act": "go to drawer 4"
    }
  ]
}