{
  "task": "put a pencil in shelf.",
  "traj": [
    {
      "obs": "You are in the middle of a room. Looking quickly around you, you see a bed 1, a desk 1, a drawer 1, a drawer 2, a drawer 3, a drawer 4, a drawer 5, a drawer 6, a garbagecan 1, a shelf 1, a shelf 2, and a sidetable 1.",
      "act": "go to desk 1",
      "thought": "I am now in/on: the middle of a room\nCritical objects I have found:\nNone\nObjects I have taken:\nNone\nTo solve the task, I need to find and take a pencil, then put it in a shelf. First, I need to find a pencil. A pencil is more likely to appear in desk-related areas (desk 1, drawers 1-6), or on a shelf (1-2). I can check one by one, starting with desk 1."
    },
    {
      "obs": "You arrive at loc 10. On the desk 1, you see a alarmclock 2, a alarmclock 3, a cd 2, a cellphone 1, a pen 1, a pencil 1, a pencil 2, and a tissuebox 1.",
      "act": "take pencil 1 from desk 1",
      "thought": "I am now in/on: desk 1\nCritical objects I have found:\npencil 1 (desk 1)\nObjects I have taken:\nNone\nNow I find a pencil (1) on the desk 1. Next, I need to take it."
    },
    {
      "obs": "You pick up the pencil 1 from the desk 1.",
      "act": "go to shelf 1",
      "thought": "I am now in/on: desk 1\nCritical objects I have found:\npencil 1 (desk 1)\nObjects I have taken:\npencil 1\nNow I have taken a pencil (1). Next, I need to go to and put it in/on shelf 1."
    },
    {
      "obs": "You arrive at loc 20. On the shelf 1, you see a box 1, a creditcard 1, a houseplant 1, and a mug 1.",
      "act": "put pencil 1 in/on shelf 1",
      "thought": "I am now in/on: shelf 1\nCritical objects I have found:\npencil 1 (desk 1)\nObjects I have taken:\npencil 1\nNow I am at shelf 1. Next, I need to put the pencil 1 in/on it."
    },
    {
      "obs": "You put the pencil 1 in/on the shelf 1.",
      "act": "go to desk 1"
    }
  ]
}