{
  "task": "put some pillow on armchair.",
  "traj": [
    {
      "obs": "You are in the middle of a room. Looking quickly around you, you see a armchair 1, a bed 1, a diningtable 1, a drawer 1, a drawer 2, a garbagecan 1, a sidetable 1, and a sidetable 2.",
      "act": "go to armchair 1",
      "thought": "I am now in/on: the middle of a room\nCritical objects I have found:\nNone\nObjects I have taken:\nNone\nTo solve the task, I need to find and take a pillow, then put it on the armchair. First, I need to find a pillow. A pillow is more likely to be found on a bed (1), in drawers (1-2), or on sidetables (1-2). I will start by checking the bed since that's the most common place to find pillows."
    },
    {
      "obs": "You arrive at loc 3. On the armchair 1, you see a keychain 2.",
      "act": "go to bed 1",
      "thought": "I am now in/on: armchair 1\nCritical objects I have found:\nNone\nObjects I have taken:\nNone\nI checked the armchair 1 and found no pillow. Next, I will check the bed 1, as pillows are commonly found on beds."
    },
    {
      "obs": "You arrive at loc 14. On the bed 1, you see a book 1, a laptop 1, a laptop 2, a pillow 1, and a pillow 2.",
      "act": "take pillow 1 from bed 1",
      "thought": "I am now in/on: bed 1\nCritical objects I have found:\npillow 1 (bed 1)\nObjects I have taken:\nNone\nI have found a pillow (1) on the bed 1. Next, I need to take it."
    },
    {
      "obs": "You pick up the pillow 1 from the bed 1.",
      "act": "go to armchair 1",
      "thought": "I am now in/on: bed 1\nCritical objects I have found:\npillow 1 (bed 1)\nObjects I have taken:\npillow 1\nNow I have taken the pillow (1). Next, I need to go to the armchair 1 and put the pillow on it."
    },
    {
      "obs": "You pick up the pillow 1 from the bed 1.",
      "act": "put pillow 1 in/on armchair 1",
      "thought": "I am now in/on: bed 1\nCritical objects I have found:\npillow 1 (bed 1)\nObjects I have taken:\npillow 1\nI have taken the pillow (1) and I am currently at the bed 1. I need to go to the armchair 1 to put the pillow on it."
    },
    {
      "obs": "You put the pillow 1 in/on the armchair 1.",
      "act": "go to bed 1"
    }
  ]
}