{
  "task": "put a cellphone in bed.",
  "traj": [
    {
      "obs": "You are in the middle of a room. Looking quickly around you, you see a armchair 1, a bed 1, a cabinet 1, a cabinet 2, a cabinet 3, a cabinet 4, a drawer 1, a drawer 2, a drawer 3, a drawer 4, a drawer 5, a drawer 6, a dresser 1, a garbagecan 1, a sidetable 1, and a sidetable 2.",
      "act": "go to armchair 1",
      "thought": "I am now in/on: the middle of a room\nCritical objects I have found:\nNone\nObjects I have taken:\nNone\nTo solve the task, I need to find and take a cellphone, then put it in the bed. A cellphone is more likely to appear on surfaces like sidetables, dressers, or in drawers. I can check one by one, starting with armchair 1, although it's less likely to be there."
    },
    {
      "obs": "You arrive at loc 14. On the armchair 1, you see a book 1.",
      "act": "go to sidetable 1",
      "thought": "I am now in/on: armchair 1\nCritical objects I have found:\nNone\nObjects I have taken:\nNone\nOn armchair 1, there is no cellphone. Next, I need to check sidetable 1."
    },
    {
      "obs": "You arrive at loc 5. On the sidetable 1, you see a cellphone 3, a keychain 2, and a keychain 3.",
      "act": "take cellphone 3 from sidetable 1",
      "thought": "I am now in/on: sidetable 1\nCritical objects I have found:\ncellphone 3 (sidetable 1)\nObjects I have taken:\nNone\nI have found a cellphone (3) on sidetable 1. Next, I need to take it."
    },
    {
      "obs": "You pick up the cellphone 3 from the sidetable 1.",
      "act": "go to bed 1",
      "thought": "I am now in/on: sidetable 1\nCritical objects I have found:\ncellphone 3 (sidetable 1)\nObjects I have taken:\ncellphone 3\nNow that I have the cellphone (3), I need to go to the bed to put it there."
    },
    {
      "obs": "You arrive at loc 23. On the bed 1, you see a book 2, a book 3, a laptop 1, a pillow 1, and a pillow 2.",
      "act": "put cellphone 3 in/on bed 1",
      "thought": "I am now in/on: bed 1\nCritical objects I have found:\ncellphone 3 (sidetable 1)\nObjects I have taken:\ncellphone 3\nNow I am at the bed 1. Next, I need to put the cellphone 3 in/on it."
    },
    {
      "obs": "You put the cellphone 3 in/on the bed 1.",
      "act": "go to armchair 1"
    }
  ]
}