{
  "task": "put some toiletpaper on toiletpaperhanger.",
  "traj": [
    {
      "obs": "You are in the middle of a room. Looking quickly around you, you see a bathtubbasin 1, a countertop 1, a countertop 2, a drawer 1, a drawer 2, a drawer 3, a drawer 4, a drawer 5, a drawer 6, a drawer 7, a drawer 8, a garbagecan 1, a handtowelholder 1, a handtowelholder 2, a handtowelholder 3, a handtowelholder 4, a sinkbasin 1, a sinkbasin 2, a toilet 1, a toiletpaperhanger 1, and a towelholder 1.",
      "act": "go to drawer 3",
      "thought": "I am now in/on: the middle of a room\nCritical objects I have found:\nNone\nObjects I have taken:\nNone\nTo solve the task, I need to find and take some toiletpaper, then put it on the toiletpaperhanger. First, I need to find toiletpaper. Toiletpaper is more likely to appear in drawers (1-8), or possibly on countertops (1-2). I can check one by one, starting with drawer 3."
    },
    {
      "obs": "You arrive at loc 15. The drawer 3 is closed.",
      "act": "open drawer 3",
      "thought": "I am now in/on: drawer 3\nCritical objects I have found:\nNone\nObjects I have taken:\nNone\nTo see objects in drawer 3, I have to open it first."
    },
    {
      "obs": "You open the drawer 3. The drawer 3 is open. In it, you see nothing.",
      "act": "go to drawer 1",
      "thought": "I am now in/on: drawer 3\nCritical objects I have found:\nNone\nObjects I have taken:\nNone\nDrawer 3 is empty, so I need to check another drawer. Next, I will check drawer 1 for toiletpaper."
    },
    {
      "obs": "You arrive at loc 1. The drawer 1 is closed.",
      "act": "open drawer 1",
      "thought": "I am now in/on: drawer 3\nCritical objects I have found:\nNone\nObjects I have taken:\nNone\nDrawer 3 is empty, so I moved to check drawer 1. I need to open it to see if there's toiletpaper inside."
    },
    {
      "obs": "You open the drawer 1. The drawer 1 is open. In it, you see a candle 1.",
      "act": "go to drawer 5",
      "thought": "I am now in/on: drawer 1\nCritical objects I have found:\nNone\nObjects I have taken:\nNone\nDrawer 1 contains a candle but no toiletpaper. I will continue searching the drawers and move to check drawer 5 next."
    },
    {
      "obs": "You arrive at loc 15. The drawer 5 is closed.",
      "act": "open drawer 5",
      "thought": "I am now in/on: drawer 1\nCritical objects I have found:\nNone\nObjects I have taken:\nNone\nDrawer 1 did not have toiletpaper, so I will open drawer 5 to see if it contains toiletpaper."
    },
    {
      "obs": "You open the drawer 5. The drawer 5 is open. In it, you see a toiletpaper 2.",
      "act": "take toiletpaper 2 from drawer 5",
      "thought": "I am now in/on: drawer 5\nCritical objects I have found:\ntoiletpaper 2 (drawer 5)\nObjects I have taken:\nNone\nNow I have found toiletpaper (2) in drawer 5. Next, I need to take it."
    },
    {
      "obs": "You pick up the toiletpaper 2 from the drawer 5.",
      "act": "go to toiletpaperhanger 1",
      "thought": "I am now in/on: drawer 5\nCritical objects I have found:\ntoiletpaper 2 (drawer 5)\nObjects I have taken:\ntoiletpaper 2\nNow that I have the toiletpaper (2), I need to go to the toiletpaperhanger to put it there."
    },
    {
      "obs": "You arrive at loc 3. On the toiletpaperhanger 1, you see nothing.",
      "act": "put toiletpaper 2 in/on toiletpaperhanger 1",
      "thought": "I am now in/on: toiletpaperhanger 1\nCritical objects I have found:\ntoiletpaper 2 (drawer 5)\nObjects I have taken:\ntoiletpaper 2\nNow I am at the toiletpaperhanger 1. Next, I need to put the toiletpaper 2 on it."
    },
    {
      "obs": "You put the toiletpaper 2 in/on the toiletpaperhanger 1.",
      "act": "go to drawer 3"
    }
  ]
}