{
  "task": "put some cellphone on bed.",
  "traj": [
    {
      "obs": "You are in the middle of a room. Looking quickly around you, you see a bed 1, a desk 1, a drawer 1, a drawer 2, a drawer 3, a drawer 4, a drawer 5, a drawer 6, a garbagecan 1, a shelf 1, a shelf 2, and a sidetable 1.",
      "act": "go to desk 1",
      "thought": "I am now in/on: the middle of a room\nCritical objects I have found:\nNone\nObjects I have taken:\nNone\nTo solve the task, I need to find and take a cellphone, then put it on the bed. First, I need to find a cellphone. A cellphone is more likely to appear in drawers (1-6), desk (1), sidetable (1), or shelf (1-2). I can check one by one, starting with desk 1."
    },
    {
      "obs": "You arrive at loc 10. On the desk 1, you see a alarmclock 2, a alarmclock 3, a book 2, a cd 1, a cd 2, a cellphone 1, a creditcard 1, a mug 1, and a tissuebox 2.",
      "act": "take cellphone 1 from desk 1",
      "thought": "I am now in/on: desk 1\nCritical objects I have found:\ncellphone 1 (desk 1)\nObjects I have taken:\nNone\nI have found a cellphone (1) on the desk 1. Next, I need to take it."
    },
    {
      "obs": "You pick up the cellphone 1 from the desk 1.",
      "act": "go to bed 1",
      "thought": "I am now in/on: desk 1\nCritical objects I have found:\ncellphone 1 (desk 1)\nObjects I have taken:\ncellphone 1\nNow I have taken the cellphone (1). Next, I need to go to and put it on the bed 1."
    },
    {
      "obs": "You arrive at loc 8. On the bed 1, you see a laptop 1, a laptop 2, a laptop 3, a pillow 1, a pillow 2, and a teddybear 1.",
      "act": "put cellphone 1 in/on bed 1",
      "thought": "I am now in/on: bed 1\nCritical objects I have found:\ncellphone 1 (desk 1)\nObjects I have taken:\ncellphone 1\nNow I am at the bed 1. Next, I need to put the cellphone 1 on it."
    },
    {
      "obs": "You put the cellphone 1 in/on the bed 1.",
      "act": "go to desk 1"
    }
  ]
}