{
  "task": "put some toiletpaper on toiletpaperhanger.",
  "traj": [
    {
      "obs": "You are in the middle of a room. Looking quickly around you, you see a bathtubbasin 1, a countertop 1, a drawer 1, a drawer 2, a drawer 3, a drawer 4, a drawer 5, a drawer 6, a drawer 7, a drawer 8, a garbagecan 1, a handtowelholder 1, a sinkbasin 1, a toilet 1, a toiletpaperhanger 1, a towelholder 1, and a towelholder 2.",
      "act": "go to drawer 8",
      "thought": "I am now in/on: the middle of a room\nCritical objects I have found:\nNone\nObjects I have taken:\nNone\nTo solve the task, I need to find and take some toiletpaper, then put it on the toiletpaperhanger. First, I need to find toiletpaper. Toiletpaper is more likely to appear in drawers (1-8), or possibly in the garbagecan (1) if discarded. I can check one by one, starting with drawer 8."
    },
    {
      "obs": "You arrive at loc 10. The drawer 8 is closed.",
      "act": "open drawer 8",
      "thought": "I am now in/on: drawer 8\nCritical objects I have found:\nNone\nObjects I have taken:\nNone\nTo see objects in drawer 8, I have to open it first."
    },
    {
      "obs": "You open the drawer 8. The drawer 8 is open. In it, you see a soapbar 1.",
      "act": "go to garbagecan 1",
      "thought": "I am now in/on: drawer 8\nCritical objects I have found:\nNone\nObjects I have taken:\nNone\nIn drawer 8, there is no toiletpaper. Next, I need to check the garbagecan 1, as it might contain discarded toiletpaper."
    },
    {
      "obs": "You arrive at loc 3. On the garbagecan 1, you see nothing.",
      "act": "go to countertop 1",
      "thought": "I am now in/on: garbagecan 1\nCritical objects I have found:\nNone\nObjects I have taken:\nNone\nIn the garbagecan 1, there is no toiletpaper. Next, I need to check the countertop 1, as toiletpaper might be temporarily placed there."
    },
    {
      "obs": "You arrive at loc 12. On the countertop 1, you see a soapbottle 1, a soapbottle 2, a soapbottle 3, a toiletpaper 1, and a toiletpaper 2.",
      "act": "take toiletpaper 2 from countertop 1",
      "thought": "I am now in/on: countertop 1\nCritical objects I have found:\ntoiletpaper 2 (countertop 1)\nObjects I have taken:\nNone\nNow I find some toiletpaper (2). Next, I need to take it."
    },
    {
      "obs": "You pick up the toiletpaper 2 from the countertop 1.",
      "act": "go to toiletpaperhanger 1",
      "thought": "I am now in/on: countertop 1\nCritical objects I have found:\ntoiletpaper 2 (countertop 1)\nObjects I have taken:\ntoiletpaper 2\nNow I have taken toiletpaper 2. Next, I need to go to and put it on the toiletpaperhanger 1."
    },
    {
      "obs": "You arrive at loc 7. On the toiletpaperhanger 1, you see nothing.",
      "act": "put toiletpaper 2 in/on toiletpaperhanger 1",
      "thought": "I am now in/on: toiletpaperhanger 1\nCritical objects I have found:\ntoiletpaper 2 (countertop 1)\nObjects I have taken:\ntoiletpaper 2\nNow I am at the toiletpaperhanger 1. Next, I need to put the toiletpaper 2 on it."
    },
    {
      "obs": "You put the toiletpaper 2 in/on the toiletpaperhanger 1.",
      "act": "go to drawer 8"
    }
  ]
}