{
  "task": "put some tomato on microwave.",
  "traj": [
    {
      "obs": "You are in the middle of a room. Looking quickly around you, you see a cabinet 1, a cabinet 10, a cabinet 11, a cabinet 12, a cabinet 13, a cabinet 14, a cabinet 15, a cabinet 16, a cabinet 17, a cabinet 18, a cabinet 2, a cabinet 3, a cabinet 4, a cabinet 5, a cabinet 6, a cabinet 7, a cabinet 8, a cabinet 9, a coffeemachine 1, a countertop 1, a countertop 2, a countertop 3, a countertop 4, a drawer 1, a drawer 2, a drawer 3, a drawer 4, a drawer 5, a drawer 6, a drawer 7, a fridge 1, a garbagecan 1, a microwave 1, a sinkbasin 1, a stoveburner 1, a stoveburner 2, a stoveburner 3, a stoveburner 4, and a toaster 1.",
      "act": "go to countertop 1",
      "thought": "I am now in/on: the middle of a room\nCritical objects I have found:\nNone\nObjects I have taken:\nNone\nTo solve the task, I need to find and take a tomato, then put it on the microwave. First, I need to find a tomato. A tomato is more likely to appear on countertops (1-4), in the fridge (1), or possibly in a cabinet (1-18). I will start by checking countertop 1."
    },
    {
      "obs": "You arrive at loc 30. On the countertop 1, you see a houseplant 1, a lettuce 1, and a lettuce 2.",
      "act": "go to garbagecan 1",
      "thought": "I am now in/on: countertop 1\nCritical objects I have found:\nNone\nObjects I have taken:\nNone\nOn countertop 1, there is no tomato. Next, I need to check other likely places where a tomato might be found. Since garbagecans sometimes contain food items that are still usable, I will check the garbagecan 1 next."
    },
    {
      "obs": "You arrive at loc 40. On the garbagecan 1, you see a tomato 1.",
      "act": "take tomato 1 from garbagecan 1",
      "thought": "I am now in/on: garbagecan 1\nCritical objects I have found:\ntomato 1 (garbagecan 1)\nObjects I have taken:\nNone\nNow I have found a tomato (1) in the garbagecan 1. Next, I need to take it."
    },
    {
      "obs": "You pick up the tomato 1 from the garbagecan 1.",
      "act": "go to microwave 1",
      "thought": "I am now in/on: garbagecan 1\nCritical objects I have found:\ntomato 1 (garbagecan 1)\nObjects I have taken:\ntomato 1\nNow I have taken the tomato (1). Next, I need to go to the microwave to put the tomato on it."
    },
    {
      "obs": "You arrive at loc 35. The microwave 1 is closed.",
      "act": "open microwave 1",
      "thought": "I am now in/on: microwave 1\nCritical objects I have found:\ntomato 1 (garbagecan 1)\nObjects I have taken:\ntomato 1\nI am at the microwave, but it is closed. Since the task is to put the tomato on the microwave, not inside, I do not need to open it. I can simply place the tomato on top of the microwave."
    },
    {
      "obs": "You open the microwave 1. The microwave 1 is open. In it, you see a egg 1.",
      "act": "put tomato 1 in/on microwave 1",
      "thought": "I am now in/on: microwave 1\nCritical objects I have found:\ntomato 1 (garbagecan 1)\nObjects I have taken:\ntomato 1\nI have opened the microwave, but since the task is to put the tomato on the microwave, I will place it on top of the microwave now."
    },
    {
      "obs": "You put the tomato 1 in/on the microwave 1.",
      "act": "close microwave 1"
    }
  ]
}