{
  "task": "put some spraybottle on garbagecan.",
  "traj": [
    {
      "obs": "You are in the middle of a room. Looking quickly around you, you see a cabinet 1, a cabinet 2, a cabinet 3, a cabinet 4, a countertop 1, a garbagecan 1, a handtowelholder 1, a sinkbasin 1, a sinkbasin 2, a toilet 1, a toiletpaperhanger 1, and a towelholder 1.",
      "act": "go to garbagecan 1",
      "thought": "I am now in/on: the middle of a room\nCritical objects I have found:\nNone\nObjects I have taken:\nNone\nTo solve the task, I need to find and take a spraybottle, then put it on garbagecan 1. First, I need to find a spraybottle. A spraybottle is more likely to appear in cabinets (1-4) or on the countertop (1). I will check the cabinets first, starting with cabinet 1."
    },
    {
      "obs": "You arrive at loc 8. On the garbagecan 1, you see a soapbottle 3, and a toiletpaper 2.",
      "act": "go to countertop 1",
      "thought": "I am now in/on: garbagecan 1\nCritical objects I have found:\nNone\nObjects I have taken:\nNone\nOn garbagecan 1, there is no spraybottle. Next, I need to check countertop 1."
    },
    {
      "obs": "You arrive at loc 7. On the countertop 1, you see a handtowel 1, a soapbar 2, and a spraybottle 1.",
      "act": "take spraybottle 1 from countertop 1",
      "thought": "I am now in/on: countertop 1\nCritical objects I have found:\nspraybottle 1 (countertop 1)\nObjects I have taken:\nNone\nNow I find a spraybottle (1) on the countertop 1. Next, I need to take it."
    },
    {
      "obs": "You pick up the spraybottle 1 from the countertop 1.",
      "act": "go to garbagecan 1",
      "thought": "I am now in/on: countertop 1\nCritical objects I have found:\nspraybottle 1 (countertop 1)\nObjects I have taken:\nspraybottle 1\nNow I have taken the spraybottle (1). Next, I need to go to and put it on garbagecan 1."
    },
    {
      "obs": "You pick up the spraybottle 1 from the countertop 1.",
      "act": "put spraybottle 1 in/on garbagecan 1",
      "thought": "I am now in/on: countertop 1\nCritical objects I have found:\nspraybottle 1 (countertop 1)\nObjects I have taken:\nspraybottle 1\nNow I have taken the spraybottle (1). Next, I need to go to and put it on garbagecan 1."
    },
    {
      "obs": "You put the spraybottle 1 in/on the garbagecan 1.",
      "act": "go to countertop 1"
    }
  ]
}