{
  "task": "put a dishsponge in toilet.",
  "traj": [
    {
      "obs": "You are in the middle of a room. Looking quickly around you, you see a bathtubbasin 1, a cart 1, a countertop 1, a drawer 1, a drawer 2, a drawer 3, a drawer 4, a garbagecan 1, a handtowelholder 1, a shelf 1, a sinkbasin 1, a toilet 1, a toiletpaperhanger 1, and a towelholder 1.",
      "act": "go to drawer 2",
      "thought": "I am now in/on: the middle of a room\nCritical objects I have found:\nNone\nObjects I have taken:\nNone\nTo solve the task, I need to find and take a dishsponge, then put it in the toilet. First, I need to find a dishsponge. A dishsponge is more likely to appear in drawers (1-4), countertop (1), or sinkbasin (1). I will check one by one, starting with drawer 2."
    },
    {
      "obs": "You arrive at loc 23. The drawer 2 is closed.",
      "act": "open drawer 2",
      "thought": "I am now in/on: drawer 2\nCritical objects I have found:\nNone\nObjects I have taken:\nNone\nTo see objects in drawer 2, I have to open it first."
    },
    {
      "obs": "You open the drawer 2. The drawer 2 is open. In it, you see nothing.",
      "act": "go to garbagecan 1",
      "thought": "I am now in/on: drawer 2\nCritical objects I have found:\nNone\nObjects I have taken:\nNone\nDrawer 2 is empty, so there is no dishsponge here. Next, I need to check the garbagecan 1, as sometimes sponges might be thrown away."
    },
    {
      "obs": "You arrive at loc 3. On the garbagecan 1, you see a dishsponge 3.",
      "act": "take dishsponge 3 from garbagecan 1",
      "thought": "I am now in/on: garbagecan 1\nCritical objects I have found:\ndishsponge 3 (garbagecan 1)\nObjects I have taken:\nNone\nNow I find a dishsponge (3) in the garbagecan 1. Next, I need to take it."
    },
    {
      "obs": "You pick up the dishsponge 3 from the garbagecan 1.",
      "act": "go to toilet 1",
      "thought": "I am now in/on: garbagecan 1\nCritical objects I have found:\ndishsponge 3 (garbagecan 1)\nObjects I have taken:\ndishsponge 3\nNow I have taken the dishsponge (3). Next, I need to go to and put it in the toilet."
    },
    {
      "obs": "You arrive at loc 8. On the toilet 1, you see a toiletpaper 2.",
      "act": "put dishsponge 3 in/on toilet 1",
      "thought": "I am now in/on: toilet 1\nCritical objects I have found:\ndishsponge 3 (garbagecan 1)\nObjects I have taken:\ndishsponge 3\nNow I am at the toilet 1. Next, I need to put the dishsponge 3 in/on it."
    },
    {
      "obs": "You put the dishsponge 3 in/on the toilet 1.",
      "act": "go to drawer 2"
    }
  ]
}