{
  "task": "put a cellphone in dresser.",
  "traj": [
    {
      "obs": "You are in the middle of a room. Looking quickly around you, you see a armchair 1, a bed 1, a drawer 1, a drawer 10, a drawer 11, a drawer 12, a drawer 13, a drawer 14, a drawer 15, a drawer 16, a drawer 2, a drawer 3, a drawer 4, a drawer 5, a drawer 6, a drawer 7, a drawer 8, a drawer 9, a dresser 1, a dresser 2, a garbagecan 1, a shelf 1, a shelf 2, a sidetable 1, and a sidetable 2.",
      "act": "go to drawer 15",
      "thought": "I am now in/on: the middle of a room\nCritical objects I have found:\nNone\nObjects I have taken:\nNone\nTo solve the task, I need to find and take a cellphone, then put it in a dresser. First, I need to find a cellphone. A cellphone is more likely to appear in drawers, dressers, sidetables, or possibly on shelves. I can check one by one, starting with drawer 15 as it is one of the closest targets from the middle of the room."
    },
    {
      "obs": "You arrive at loc 30. The drawer 15 is closed.",
      "act": "open drawer 15",
      "thought": "I am now in/on: drawer 15\nCritical objects I have found:\nNone\nObjects I have taken:\nNone\nTo see objects in drawer 15, I have to open it first."
    },
    {
      "obs": "You open the drawer 15. The drawer 15 is open. In it, you see nothing.",
      "act": "go to bed 1",
      "thought": "I am now in/on: drawer 15\nCritical objects I have found:\nNone\nObjects I have taken:\nNone\nDrawer 15 is empty. I will now check under the bed, as cellphones can sometimes be found there."
    },
    {
      "obs": "You arrive at loc 26. On the bed 1, you see a book 1, a cellphone 1, a laptop 1, a laptop 2, a pillow 1, and a pillow 2.",
      "act": "take cellphone 1 from bed 1",
      "thought": "I am now in/on: bed 1\nCritical objects I have found:\ncellphone 1 (bed 1)\nObjects I have taken:\nNone\nI have found a cellphone (1) on the bed. Next, I need to take it."
    },
    {
      "obs": "You pick up the cellphone 1 from the bed 1.",
      "act": "go to dresser 1",
      "thought": "I am now in/on: bed 1\nCritical objects I have found:\ncellphone 1 (bed 1)\nObjects I have taken:\ncellphone 1\nNow that I have the cellphone, I need to put it in a dresser. I will go to dresser 1 to complete the task."
    },
    {
      "obs": "You arrive at loc 2. On the dresser 1, you see nothing.",
      "act": "put cellphone 1 in/on dresser 1",
      "thought": "I am now in/on: dresser 1\nCritical objects I have found:\ncellphone 1 (bed 1)\nObjects I have taken:\ncellphone 1\nNow I am at dresser 1. Next, I need to put the cellphone 1 in/on it."
    },
    {
      "obs": "You put the cellphone 1 in/on the dresser 1.",
      "act": "go to drawer 15"
    }
  ]
}