{
  "task": "put a butterknife in sidetable.",
  "traj": [
    {
      "obs": "You are in the middle of a room. Looking quickly around you, you see a cabinet 1, a cabinet 10, a cabinet 11, a cabinet 2, a cabinet 3, a cabinet 4, a cabinet 5, a cabinet 6, a cabinet 7, a cabinet 8, a cabinet 9, a coffeemachine 1, a countertop 1, a countertop 2, a diningtable 1, a diningtable 2, a drawer 1, a drawer 2, a drawer 3, a fridge 1, a garbagecan 1, a microwave 1, a sidetable 1, a sinkbasin 1, a stoveburner 1, a stoveburner 2, a stoveburner 3, a stoveburner 4, and a toaster 1.",
      "act": "go to drawer 3",
      "thought": "I am now in/on: the middle of a room\nCritical objects I have found:\nNone\nObjects I have taken:\nNone\nTo solve the task, I need to find and take a butterknife, then put it in the sidetable. First, I need to find a butterknife. A butterknife is more likely to be found in drawers (1-3), countertop (1-2), or diningtable (1-2). I will start by checking drawer 3."
    },
    {
      "obs": "You arrive at loc 14. The drawer 3 is closed.",
      "act": "open drawer 3",
      "thought": "I am now in/on: drawer 3\nCritical objects I have found:\nNone\nObjects I have taken:\nNone\nTo see objects in drawer 3, I have to open it first."
    },
    {
      "obs": "You open the drawer 3. The drawer 3 is open. In it, you see a peppershaker 3, and a spoon 2.",
      "act": "go to drawer 1",
      "thought": "I am now in/on: drawer 3\nCritical objects I have found:\nNone\nObjects I have taken:\nNone\nIn drawer 3, there is no butterknife. Next, I need to check drawer 1."
    },
    {
      "obs": "You arrive at loc 26. On the drawer 1, you see nothing.",
      "act": "go to sinkbasin 1",
      "thought": "I am now in/on: drawer 1\nCritical objects I have found:\nNone\nObjects I have taken:\nNone\nIn drawer 1, there is no butterknife. I will check sinkbasin 1 next, as sometimes utensils are left there after being used or washed."
    },
    {
      "obs": "You arrive at loc 3. On the sinkbasin 1, you see a egg 1, a spatula 1, and a tomato 1.",
      "act": "go to diningtable 2",
      "thought": "I am now in/on: sinkbasin 1\nCritical objects I have found:\nNone\nObjects I have taken:\nNone\nIn sinkbasin 1, there is no butterknife. Next, I need to check diningtable 2."
    },
    {
      "obs": "You arrive at loc 33. On the diningtable 2, you see a bowl 1, a bread 2, a knife 1, and a peppershaker 1.",
      "act": "go to diningtable 1",
      "thought": "I am now in/on: diningtable 2\nCritical objects I have found:\nNone\nObjects I have taken:\nNone\nOn diningtable 2, there is a knife, but it is not specified as a butterknife. I will check diningtable 1 next."
    },
    {
      "obs": "You arrive at loc 32. On the diningtable 1, you see a butterknife 1, a cup 1, a fork 1, a lettuce 1, a pan 1, a pot 1, and a spoon 1.",
      "act": "take butterknife 1 from diningtable 1",
      "thought": "I am now in/on: diningtable 1\nCritical objects I have found:\nbutterknife 1 (diningtable 1)\nObjects I have taken:\nNone\nNow I have found a butterknife (1) on diningtable 1. Next, I need to take it."
    },
    {
      "obs": "You pick up the butterknife 1 from the diningtable 1.",
      "act": "go to sidetable 1",
      "thought": "I am now in/on: diningtable 1\nCritical objects I have found:\nbutterknife 1 (diningtable 1)\nObjects I have taken:\nbutterknife 1\nNow I have taken the butterknife (1). Next, I need to go to the sidetable to put it there."
    },
    {
      "obs": "You arrive at loc 30. On the sidetable 1, you see a apple 1, a bread 1, a dishsponge 1, a mug 1, a potato 1, a potato 2, and a saltshaker 1.",
      "act": "put butterknife 1 in/on sidetable 1",
      "thought": "I am now in/on: sidetable 1\nCritical objects I have found:\nbutterknife 1 (diningtable 1)\nObjects I have taken:\nbutterknife 1\nNow I am at the sidetable 1. Next, I need to put the butterknife 1 in/on it."
    },
    {
      "obs": "You put the butterknife 1 in/on the sidetable 1.",
      "act": "go to drawer 3"
    }
  ]
}