{
  "task": "put some cellphone on bed.",
  "traj": [
    {
      "obs": "You are in the middle of a room. Looking quickly around you, you see a bed 1, a desk 1, a drawer 1, a drawer 2, a drawer 3, a drawer 4, a drawer 5, a drawer 6, a garbagecan 1, a shelf 1, a shelf 2, and a sidetable 1.",
      "act": "go to desk 1",
      "thought": "I am now in/on: the middle of a room\nCritical objects I have found:\nNone\nObjects I have taken:\nNone\nTo solve the task, I need to find and take a cellphone, then put it on the bed. First, I need to find a cellphone. A cellphone is more likely to appear on a desk (1), in drawers (1-6), on a shelf (1-2), on a sidetable (1), or in a garbagecan (1). I will check one by one, starting with desk 1."
    },
    {
      "obs": "You arrive at loc 10. On the desk 1, you see a alarmclock 1, a cellphone 1, a cellphone 2, a cellphone 4, and a pencil 2.",
      "act": "take cellphone 2 from desk 1",
      "thought": "I am now in/on: desk 1\nCritical objects I have found:\ncellphone 2 (desk 1)\nObjects I have taken:\nNone\nI have found several cellphones on desk 1. I will take cellphone 2."
    },
    {
      "obs": "You pick up the cellphone 2 from the desk 1.",
      "act": "go to bed 1",
      "thought": "I am now in/on: desk 1\nCritical objects I have found:\ncellphone 2 (desk 1)\nObjects I have taken:\ncellphone 2\nNow that I have taken cellphone 2, I need to go to the bed to put it there."
    },
    {
      "obs": "You arrive at loc 8. On the bed 1, you see a laptop 1, a laptop 2, a pillow 1, and a teddybear 1.",
      "act": "put cellphone 2 in/on bed 1",
      "thought": "I am now in/on: bed 1\nCritical objects I have found:\ncellphone 2 (desk 1)\nObjects I have taken:\ncellphone 2\nI am at the bed with the cellphone 2. Now I need to put the cellphone 2 on the bed."
    },
    {
      "obs": "You put the cellphone 2 in/on the bed 1.",
      "act": "go to desk 1"
    }
  ]
}