{
  "task": "put some toiletpaper on garbagecan.",
  "traj": [
    {
      "obs": "You are in the middle of a room. Looking quickly around you, you see a bathtubbasin 1, a cabinet 1, a cabinet 2, a cabinet 3, a cabinet 4, a countertop 1, a garbagecan 1, a handtowelholder 1, a shelf 1, a sinkbasin 1, a sinkbasin 2, a toilet 1, a toiletpaperhanger 1, a towelholder 1, and a towelholder 2.",
      "act": "go to garbagecan 1",
      "thought": "I am now in/on: the middle of a room\nCritical objects I have found:\nNone\nObjects I have taken:\nNone\nTo solve the task, I need to find and take some toiletpaper, then put it on garbagecan 1. Toiletpaper is most likely to be found near or on the toiletpaperhanger, in cabinets, or on shelves. I will start by checking the toiletpaperhanger since it's the most obvious place to find toiletpaper."
    },
    {
      "obs": "You arrive at loc 23. On the garbagecan 1, you see a soapbar 3.",
      "act": "go to toilet 1",
      "thought": "I am now in/on: garbagecan 1\nCritical objects I have found:\nNone\nObjects I have taken:\nNone\nThe garbagecan does not have toiletpaper. I will now check near the toilet, as toiletpaper is typically located close to it."
    },
    {
      "obs": "You arrive at loc 18. On the toilet 1, you see a candle 3, a papertowelroll 1, a soapbottle 2, a spraybottle 1, and a toiletpaper 3.",
      "act": "take toiletpaper 3 from toilet 1",
      "thought": "I am now in/on: toilet 1\nCritical objects I have found:\ntoiletpaper 3 (toilet 1)\nObjects I have taken:\nNone\nI have found some toiletpaper (3) on the toilet 1. Next, I need to take it."
    },
    {
      "obs": "You pick up the toiletpaper 3 from the toilet 1.",
      "act": "go to garbagecan 1",
      "thought": "I am now in/on: toilet 1\nCritical objects I have found:\ntoiletpaper 3 (toilet 1)\nObjects I have taken:\ntoiletpaper 3\nNow that I have the toiletpaper (3), I need to go to the garbagecan 1 to put it there."
    },
    {
      "obs": "You pick up the toiletpaper 3 from the toilet 1.",
      "act": "put toiletpaper 3 in/on garbagecan 1",
      "thought": "I am now in/on: garbagecan 1\nCritical objects I have found:\ntoiletpaper 3 (toilet 1)\nObjects I have taken:\ntoiletpaper 3\nNow I am at the garbagecan 1. Next, I need to put the toiletpaper 3 in/on it."
    },
    {
      "obs": "You put the toiletpaper 3 in/on the garbagecan 1.",
      "act": "go to toilet 1"
    }
  ]
}