{
  "task": "put some statue on coffeetable.",
  "traj": [
    {
      "obs": "You are in the middle of a room. Looking quickly around you, you see a armchair 1, a armchair 2, a cabinet 1, a cabinet 2, a cabinet 3, a cabinet 4, a cabinet 5, a cabinet 6, a cabinet 7, a cabinet 8, a coffeetable 1, a coffeetable 2, a diningtable 1, a drawer 1, a drawer 2, a drawer 3, a drawer 4, a drawer 5, a drawer 6, a drawer 7, a garbagecan 1, a shelf 1, a shelf 10, a shelf 11, a shelf 12, a shelf 13, a shelf 2, a shelf 3, a shelf 4, a shelf 5, a shelf 6, a shelf 7, a shelf 8, a shelf 9, and a sofa 1.",
      "act": "go to shelf 5",
      "thought": "I am now in/on: the middle of a room\nCritical objects I have found:\nNone\nObjects I have taken:\nNone\nTo solve the task, I need to find and take a statue, then put it on a coffeetable. First, I need to find a statue. A statue is more likely to appear on shelves or inside cabinets or drawers. I will start by checking shelf 5."
    },
    {
      "obs": "You arrive at loc 34. On the shelf 5, you see nothing.",
      "act": "go to shelf 9",
      "thought": "I am now in/on: shelf 5\nCritical objects I have found:\nNone\nObjects I have taken:\nNone\nOn shelf 5, there is no statue. Next, I need to check shelf 9."
    },
    {
      "obs": "You arrive at loc 7. On the shelf 9, you see a vase 3.",
      "act": "go to shelf 8",
      "thought": "I am now in/on: shelf 9\nCritical objects I have found:\nNone\nObjects I have taken:\nNone\nOn shelf 9, there is no statue. Next, I need to check shelf 8."
    },
    {
      "obs": "You arrive at loc 9. On the shelf 8, you see a plate 3, and a statue 6.",
      "act": "take statue 6 from shelf 8",
      "thought": "I am now in/on: shelf 8\nCritical objects I have found:\nstatue 6 (shelf 8)\nObjects I have taken:\nNone\nNow I find a statue (6). Next, I need to take it."
    },
    {
      "obs": "You pick up the statue 6 from the shelf 8.",
      "act": "go to coffeetable 1",
      "thought": "I am now in/on: shelf 8\nCritical objects I have found:\nstatue 6 (shelf 8)\nObjects I have taken:\nstatue 6\nNow I have taken the statue (6). Next, I need to go to and put it on coffeetable 1."
    },
    {
      "obs": "You arrive at loc 40. On the coffeetable 1, you see a keychain 1.",
      "act": "put statue 6 in/on coffeetable 1",
      "thought": "I am now in/on: coffeetable 1\nCritical objects I have found:\nstatue 6 (shelf 8)\nObjects I have taken:\nstatue 6\nNow I am at coffeetable 1. Next, I need to put the statue 6 on it."
    },
    {
      "obs": "You put the statue 6 in/on the coffeetable 1.",
      "act": "go to shelf 5"
    }
  ]
}