{
  "task": "put a pillow in sofa.",
  "traj": [
    {
      "obs": "You are in the middle of a room. Looking quickly around you, you see a armchair 1, a coffeetable 1, a drawer 1, a drawer 2, a drawer 3, a drawer 4, a dresser 1, a garbagecan 1, a sidetable 1, a sidetable 2, and a sofa 1.",
      "act": "go to sofa 1",
      "thought": "I am now in/on: the middle of a room\nCritical objects I have found:\nNone\nObjects I have taken:\nNone\nTo solve the task, I need to find and take a pillow, then put it in/on sofa 1. First, I need to find a pillow. A pillow is more likely to appear on or around furniture such as an armchair, sofa, or bed. Since I don't see a bed here, I will check the sofa and armchair first, starting with sofa 1."
    },
    {
      "obs": "You arrive at loc 17. On the sofa 1, you see a box 1, a creditcard 1, a keychain 1, and a newspaper 1.",
      "act": "go to armchair 1",
      "thought": "I am now in/on: sofa 1\nCritical objects I have found:\nNone\nObjects I have taken:\nNone\nOn sofa 1, there is no pillow. Next, I need to check armchair 1."
    },
    {
      "obs": "You arrive at loc 20. On the armchair 1, you see a creditcard 2, a pillow 1, and a remotecontrol 1.",
      "act": "take pillow 1 from armchair 1",
      "thought": "I am now in/on: armchair 1\nCritical objects I have found:\npillow 1 (armchair 1)\nObjects I have taken:\nNone\nNow I find a pillow (1) on the armchair 1. Next, I need to take it."
    },
    {
      "obs": "You pick up the pillow 1 from the armchair 1.",
      "act": "go to sofa 1",
      "thought": "I am now in/on: armchair 1\nCritical objects I have found:\npillow 1 (armchair 1)\nObjects I have taken:\npillow 1\nNow I have taken the pillow (1). Next, I need to go to and put it in/on sofa 1."
    },
    {
      "obs": "You pick up the pillow 1 from the armchair 1.",
      "act": "put pillow 1 in/on sofa 1",
      "thought": "I am now in/on: sofa 1\nCritical objects I have found:\npillow 1 (armchair 1)\nObjects I have taken:\npillow 1\nNow I am at sofa 1 with the pillow (1). Next, I need to put the pillow in/on the sofa."
    },
    {
      "obs": "You put the pillow 1 in/on the sofa 1.",
      "act": "go to armchair 1"
    }
  ]
}