{
  "task": "put some book on sofa.",
  "traj": [
    {
      "obs": "You are in the middle of a room. Looking quickly around you, you see a armchair 1, a coffeetable 1, a drawer 1, a drawer 2, a drawer 3, a drawer 4, a dresser 1, a garbagecan 1, a sidetable 1, a sidetable 2, a sidetable 3, and a sofa 1.",
      "act": "go to drawer 4",
      "thought": "I am now in/on: the middle of a room\nCritical objects I have found:\nNone\nObjects I have taken:\nNone\nTo solve the task, I need to find and take a book, then put it on the sofa. First, I need to find a book. A book is more likely to appear in drawers (1-4), dresser (1), sidetables (1-3), or maybe even on the coffeetable (1). I will check one by one, starting with drawer 4."
    },
    {
      "obs": "You arrive at loc 16. The drawer 4 is closed.",
      "act": "open drawer 4",
      "thought": "I am now in/on: drawer 4\nCritical objects I have found:\nNone\nObjects I have taken:\nNone\nTo see objects in drawer 4, I have to open it first."
    },
    {
      "obs": "You open the drawer 4. The drawer 4 is open. In it, you see nothing.",
      "act": "go to dresser 1",
      "thought": "I am now in/on: drawer 4\nCritical objects I have found:\nNone\nObjects I have taken:\nNone\nIn drawer 4, there is no book. Next, I need to check dresser 1."
    },
    {
      "obs": "You arrive at loc 17. On the dresser 1, you see a cellphone 1, a creditcard 1, a pen 1, a remotecontrol 1, a statue 1, and a television 1.",
      "act": "go to coffeetable 1",
      "thought": "I am now in/on: dresser 1\nCritical objects I have found:\nNone\nObjects I have taken:\nNone\nOn dresser 1, there is no book. Next, I need to check coffeetable 1."
    },
    {
      "obs": "You arrive at loc 25. On the coffeetable 1, you see a box 1, a cellphone 2, a pen 2, a remotecontrol 2, a remotecontrol 3, and a statue 2.",
      "act": "go to drawer 1",
      "thought": "I am now in/on: coffeetable 1\nCritical objects I have found:\nNone\nObjects I have taken:\nNone\nOn coffeetable 1, there is no book. Next, I need to check drawer 1."
    },
    {
      "obs": "You arrive at loc 13. The drawer 1 is closed.",
      "act": "open drawer 1",
      "thought": "I am now in/on: drawer 1\nCritical objects I have found:\nNone\nObjects I have taken:\nNone\nTo see objects in drawer 1, I have to open it first."
    },
    {
      "obs": "You open the drawer 1. The drawer 1 is open. In it, you see nothing.",
      "act": "go to drawer 3",
      "thought": "I am now in/on: drawer 1\nCritical objects I have found:\nNone\nObjects I have taken:\nNone\nIn drawer 1, there is no book. Next, I need to check drawer 3."
    },
    {
      "obs": "You arrive at loc 15. The drawer 3 is closed.",
      "act": "open drawer 3",
      "thought": "I am now in/on: drawer 3\nCritical objects I have found:\nNone\nObjects I have taken:\nNone\nTo see objects in drawer 3, I have to open it first."
    },
    {
      "obs": "You open the drawer 3. The drawer 3 is open. In it, you see a keychain 1.",
      "act": "go to sidetable 2",
      "thought": "I am now in/on: drawer 3\nCritical objects I have found:\nNone\nObjects I have taken:\nNone\nIn drawer 3, there is no book. Next, I need to check sidetable 2."
    },
    {
      "obs": "You arrive at loc 4. On the sidetable 2, you see a cellphone 3, a laptop 1, a pencil 1, a pencil 2, and a statue 3.",
      "act": "go to sofa 1",
      "thought": "I am now in/on: sidetable 2\nCritical objects I have found:\nNone\nObjects I have taken:\nNone\nOn sidetable 2, there is no book. Next, I need to check the sofa 1, as sometimes objects can be found on furniture where they are meant to be placed."
    },
    {
      "obs": "You arrive at loc 23. On the sofa 1, you see a pillow 1.",
      "act": "go to sidetable 3",
      "thought": "I am now in/on: sofa 1\nCritical objects I have found:\nNone\nObjects I have taken:\nNone\nOn sofa 1, there is no book. Next, I need to check sidetable 3."
    },
    {
      "obs": "You arrive at loc 6. On the sidetable 3, you see a book 1, and a pencil 3.",
      "act": "take book 1 from sidetable 3",
      "thought": "I am now in/on: sidetable 3\nCritical objects I have found:\nbook 1 (sidetable 3)\nObjects I have taken:\nNone\nNow I find a book (1). Next, I need to take it."
    },
    {
      "obs": "You pick up the book 1 from the sidetable 3.",
      "act": "go to sofa 1",
      "thought": "I am now in/on: sidetable 3\nCritical objects I have found:\nbook 1 (sidetable 3)\nObjects I have taken:\nbook 1\nNow I have taken the book (1). Next, I need to go to and put it on the sofa 1."
    },
    {
      "obs": "You pick up the book 1 from the sidetable 3.",
      "act": "put book 1 in/on sofa 1",
      "thought": "I am now in/on: sidetable 3\nCritical objects I have found:\nbook 1 (sidetable 3)\nObjects I have taken:\nbook 1\nNow I have taken the book (1). Next, I need to put it on the sofa 1. I will go to the sofa and place the book there."
    },
    {
      "obs": "You put the book 1 in/on the sofa 1.",
      "act": "go to drawer 4"
    }
  ]
}