{
  "task": "put a alarmclock in desk.",
  "traj": [
    {
      "obs": "You are in the middle of a room. Looking quickly around you, you see a bed 1, a desk 1, a drawer 1, a drawer 2, a drawer 3, a garbagecan 1, a laundryhamper 1, a shelf 1, a shelf 2, and a sidetable 1.",
      "act": "go to sidetable 1",
      "thought": "I am now in/on: the middle of a room\nCritical objects I have found:\nNone\nObjects I have taken:\nNone\nTo solve the task, I need to find and take an alarm clock, then put it in the desk. An alarm clock is more likely to be found on a sidetable, shelf, or inside a drawer. I will start by checking the sidetable 1."
    },
    {
      "obs": "You arrive at loc 20. On the sidetable 1, you see a alarmclock 1, a alarmclock 2, a alarmclock 3, a creditcard 1, a desklamp 1, a keychain 1, a pen 2, a pen 3, and a pencil 3.",
      "act": "take alarmclock 1 from sidetable 1",
      "thought": "I am now in/on: sidetable 1\nCritical objects I have found:\nalarmclock 1 (sidetable 1)\nObjects I have taken:\nNone\nI have found alarm clocks on the sidetable 1. I will take alarmclock 1."
    },
    {
      "obs": "You pick up the alarmclock 1 from the sidetable 1.",
      "act": "go to desk 1",
      "thought": "I am now in/on: sidetable 1\nCritical objects I have found:\nalarmclock 1 (sidetable 1)\nObjects I have taken:\nalarmclock 1\nI have taken alarmclock 1 from the sidetable 1. Now I need to go to the desk 1 to put the alarm clock in it."
    },
    {
      "obs": "You arrive at loc 1. On the desk 1, you see a book 2, a bowl 1, a cd 3, a pencil 1, a pencil 2, and a remotecontrol 1.",
      "act": "put alarmclock 1 in/on desk 1",
      "thought": "I am now in/on: desk 1\nCritical objects I have found:\nalarmclock 1 (sidetable 1)\nObjects I have taken:\nalarmclock 1\nI am at the desk 1 with alarmclock 1. Now I need to put the alarm clock in/on the desk."
    },
    {
      "obs": "You put the alarmclock 1 in/on the desk 1.",
      "act": "go to sidetable 1"
    }
  ]
}