{
  "task": "put a handtowel in toilet.",
  "traj": [
    {
      "obs": "You are in the middle of a room. Looking quickly around you, you see a cabinet 1, a cabinet 2, a cabinet 3, a cabinet 4, a countertop 1, a garbagecan 1, a handtowelholder 1, a sinkbasin 1, a sinkbasin 2, a toilet 1, a toiletpaperhanger 1, and a towelholder 1.",
      "act": "go to sinkbasin 2",
      "thought": "I am now in/on: the middle of a room\nCritical objects I have found:\nNone\nObjects I have taken:\nNone\nTo solve the task, I need to find and take a handtowel, then put it in the toilet. Handtowels are likely to be found near sinkbasins or on handtowelholders. I will start by checking sinkbasin 2."
    },
    {
      "obs": "You arrive at loc 4. On the sinkbasin 2, you see nothing.",
      "act": "go to garbagecan 1",
      "thought": "I am now in/on: sinkbasin 2\nCritical objects I have found:\nNone\nObjects I have taken:\nNone\nThere is no handtowel on sinkbasin 2. Next, I need to check the garbagecan 1, as sometimes handtowels might be discarded there."
    },
    {
      "obs": "You arrive at loc 8. On the garbagecan 1, you see a toiletpaper 2.",
      "act": "go to countertop 1",
      "thought": "I am now in/on: garbagecan 1\nCritical objects I have found:\nNone\nObjects I have taken:\nNone\nThere is no handtowel in the garbagecan 1. Next, I need to check the countertop 1, as handtowels might be placed there temporarily."
    },
    {
      "obs": "You arrive at loc 7. On the countertop 1, you see a handtowel 1, a soapbar 3, a soapbottle 1, and a soapbottle 2.",
      "act": "take handtowel 1 from countertop 1",
      "thought": "I am now in/on: countertop 1\nCritical objects I have found:\nhandtowel 1 (countertop 1)\nObjects I have taken:\nNone\nI have found a handtowel (1) on the countertop 1. Next, I need to take it."
    },
    {
      "obs": "You pick up the handtowel 1 from the countertop 1.",
      "act": "go to toilet 1",
      "thought": "I am now in/on: countertop 1\nCritical objects I have found:\nhandtowel 1 (countertop 1)\nObjects I have taken:\nhandtowel 1\nNow that I have the handtowel (1), I need to go to the toilet to complete the task."
    },
    {
      "obs": "You arrive at loc 6. On the toilet 1, you see a candle 1, a candle 2, a soapbar 1, and a spraybottle 1.",
      "act": "put handtowel 1 in/on toilet 1",
      "thought": "I am now in/on: toilet 1\nCritical objects I have found:\nhandtowel 1 (countertop 1)\nObjects I have taken:\nhandtowel 1\nI am at the toilet with the handtowel (1). Now I need to put the handtowel in/on the toilet to complete the task."
    },
    {
      "obs": "You put the handtowel 1 in/on the toilet 1.",
      "act": "go to sinkbasin 2"
    }
  ]
}