{
  "task": "put some newspaper on sofa.",
  "traj": [
    {
      "obs": "You are in the middle of a room. Looking quickly around you, you see a armchair 1, a coffeetable 1, a drawer 1, a garbagecan 1, a shelf 1, a shelf 2, a shelf 3, a shelf 4, a shelf 5, a sidetable 1, a sidetable 2, a sofa 1, and a tvstand 1.",
      "act": "go to armchair 1",
      "thought": "I am now in/on: the middle of a room\nCritical objects I have found:\nNone\nObjects I have taken:\nNone\nTo solve the task, I need to find and take a newspaper, then put it on the sofa. Newspapers are often found on coffee tables, side tables, or shelves. I will start by checking the armchair in case the newspaper is nearby."
    },
    {
      "obs": "You arrive at loc 8. On the armchair 1, you see nothing.",
      "act": "go to shelf 4",
      "thought": "I am now in/on: armchair 1\nCritical objects I have found:\nNone\nObjects I have taken:\nNone\nThere is nothing on the armchair 1. Next, I will check shelf 4 for a newspaper. Shelves are common places where newspapers might be placed."
    },
    {
      "obs": "You arrive at loc 5. On the shelf 4, you see a cellphone 3, a keychain 1, a statue 3, and a vase 3.",
      "act": "go to shelf 2",
      "thought": "I am now in/on: shelf 4\nCritical objects I have found:\nNone\nObjects I have taken:\nNone\nThere is no newspaper on shelf 4. Next, I will check shelf 2 for a newspaper. Shelves are common places where newspapers might be placed."
    },
    {
      "obs": "You arrive at loc 9. On the shelf 2, you see a plate 2.",
      "act": "go to shelf 1",
      "thought": "I am now in/on: shelf 2\nCritical objects I have found:\nNone\nObjects I have taken:\nNone\nThere is no newspaper on shelf 2. Next, I will check shelf 1 for a newspaper. Shelves are common places where newspapers might be placed."
    },
    {
      "obs": "You arrive at loc 7. On the shelf 1, you see a vase 2.",
      "act": "go to shelf 3",
      "thought": "I am now in/on: shelf 1\nCritical objects I have found:\nNone\nObjects I have taken:\nNone\nThere is no newspaper on shelf 1. Next, I will check shelf 3 for a newspaper. Shelves are common places where newspapers might be placed."
    },
    {
      "obs": "You arrive at loc 6. On the shelf 3, you see nothing.",
      "act": "go to coffeetable 1",
      "thought": "I am now in/on: shelf 3\nCritical objects I have found:\nNone\nObjects I have taken:\nNone\nThere is no newspaper on shelf 3. Next, I will check the coffeetable 1 for a newspaper. Coffee tables are also common places where newspapers might be placed."
    },
    {
      "obs": "You arrive at loc 3. On the coffeetable 1, you see a laptop 2, a laptop 3, and a newspaper 2.",
      "act": "take newspaper 2 from coffeetable 1",
      "thought": "I am now in/on: coffeetable 1\nCritical objects I have found:\nnewspaper 2 (coffeetable 1)\nObjects I have taken:\nNone\nI have found a newspaper (2) on the coffeetable 1. Next, I need to take it."
    },
    {
      "obs": "You pick up the newspaper 2 from the coffeetable 1.",
      "act": "go to sofa 1",
      "thought": "I am now in/on: coffeetable 1\nCritical objects I have found:\nnewspaper 2 (coffeetable 1)\nObjects I have taken:\nnewspaper 2\nNow that I have the newspaper (2), I need to go to the sofa and put it there. Next, I will move to the sofa 1 to complete the task."
    },
    {
      "obs": "You arrive at loc 14. On the sofa 1, you see a cellphone 2, a laptop 1, a pillow 1, a pillow 2, and a remotecontrol 2.",
      "act": "put newspaper 2 in/on sofa 1",
      "thought": "I am now in/on: sofa 1\nCritical objects I have found:\nnewspaper 2 (coffeetable 1)\nObjects I have taken:\nnewspaper 2\nI am at the sofa 1 with the newspaper 2 in hand. Next, I need to put the newspaper 2 on the sofa to complete the task."
    },
    {
      "obs": "You put the newspaper 2 in/on the sofa 1.",
      "act": "go to armchair 1"
    }
  ]
}