{
  "task": "put some spraybottle on garbagecan.",
  "traj": [
    {
      "obs": "You are in the middle of a room. Looking quickly around you, you see a bathtubbasin 1, a countertop 1, a drawer 1, a drawer 2, a drawer 3, a drawer 4, a dresser 1, a garbagecan 1, a handtowelholder 1, a handtowelholder 2, a shelf 1, a shelf 2, a sinkbasin 1, a toilet 1, a toiletpaperhanger 1, and a towelholder 1.",
      "act": "go to drawer 1",
      "thought": "I am now in/on: the middle of a room\nCritical objects I have found:\nNone\nObjects I have taken:\nNone\nTo solve the task, I need to find and take a spraybottle, then put it on the garbagecan. First, I need to find a spraybottle. A spraybottle is more likely to appear in drawers (1-4), countertop (1), or shelf (1-2). I will check one by one, starting with drawer 1."
    },
    {
      "obs": "You arrive at loc 13. The drawer 1 is closed.",
      "act": "open drawer 1",
      "thought": "I am now in/on: drawer 1\nCritical objects I have found:\nNone\nObjects I have taken:\nNone\nTo see objects in drawer 1, I have to open it first."
    },
    {
      "obs": "You open the drawer 1. The drawer 1 is open. In it, you see nothing.",
      "act": "go to shelf 1",
      "thought": "I am now in/on: drawer 1\nCritical objects I have found:\nNone\nObjects I have taken:\nNone\nIn drawer 1, there is no spraybottle. Next, I need to check shelf 1."
    },
    {
      "obs": "You arrive at loc 10. On the shelf 1, you see a candle 2, and a soapbar 1.",
      "act": "go to drawer 2",
      "thought": "I am now in/on: shelf 1\nCritical objects I have found:\nNone\nObjects I have taken:\nNone\nOn shelf 1, there is no spraybottle. Next, I need to check drawer 2."
    },
    {
      "obs": "You arrive at loc 9. The drawer 2 is closed.",
      "act": "open drawer 2",
      "thought": "I am now in/on: shelf 1\nCritical objects I have found:\nNone\nObjects I have taken:\nNone\nTo see objects in drawer 2, I have to open it next."
    },
    {
      "obs": "You open the drawer 2. The drawer 2 is open. In it, you see a soapbar 3, and a toiletpaper 2.",
      "act": "go to toilet 1",
      "thought": "I am now in/on: drawer 2\nCritical objects I have found:\nNone\nObjects I have taken:\nNone\nIn drawer 2, there is no spraybottle. Next, I need to check the toilet 1, although it's less likely to find a spraybottle there, it's on the way to other storage areas."
    },
    {
      "obs": "You arrive at loc 18. On the toilet 1, you see a soapbottle 1, and a spraybottle 2.",
      "act": "take spraybottle 2 from toilet 1",
      "thought": "I am now in/on: toilet 1\nCritical objects I have found:\nspraybottle 2 (toilet 1)\nObjects I have taken:\nNone\nNow I find a spraybottle (2). Next, I need to take it."
    },
    {
      "obs": "You pick up the spraybottle 2 from the toilet 1.",
      "act": "go to garbagecan 1",
      "thought": "I am now in/on: toilet 1\nCritical objects I have found:\nspraybottle 2 (toilet 1)\nObjects I have taken:\nspraybottle 2\nNow I have taken the spraybottle (2). Next, I need to go to and put it on the garbagecan 1."
    },
    {
      "obs": "You arrive at loc 7. On the garbagecan 1, you see a soapbar 2.",
      "act": "put spraybottle 2 in/on garbagecan 1",
      "thought": "I am now in/on: garbagecan 1\nCritical objects I have found:\nspraybottle 2 (toilet 1)\nObjects I have taken:\nspraybottle 2\nNow I am at the garbagecan 1. Next, I need to put the spraybottle 2 on it."
    },
    {
      "obs": "You put the spraybottle 2 in/on the garbagecan 1.",
      "act": "go to drawer 1"
    }
  ]
}