{
  "task": "put a soapbar in drawer.",
  "traj": [
    {
      "obs": "You are in the middle of a room. Looking quickly around you, you see a countertop 1, a drawer 1, a drawer 2, a drawer 3, a drawer 4, a drawer 5, a drawer 6, a garbagecan 1, a handtowelholder 1, a handtowelholder 2, a sinkbasin 1, a toilet 1, a toiletpaperhanger 1, a towelholder 1, and a towelholder 2.",
      "act": "go to drawer 4",
      "thought": "I am now in/on: the middle of a room\nCritical objects I have found:\nNone\nObjects I have taken:\nNone\nTo solve the task, I need to find and take a soapbar, then put it in a drawer. First, I need to find a soapbar. A soapbar is more likely to appear in drawers (1-6), countertop (1), sinkbasin (1), or garbagecan (1). I can check one by one, starting with drawer 4."
    },
    {
      "obs": "You arrive at loc 6. The drawer 4 is closed.",
      "act": "open drawer 4",
      "thought": "I am now in/on: drawer 4\nCritical objects I have found:\nNone\nObjects I have taken:\nNone\nTo see objects in drawer 4, I have to open it first."
    },
    {
      "obs": "You open the drawer 4. The drawer 4 is open. In it, you see nothing.",
      "act": "go to drawer 2",
      "thought": "I am now in/on: drawer 4\nCritical objects I have found:\nNone\nObjects I have taken:\nNone\nDrawer 4 is empty. Next, I need to check drawer 2 for a soapbar."
    },
    {
      "obs": "You arrive at loc 13. The drawer 2 is closed.",
      "act": "open drawer 2",
      "thought": "I am now in/on: drawer 2\nCritical objects I have found:\nNone\nObjects I have taken:\nNone\nTo see objects in drawer 2, I have to open it first."
    },
    {
      "obs": "You open the drawer 2. The drawer 2 is open. In it, you see a candle 1.",
      "act": "go to garbagecan 1",
      "thought": "I am now in/on: drawer 2\nCritical objects I have found:\nNone\nObjects I have taken:\nNone\nDrawer 2 contains a candle but no soapbar. Next, I need to check the garbagecan 1 for a soapbar."
    },
    {
      "obs": "You arrive at loc 11. On the garbagecan 1, you see a soapbottle 2.",
      "act": "go to drawer 3",
      "thought": "I am now in/on: garbagecan 1\nCritical objects I have found:\nNone\nObjects I have taken:\nNone\nThe garbagecan contains a soapbottle but no soapbar. Next, I need to check drawer 3 for a soapbar."
    },
    {
      "obs": "You arrive at loc 7. The drawer 3 is closed.",
      "act": "open drawer 3",
      "thought": "I am now in/on: drawer 3\nCritical objects I have found:\nNone\nObjects I have taken:\nNone\nTo see objects in drawer 3, I have to open it first."
    },
    {
      "obs": "You open the drawer 3. The drawer 3 is open. In it, you see nothing.",
      "act": "go to drawer 5",
      "thought": "I am now in/on: drawer 3\nCritical objects I have found:\nNone\nObjects I have taken:\nNone\nDrawer 3 is empty. Next, I need to check drawer 5 for a soapbar."
    },
    {
      "obs": "You arrive at loc 4. The drawer 5 is closed.",
      "act": "open drawer 5",
      "thought": "I am now in/on: drawer 3\nCritical objects I have found:\nNone\nObjects I have taken:\nNone\nDrawer 3 is empty. Now I will open drawer 5 to look for a soapbar."
    },
    {
      "obs": "You open the drawer 5. The drawer 5 is open. In it, you see nothing.",
      "act": "go to countertop 1",
      "thought": "I am now in/on: drawer 5\nCritical objects I have found:\nNone\nObjects I have taken:\nNone\nDrawer 5 is empty. Next, I need to check countertop 1 for a soapbar."
    },
    {
      "obs": "You arrive at loc 17. On the countertop 1, you see a sink 1, a soapbar 1, a soapbottle 1, a spraybottle 2, and a spraybottle 3.",
      "act": "take soapbar 1 from countertop 1",
      "thought": "I am now in/on: countertop 1\nCritical objects I have found:\nsoapbar 1 (countertop 1)\nObjects I have taken:\nNone\nI have found a soapbar (1) on the countertop 1. Next, I need to take it."
    },
    {
      "obs": "You pick up the soapbar 1 from the countertop 1.",
      "act": "go to drawer 4",
      "thought": "I am now in/on: countertop 1\nCritical objects I have found:\nsoapbar 1 (countertop 1)\nObjects I have taken:\nsoapbar 1\nNow that I have the soapbar (1), I need to put it in a drawer. I will go to drawer 4, which I previously opened and found to be empty."
    },
    {
      "obs": "You arrive at loc 6. The drawer 4 is closed.",
      "act": "open drawer 4",
      "thought": "I am now in/on: countertop 1\nCritical objects I have found:\nsoapbar 1 (countertop 1)\nObjects I have taken:\nsoapbar 1\nI have the soapbar and need to put it in a drawer. I am heading to drawer 4, but it appears to be closed again. I need to open it before I can put the soapbar inside."
    },
    {
      "obs": "You open the drawer 4. The drawer 4 is open. In it, you see nothing.",
      "act": "put soapbar 1 in/on drawer 4",
      "thought": "I am now in/on: drawer 4\nCritical objects I have found:\nsoapbar 1 (countertop 1)\nObjects I have taken:\nsoapbar 1\nNow that drawer 4 is open and confirmed to be empty, I can put the soapbar (1) in it."
    },
    {
      "obs": "You put the soapbar 1 in/on the drawer 4.",
      "act": "close drawer 4"
    }
  ]
}