{
  "task": "put a soapbottle in countertop.",
  "traj": [
    {
      "obs": "You are in the middle of a room. Looking quickly around you, you see a cabinet 1, a cabinet 2, a cabinet 3, a cabinet 4, a countertop 1, a garbagecan 1, a handtowelholder 1, a sinkbasin 1, a sinkbasin 2, a toilet 1, a toiletpaperhanger 1, and a towelholder 1.",
      "act": "go to garbagecan 1",
      "thought": "I am now in/on: the middle of a room\nCritical objects I have found:\nNone\nObjects I have taken:\nNone\nTo solve the task, I need to find and take a soapbottle, then put it on the countertop. First, I need to find a soapbottle. A soapbottle is more likely to appear in cabinets (1-4), countertop (1), or sinkbasins (1-2). I can check one by one, starting with garbagecan 1, although it's less likely to find a clean soapbottle there."
    },
    {
      "obs": "You arrive at loc 8. On the garbagecan 1, you see a toiletpaper 2.",
      "act": "go to countertop 1",
      "thought": "I am now in/on: garbagecan 1\nCritical objects I have found:\nNone\nObjects I have taken:\nNone\nIn garbagecan 1, there is no soapbottle. Next, I need to check countertop 1."
    },
    {
      "obs": "You arrive at loc 7. On the countertop 1, you see a handtowel 1, a soapbar 1, a spraybottle 1, and a toiletpaper 1.",
      "act": "go to cabinet 2",
      "thought": "I am now in/on: countertop 1\nCritical objects I have found:\nNone\nObjects I have taken:\nNone\nOn countertop 1, there is no soapbottle. Next, I need to check cabinet 2."
    },
    {
      "obs": "You arrive at loc 12. The cabinet 2 is closed.",
      "act": "open cabinet 2",
      "thought": "I am now in/on: cabinet 2\nCritical objects I have found:\nNone\nObjects I have taken:\nNone\nTo see objects in cabinet 2, I have to open it first."
    },
    {
      "obs": "You open the cabinet 2. The cabinet 2 is open. In it, you see a cloth 1.",
      "act": "go to cabinet 3",
      "thought": "I am now in/on: cabinet 2\nCritical objects I have found:\nNone\nObjects I have taken:\nNone\nIn cabinet 2, there is no soapbottle. Next, I need to check cabinet 3."
    },
    {
      "obs": "You arrive at loc 14. The cabinet 3 is closed.",
      "act": "open cabinet 3",
      "thought": "I am now in/on: cabinet 2\nCritical objects I have found:\nNone\nObjects I have taken:\nNone\nTo see objects in cabinet 3, I have to open it first."
    },
    {
      "obs": "You open the cabinet 3. The cabinet 3 is open. In it, you see nothing.",
      "act": "go to cabinet 4",
      "thought": "I am now in/on: cabinet 3\nCritical objects I have found:\nNone\nObjects I have taken:\nNone\nIn cabinet 3, there is no soapbottle. Next, I need to check cabinet 4."
    },
    {
      "obs": "You arrive at loc 10. The cabinet 4 is closed.",
      "act": "open cabinet 4",
      "thought": "I am now in/on: cabinet 3\nCritical objects I have found:\nNone\nObjects I have taken:\nNone\nTo see objects in cabinet 4, I have to open it first."
    },
    {
      "obs": "You open the cabinet 4. The cabinet 4 is open. In it, you see a spraybottle 3.",
      "act": "go to toilet 1",
      "thought": "I am now in/on: cabinet 4\nCritical objects I have found:\nNone\nObjects I have taken:\nNone\nIn cabinet 4, there is no soapbottle. Next, I need to check the toilet 1, although it's unlikely to find a soapbottle there."
    },
    {
      "obs": "You arrive at loc 6. On the toilet 1, you see a candle 1, a soapbottle 1, and a soapbottle 2.",
      "act": "take soapbottle 1 from toilet 1",
      "thought": "I am now in/on: toilet 1\nCritical objects I have found:\nsoapbottle 1 (toilet 1)\nObjects I have taken:\nNone\nNow I find a soapbottle (1). Next, I need to take it."
    },
    {
      "obs": "You pick up the soapbottle 1 from the toilet 1.",
      "act": "go to countertop 1",
      "thought": "I am now in/on: toilet 1\nCritical objects I have found:\nsoapbottle 1 (toilet 1)\nObjects I have taken:\nsoapbottle 1\nNow I have taken a soapbottle (1). Next, I need to go to and put it on the countertop 1."
    },
    {
      "obs": "You arrive at loc 7. On the countertop 1, you see a handtowel 1, a soapbar 1, a spraybottle 1, and a toiletpaper 1.",
      "act": "put soapbottle 1 in/on countertop 1",
      "thought": "I am now in/on: countertop 1\nCritical objects I have found:\nsoapbottle 1 (toilet 1)\nObjects I have taken:\nsoapbottle 1\nNow I am at the countertop 1. Next, I need to put the soapbottle 1 on it."
    },
    {
      "obs": "You put the soapbottle 1 in/on the countertop 1.",
      "act": "go to garbagecan 1"
    }
  ]
}