{
  "task": "put some dishsponge on cabinet.",
  "traj": [
    {
      "obs": "You are in the middle of a room. Looking quickly around you, you see a cabinet 1, a cabinet 10, a cabinet 11, a cabinet 12, a cabinet 13, a cabinet 14, a cabinet 15, a cabinet 16, a cabinet 17, a cabinet 18, a cabinet 19, a cabinet 2, a cabinet 20, a cabinet 3, a cabinet 4, a cabinet 5, a cabinet 6, a cabinet 7, a cabinet 8, a cabinet 9, a coffeemachine 1, a countertop 1, a countertop 2, a countertop 3, a drawer 1, a drawer 2, a drawer 3, a fridge 1, a garbagecan 1, a microwave 1, a shelf 1, a shelf 2, a shelf 3, a sinkbasin 1, a stoveburner 1, a stoveburner 2, a stoveburner 3, a stoveburner 4, and a toaster 1.",
      "act": "go to shelf 1",
      "thought": "I am now in/on: the middle of a room\nCritical objects I have found:\nNone\nObjects I have taken:\nNone\nTo solve the task, I need to find and take a dishsponge, then put it on a cabinet. First, I need to find a dishsponge. A dishsponge is more likely to appear on countertops (1-3), sinkbasin (1), or shelves (1-3). I can check one by one, starting with shelf 1."
    },
    {
      "obs": "You arrive at loc 18. On the shelf 1, you see a saltshaker 1, and a soapbottle 1.",
      "act": "go to countertop 1",
      "thought": "I am now in/on: shelf 1\nCritical objects I have found:\nNone\nObjects I have taken:\nNone\nOn shelf 1, there is no dishsponge. Next, I need to check countertop 1."
    },
    {
      "obs": "You arrive at loc 20. On the countertop 1, you see a dishsponge 2, a egg 2, a mug 2, a plate 1, a pot 1, a vase 1, a vase 2, and a vase 3.",
      "act": "take dishsponge 2 from countertop 1",
      "thought": "I am now in/on: countertop 1\nCritical objects I have found:\ndishsponge 2 (countertop 1)\nObjects I have taken:\nNone\nNow I find a dishsponge (2). Next, I need to take it."
    },
    {
      "obs": "You pick up the dishsponge 2 from the countertop 1.",
      "act": "go to cabinet 8",
      "thought": "I am now in/on: countertop 1\nCritical objects I have found:\ndishsponge 2 (countertop 1)\nObjects I have taken:\ndishsponge 2\nNow I have taken the dishsponge (2). Next, I need to go to a cabinet and put it on there. I will start with cabinet 8."
    },
    {
      "obs": "You arrive at loc 32. The cabinet 8 is closed.",
      "act": "open cabinet 8",
      "thought": "I am now in/on: cabinet 8\nCritical objects I have found:\ndishsponge 2 (countertop 1)\nObjects I have taken:\ndishsponge 2\nTo put the dishsponge on cabinet 8, I need to open it first if I want to put it inside. However, the task specifies to put it on a cabinet, which suggests placing it on top of the cabinet rather than inside. Therefore, I don't need to open the cabinet. I will proceed to put the dishsponge on top of cabinet 8."
    },
    {
      "obs": "You open the cabinet 8. The cabinet 8 is open. In it, you see nothing.",
      "act": "put dishsponge 2 in/on cabinet 8",
      "thought": "I am now in/on: cabinet 8\nCritical objects I have found:\ndishsponge 2 (countertop 1)\nObjects I have taken:\ndishsponge 2\n\nI have opened cabinet 8, but since the task is to put the dishsponge on the cabinet, I will place it on top of the cabinet."
    },
    {
      "obs": "You put the dishsponge 2 in/on the cabinet 8.",
      "act": "close cabinet 8"
    }
  ]
}