{
  "task": "put some candle on toilet.",
  "traj": [
    {
      "obs": "You are in the middle of a room. Looking quickly around you, you see a bathtubbasin 1, a countertop 1, a drawer 1, a drawer 2, a drawer 3, a drawer 4, a drawer 5, a drawer 6, a garbagecan 1, a handtowelholder 1, a handtowelholder 2, a sinkbasin 1, a sinkbasin 2, a toilet 1, a toiletpaperhanger 1, a towelholder 1, and a towelholder 2.",
      "act": "go to drawer 1",
      "thought": "I am now in/on: the middle of a room\nCritical objects I have found:\nNone\nObjects I have taken:\nNone\nTo solve the task, I need to find and take a candle, then put it on the toilet. First, I need to find a candle. A candle is more likely to appear in drawers (1-6), countertop (1), or sinkbasin (1-2). I can check one by one, starting with drawer 1."
    },
    {
      "obs": "You arrive at loc 19. The drawer 1 is closed.",
      "act": "open drawer 1",
      "thought": "I am now in/on: drawer 1\nCritical objects I have found:\nNone\nObjects I have taken:\nNone\nTo see objects in drawer 1, I have to open it first."
    },
    {
      "obs": "You open the drawer 1. The drawer 1 is open. In it, you see a candle 2.",
      "act": "take candle 2 from drawer 1",
      "thought": "I am now in/on: drawer 1\nCritical objects I have found:\ncandle 2 (drawer 1)\nObjects I have taken:\nNone\nNow I find a candle (2). Next, I need to take it."
    },
    {
      "obs": "You pick up the candle 2 from the drawer 1.",
      "act": "go to toilet 1",
      "thought": "I am now in/on: drawer 1\nCritical objects I have found:\ncandle 2 (drawer 1)\nObjects I have taken:\ncandle 2\nNow I have taken a candle (2). Next, I need to go to and put it on the toilet 1."
    },
    {
      "obs": "You arrive at loc 7. On the toilet 1, you see a spraybottle 1.",
      "act": "put candle 2 in/on toilet 1",
      "thought": "I am now in/on: toilet 1\nCritical objects I have found:\ncandle 2 (drawer 1)\nObjects I have taken:\ncandle 2\nNow I am at the toilet 1. Next, I need to put the candle 2 on it."
    },
    {
      "obs": "You put the candle 2 in/on the toilet 1.",
      "act": "go to drawer 1"
    }
  ]
}