{
  "task": "put some spraybottle on garbagecan.",
  "traj": [
    {
      "obs": "You are in the middle of a room. Looking quickly around you, you see a countertop 1, a drawer 1, a drawer 2, a drawer 3, a drawer 4, a drawer 5, a drawer 6, a garbagecan 1, a handtowelholder 1, a handtowelholder 2, a sinkbasin 1, a toilet 1, a toiletpaperhanger 1, a towelholder 1, and a towelholder 2.",
      "act": "go to drawer 4",
      "thought": "I am now in/on: the middle of a room\nCritical objects I have found:\nNone\nObjects I have taken:\nNone\nTo solve the task, I need to find and take a spraybottle, then put it on the garbagecan. First, I need to find a spraybottle. A spraybottle is more likely to appear in drawers (1-6), countertop (1), or possibly near the sinkbasin (1). I can check one by one, starting with drawer 4."
    },
    {
      "obs": "You arrive at loc 6. The drawer 4 is closed.",
      "act": "open drawer 4",
      "thought": "I am now in/on: drawer 4\nCritical objects I have found:\nNone\nObjects I have taken:\nNone\nTo see objects in drawer 4, I have to open it first."
    },
    {
      "obs": "You open the drawer 4. The drawer 4 is open. In it, you see a cloth 1.",
      "act": "go to drawer 5",
      "thought": "I am now in/on: drawer 4\nCritical objects I have found:\nNone\nObjects I have taken:\nNone\nIn drawer 4, there is no spraybottle. Next, I need to check drawer 5."
    },
    {
      "obs": "You arrive at loc 5. The drawer 5 is closed.",
      "act": "open drawer 5",
      "thought": "I am now in/on: drawer 5\nCritical objects I have found:\nNone\nObjects I have taken:\nNone\nTo see objects in drawer 5, I have to open it first."
    },
    {
      "obs": "You open the drawer 5. The drawer 5 is open. In it, you see nothing.",
      "act": "go to garbagecan 1",
      "thought": "I am now in/on: drawer 5\nCritical objects I have found:\nNone\nObjects I have taken:\nNone\nIn drawer 5, there is no spraybottle. I will now check the garbagecan 1 to see if there is a spraybottle there before continuing to search the other drawers."
    },
    {
      "obs": "You arrive at loc 11. On the garbagecan 1, you see nothing.",
      "act": "go to drawer 3",
      "thought": "I am now in/on: garbagecan 1\nCritical objects I have found:\nNone\nObjects I have taken:\nNone\nIn garbagecan 1, there is no spraybottle. Next, I need to check drawer 3."
    },
    {
      "obs": "You arrive at loc 7. The drawer 3 is closed.",
      "act": "open drawer 3",
      "thought": "I am now in/on: drawer 3\nCritical objects I have found:\nNone\nObjects I have taken:\nNone\nTo see objects in drawer 3, I have to open it first."
    },
    {
      "obs": "You open the drawer 3. The drawer 3 is open. In it, you see a cloth 3.",
      "act": "go to countertop 1",
      "thought": "I am now in/on: drawer 3\nCritical objects I have found:\nNone\nObjects I have taken:\nNone\nIn drawer 3, there is no spraybottle. Next, I need to check countertop 1."
    },
    {
      "obs": "You arrive at loc 17. On the countertop 1, you see a cloth 2, a sink 1, a spraybottle 1, a spraybottle 2, and a spraybottle 3.",
      "act": "take spraybottle 3 from countertop 1",
      "thought": "I am now in/on: countertop 1\nCritical objects I have found:\nspraybottle 3 (countertop 1)\nObjects I have taken:\nNone\nNow I find a spraybottle (3). Next, I need to take it."
    },
    {
      "obs": "You pick up the spraybottle 3 from the countertop 1.",
      "act": "go to garbagecan 1",
      "thought": "I am now in/on: countertop 1\nCritical objects I have found:\nspraybottle 3 (countertop 1)\nObjects I have taken:\nspraybottle 3\nNow I have taken a spraybottle (3). Next, I need to go to and put it on garbagecan 1."
    },
    {
      "obs": "You arrive at loc 11. On the garbagecan 1, you see nothing.",
      "act": "put spraybottle 3 in/on garbagecan 1",
      "thought": "I am now in/on: garbagecan 1\nCritical objects I have found:\nspraybottle 3 (countertop 1)\nObjects I have taken:\nspraybottle 3\nNow I am at the garbagecan 1. Next, I need to put spraybottle 3 in/on it."
    },
    {
      "obs": "You put the spraybottle 3 in/on the garbagecan 1.",
      "act": "go to drawer 4"
    }
  ]
}