{
  "task": "put some creditcard on sofa.",
  "traj": [
    {
      "obs": "You are in the middle of a room. Looking quickly around you, you see a armchair 1, a coffeetable 1, a diningtable 1, a diningtable 2, a drawer 1, a drawer 2, a drawer 3, a drawer 4, a drawer 5, a drawer 6, a dresser 1, a garbagecan 1, a sidetable 1, a sofa 1, a sofa 2, and a tvstand 1.",
      "act": "go to drawer 5",
      "thought": "I am now in/on: the middle of a room\nCritical objects I have found:\nNone\nObjects I have taken:\nNone\nTo solve the task, I need to find and take a credit card, then put it on a sofa. First, I need to find a credit card. A credit card is more likely to be found in drawers (1-6), dresser (1), or sidetable (1). I will check one by one, starting with drawer 5."
    },
    {
      "obs": "You arrive at loc 4. The drawer 5 is closed.",
      "act": "open drawer 5",
      "thought": "I am now in/on: drawer 5\nCritical objects I have found:\nNone\nObjects I have taken:\nNone\nTo see objects in drawer 5, I have to open it first."
    },
    {
      "obs": "You open the drawer 5. The drawer 5 is open. In it, you see nothing.",
      "act": "go to drawer 6",
      "thought": "I am now in/on: drawer 5\nCritical objects I have found:\nNone\nObjects I have taken:\nNone\nDrawer 5 is empty. Next, I need to check drawer 6 for the credit card."
    },
    {
      "obs": "You arrive at loc 2. The drawer 6 is closed.",
      "act": "open drawer 6",
      "thought": "I am now in/on: drawer 6\nCritical objects I have found:\nNone\nObjects I have taken:\nNone\nTo see objects in drawer 6, I have to open it first."
    },
    {
      "obs": "You open the drawer 6. The drawer 6 is open. In it, you see nothing.",
      "act": "go to sofa 2",
      "thought": "I am now in/on: drawer 6\nCritical objects I have found:\nNone\nObjects I have taken:\nNone\nDrawer 6 is empty. I have not found a credit card yet. I will continue searching. Next, I need to check sofa 2, as sometimes items can be found on or around sofas."
    },
    {
      "obs": "You arrive at loc 24. On the sofa 2, you see a pillow 1, and a remotecontrol 2.",
      "act": "go to dresser 1",
      "thought": "I am now in/on: sofa 2\nCritical objects I have found:\nNone\nObjects I have taken:\nNone\nOn sofa 2, there is no credit card. Next, I need to check dresser 1 for the credit card."
    },
    {
      "obs": "You arrive at loc 15. On the dresser 1, you see a laptop 1, a laptop 2, and a statue 1.",
      "act": "go to sidetable 1",
      "thought": "I am now in/on: dresser 1\nCritical objects I have found:\nNone\nObjects I have taken:\nNone\nOn dresser 1, there is no credit card. Next, I need to check sidetable 1 for the credit card."
    },
    {
      "obs": "You arrive at loc 8. On the sidetable 1, you see a creditcard 3, a houseplant 1, and a tissuebox 2.",
      "act": "take creditcard 3 from sidetable 1",
      "thought": "I am now in/on: sidetable 1\nCritical objects I have found:\ncreditcard 3 (sidetable 1)\nObjects I have taken:\nNone\nI have found a credit card (3) on the sidetable 1. Next, I need to take it."
    },
    {
      "obs": "You pick up the creditcard 3 from the sidetable 1.",
      "act": "go to sofa 2",
      "thought": "I am now in/on: sidetable 1\nCritical objects I have found:\ncreditcard 3 (sidetable 1)\nObjects I have taken:\ncreditcard 3\nNow that I have the credit card (3), I need to put it on a sofa. I will go to sofa 2 to complete the task."
    },
    {
      "obs": "You pick up the creditcard 3 from the sidetable 1.",
      "act": "put creditcard 3 in/on sofa 2",
      "thought": "I am now in/on: sidetable 1\nCritical objects I have found:\ncreditcard 3 (sidetable 1)\nObjects I have taken:\ncreditcard 3\nI have the credit card (3) and I am heading to sofa 2 to put it there."
    },
    {
      "obs": "You put the creditcard 3 in/on the sofa 2.",
      "act": "go to drawer 5"
    }
  ]
}