{
  "task": "put some pen on drawer.",
  "traj": [
    {
      "obs": "You are in the middle of a room. Looking quickly around you, you see a bed 1, a desk 1, a drawer 1, a drawer 2, a drawer 3, a drawer 4, a drawer 5, a dresser 1, a garbagecan 1, a laundryhamper 1, and a shelf 1.",
      "act": "go to dresser 1",
      "thought": "I am now in/on: the middle of a room\nCritical objects I have found:\nNone\nObjects I have taken:\nNone\nTo solve the task, I need to find and take a pen, then put it on a drawer. First, I need to find a pen. A pen is more likely to appear in a dresser, desk, or drawers. I will start by checking the dresser 1."
    },
    {
      "obs": "You arrive at loc 19. On the dresser 1, you see a bowl 1, a cellphone 2, a desklamp 1, a keychain 1, a pen 3, a pen 4, and a pencil 2.",
      "act": "take pen 3 from dresser 1",
      "thought": "I am now in/on: dresser 1\nCritical objects I have found:\npen 3 (dresser 1)\nObjects I have taken:\nNone\nI have found a pen (3) on the dresser 1. Next, I need to take it."
    },
    {
      "obs": "You pick up the pen 3 from the dresser 1.",
      "act": "go to drawer 5",
      "thought": "I am now in/on: dresser 1\nCritical objects I have found:\npen 3 (dresser 1)\nObjects I have taken:\npen 3\nNow that I have the pen (3), I need to put it on a drawer. I will go to drawer 5 to complete the task."
    },
    {
      "obs": "You arrive at loc 18. On the drawer 5, you see nothing.",
      "act": "put pen 3 in/on drawer 5",
      "thought": "I am now in/on: drawer 5\nCritical objects I have found:\npen 3 (dresser 1)\nObjects I have taken:\npen 3\nNow I am at drawer 5 and it is empty. Next, I need to put the pen 3 in/on it."
    },
    {
      "obs": "You put the pen 3 in/on the drawer 5.",
      "act": "go to dresser 1"
    }
  ]
}