{
  "task": "put a winebottle in diningtable.",
  "traj": [
    {
      "obs": "You are in the middle of a room. Looking quickly around you, you see a cabinet 1, a cabinet 10, a cabinet 11, a cabinet 2, a cabinet 3, a cabinet 4, a cabinet 5, a cabinet 6, a cabinet 7, a cabinet 8, a cabinet 9, a coffeemachine 1, a countertop 1, a countertop 2, a diningtable 1, a drawer 1, a drawer 2, a drawer 3, a fridge 1, a garbagecan 1, a microwave 1, a sinkbasin 1, a stoveburner 1, a stoveburner 2, a stoveburner 3, a stoveburner 4, and a toaster 1.",
      "act": "go to cabinet 9",
      "thought": "I am now in/on: the middle of a room\nCritical objects I have found:\nNone\nObjects I have taken:\nNone\nTo solve the task, I need to find and take a winebottle, then put it on the diningtable. A winebottle is more likely to appear in cabinets (1-11), countertop (1-2), or perhaps even on the diningtable itself. I will start by checking cabinet 9, as it's common to store wine bottles in higher-numbered cabinets which might be designated for such items."
    },
    {
      "obs": "You arrive at loc 11. The cabinet 9 is closed.",
      "act": "open cabinet 9",
      "thought": "I am now in/on: cabinet 9\nCritical objects I have found:\nNone\nObjects I have taken:\nNone\nTo see objects in cabinet 9, I have to open it first."
    },
    {
      "obs": "You open the cabinet 9. The cabinet 9 is open. In it, you see nothing.",
      "act": "go to countertop 1",
      "thought": "I am now in/on: cabinet 9\nCritical objects I have found:\nNone\nObjects I have taken:\nNone\nCabinet 9 is empty, so there is no winebottle here. Next, I will check countertop 1, as it's another common place where winebottles might be placed temporarily or for use."
    },
    {
      "obs": "You arrive at loc 23. On the countertop 1, you see a bread 1, a butterknife 1, a pan 1, a potato 1, and a spoon 1.",
      "act": "go to cabinet 10",
      "thought": "I am now in/on: countertop 1\nCritical objects I have found:\nNone\nObjects I have taken:\nNone\nOn countertop 1, there is no winebottle. Next, I need to check cabinet 10, continuing the search for the winebottle in the likely locations."
    },
    {
      "obs": "You arrive at loc 5. On the cabinet 10, you see nothing.",
      "act": "go to cabinet 1",
      "thought": "I am now in/on: cabinet 10\nCritical objects I have found:\nNone\nObjects I have taken:\nNone\nCabinet 10 is empty, so there is no winebottle here. Next, I will check cabinet 1, as it's possible that winebottles could be stored there as well."
    },
    {
      "obs": "You arrive at loc 24. On the cabinet 1, you see nothing.",
      "act": "go to cabinet 6",
      "thought": "I am now in/on: cabinet 1\nCritical objects I have found:\nNone\nObjects I have taken:\nNone\nCabinet 1 is empty, so there is no winebottle here. Next, I will check cabinet 6, as I continue the search for the winebottle in the remaining cabinets."
    },
    {
      "obs": "You arrive at loc 27. On the cabinet 6, you see a winebottle 2.",
      "act": "take winebottle 2 from cabinet 6",
      "thought": "I am now in/on: cabinet 6\nCritical objects I have found:\nwinebottle 2 (cabinet 6)\nObjects I have taken:\nNone\nNow I have found a winebottle (2) in cabinet 6. Next, I need to take it."
    },
    {
      "obs": "You pick up the winebottle 2 from the cabinet 6.",
      "act": "go to diningtable 1",
      "thought": "I am now in/on: cabinet 6\nCritical objects I have found:\nwinebottle 2 (cabinet 6)\nObjects I have taken:\nwinebottle 2\nNow I have taken the winebottle (2). Next, I need to go to the diningtable 1 to complete the task of putting the winebottle on it."
    },
    {
      "obs": "You arrive at loc 16. On the diningtable 1, you see a apple 1, a bread 2, a butterknife 2, a knife 1, a lettuce 1, a lettuce 2, a plate 1, a potato 2, a soapbottle 3, and a spatula 1.",
      "act": "put winebottle 2 in/on diningtable 1",
      "thought": "I am now in/on: cabinet 6\nCritical objects I have found:\nwinebottle 2 (cabinet 6)\nObjects I have taken:\nwinebottle 2\nNow I am at the diningtable 1 with the winebottle 2. The next step is to put the winebottle on the diningtable to complete the task."
    },
    {
      "obs": "You put the winebottle 2 in/on the diningtable 1.",
      "act": "go to cabinet 9"
    }
  ]
}