{
  "task": "put a cellphone in sidetable.",
  "traj": [
    {
      "obs": "You are in the middle of a room. Looking quickly around you, you see a bed 1, a bed 2, a diningtable 1, a drawer 1, a drawer 2, a garbagecan 1, a shelf 1, a shelf 10, a shelf 11, a shelf 12, a shelf 13, a shelf 14, a shelf 2, a shelf 3, a shelf 4, a shelf 5, a shelf 6, a shelf 7, a shelf 8, a shelf 9, and a sidetable 1.",
      "act": "go to shelf 5",
      "thought": "I am now in/on: the middle of a room\nCritical objects I have found:\nNone\nObjects I have taken:\nNone\nTo solve the task, I need to find and take a cellphone, then put it in the sidetable. First, I need to find a cellphone. A cellphone is more likely to appear on shelves, sidetables, or drawers. I can check one by one, starting with shelf 5."
    },
    {
      "obs": "You arrive at loc 28. On the shelf 5, you see a bowl 2.",
      "act": "go to shelf 1",
      "thought": "I am now in/on: shelf 5\nCritical objects I have found:\nNone\nObjects I have taken:\nNone\nOn shelf 5, there is no cellphone. Next, I need to check shelf 1."
    },
    {
      "obs": "You arrive at loc 16. On the shelf 1, you see nothing.",
      "act": "go to shelf 6",
      "thought": "I am now in/on: shelf 1\nCritical objects I have found:\nNone\nObjects I have taken:\nNone\nOn shelf 1, there is no cellphone. Next, I need to check shelf 6."
    },
    {
      "obs": "You arrive at loc 30. On the shelf 6, you see a pen 2.",
      "act": "go to shelf 14",
      "thought": "I am now in/on: shelf 6\nCritical objects I have found:\nNone\nObjects I have taken:\nNone\nOn shelf 6, there is no cellphone. Next, I need to check shelf 14."
    },
    {
      "obs": "You arrive at loc 10. On the shelf 14, you see a cellphone 2.",
      "act": "take cellphone 2 from shelf 14",
      "thought": "I am now in/on: shelf 14\nCritical objects I have found:\ncellphone 2 (shelf 14)\nObjects I have taken:\nNone\nNow I find a cellphone (2). Next, I need to take it."
    },
    {
      "obs": "You pick up the cellphone 2 from the shelf 14.",
      "act": "go to sidetable 1",
      "thought": "I am now in/on: shelf 14\nCritical objects I have found:\ncellphone 2 (shelf 14)\nObjects I have taken:\ncellphone 2\nNow I have taken the cellphone (2). Next, I need to go to the sidetable and put it in there."
    },
    {
      "obs": "You arrive at loc 13. On the sidetable 1, you see a alarmclock 2, a cd 2, a pen 3, and a pencil 1.",
      "act": "put cellphone 2 in/on sidetable 1",
      "thought": "I am now in/on: sidetable 1\nCritical objects I have found:\ncellphone 2 (shelf 14)\nObjects I have taken:\ncellphone 2\nNow I am at the sidetable 1. Next, I need to put the cellphone 2 in/on it."
    },
    {
      "obs": "You put the cellphone 2 in/on the sidetable 1.",
      "act": "go to shelf 5"
    }
  ]
}