{
  "task": "put some cellphone on safe.",
  "traj": [
    {
      "obs": "You are in the middle of a room. Looking quickly around you, you see a bed 1, a desk 1, a drawer 1, a drawer 2, a drawer 3, a garbagecan 1, a safe 1, a shelf 1, a shelf 2, a shelf 3, a shelf 4, a shelf 5, a sidetable 1, and a sidetable 2.",
      "act": "go to drawer 3",
      "thought": "I am now in/on: the middle of a room\nCritical objects I have found:\nNone\nObjects I have taken:\nNone\nTo solve the task, I need to find and take a cellphone, then put it on the safe. First, I need to find a cellphone. A cellphone is more likely to appear in drawers (1-3), sidetables (1-2), or shelves (1-5). I can check one by one, starting with drawer 3."
    },
    {
      "obs": "You arrive at loc 10. The drawer 3 is closed.",
      "act": "open drawer 3",
      "thought": "I am now in/on: drawer 3\nCritical objects I have found:\nNone\nObjects I have taken:\nNone\nTo see objects in drawer 3, I have to open it first."
    },
    {
      "obs": "You open the drawer 3. The drawer 3 is open. In it, you see a keychain 1.",
      "act": "go to shelf 3",
      "thought": "I am now in/on: drawer 3\nCritical objects I have found:\nNone\nObjects I have taken:\nNone\nIn drawer 3, there is no cellphone. Next, I need to check shelf 3."
    },
    {
      "obs": "You arrive at loc 18. On the shelf 3, you see a bowl 2, and a keychain 3.",
      "act": "go to sidetable 1",
      "thought": "I am now in/on: shelf 3\nCritical objects I have found:\nNone\nObjects I have taken:\nNone\nOn shelf 3, there is no cellphone. Next, I need to check sidetable 1."
    },
    {
      "obs": "You arrive at loc 9. On the sidetable 1, you see a cellphone 1, a pen 1, and a pencil 1.",
      "act": "take cellphone 1 from sidetable 1",
      "thought": "I am now in/on: sidetable 1\nCritical objects I have found:\ncellphone 1 (sidetable 1)\nObjects I have taken:\nNone\nNow I find a cellphone (1). Next, I need to take it."
    },
    {
      "obs": "You pick up the cellphone 1 from the sidetable 1.",
      "act": "go to safe 1",
      "thought": "I am now in/on: sidetable 1\nCritical objects I have found:\ncellphone 1 (sidetable 1)\nObjects I have taken:\ncellphone 1\nNow I have taken the cellphone (1). Next, I need to go to and put it on the safe 1."
    },
    {
      "obs": "You arrive at loc 14. The safe 1 is closed.",
      "act": "open safe 1",
      "thought": "I am now in/on: safe 1\nCritical objects I have found:\ncellphone 1 (sidetable 1)\nObjects I have taken:\ncellphone 1\nTo put the cellphone on the safe, I need to open the safe first."
    },
    {
      "obs": "You open the safe 1. The safe 1 is open. In it, you see nothing.",
      "act": "put cellphone 1 in/on safe 1",
      "thought": "I am now in/on: safe 1\nCritical objects I have found:\ncellphone 1 (sidetable 1)\nObjects I have taken:\ncellphone 1\nNow the safe is open, and I can put the cellphone in/on it."
    },
    {
      "obs": "You put the cellphone 1 in/on the safe 1.",
      "act": "close safe 1"
    }
  ]
}