{
  "task": "put some spraybottle on garbagecan.",
  "traj": [
    {
      "obs": "You are in the middle of a room. Looking quickly around you, you see a countertop 1, a drawer 1, a drawer 2, a drawer 3, a drawer 4, a drawer 5, a drawer 6, a garbagecan 1, a handtowelholder 1, a handtowelholder 2, a sinkbasin 1, a toilet 1, a toiletpaperhanger 1, a towelholder 1, and a towelholder 2.",
      "act": "go to drawer 4",
      "thought": "I am now in/on: the middle of a room\nCritical objects I have found:\nNone\nObjects I have taken:\nNone\nTo solve the task, I need to find and take a spraybottle, then put it on the garbagecan. First, I need to find a spraybottle. A spraybottle is more likely to appear in drawers (1-6), countertop (1), or possibly near the sinkbasin (1). I can check one by one, starting with drawer 4."
    },
    {
      "obs": "You arrive at loc 6. The drawer 4 is closed.",
      "act": "open drawer 4",
      "thought": "I am now in/on: drawer 4\nCritical objects I have found:\nNone\nObjects I have taken:\nNone\nTo see objects in drawer 4, I have to open it first."
    },
    {
      "obs": "You open the drawer 4. The drawer 4 is open. In it, you see nothing.",
      "act": "go to drawer 2",
      "thought": "I am now in/on: drawer 4\nCritical objects I have found:\nNone\nObjects I have taken:\nNone\nDrawer 4 is empty. Next, I need to check drawer 2."
    },
    {
      "obs": "You arrive at loc 13. The drawer 2 is closed.",
      "act": "open drawer 2",
      "thought": "I am now in/on: drawer 2\nCritical objects I have found:\nNone\nObjects I have taken:\nNone\nTo see objects in drawer 2, I have to open it first."
    },
    {
      "obs": "You open the drawer 2. The drawer 2 is open. In it, you see nothing.",
      "act": "go to garbagecan 1",
      "thought": "I am now in/on: drawer 2\nCritical objects I have found:\nNone\nObjects I have taken:\nNone\nDrawer 2 is empty. I have not found a spraybottle yet. I will now check the garbagecan 1, as sometimes items can be found there before they are thrown away."
    },
    {
      "obs": "You arrive at loc 11. On the garbagecan 1, you see nothing.",
      "act": "go to drawer 3",
      "thought": "I am now in/on: garbagecan 1\nCritical objects I have found:\nNone\nObjects I have taken:\nNone\nThe garbagecan 1 is empty. Next, I need to check drawer 3 for a spraybottle."
    },
    {
      "obs": "You arrive at loc 7. The drawer 3 is closed.",
      "act": "open drawer 3",
      "thought": "I am now in/on: drawer 3\nCritical objects I have found:\nNone\nObjects I have taken:\nNone\nTo see objects in drawer 3, I have to open it first."
    },
    {
      "obs": "You open the drawer 3. The drawer 3 is open. In it, you see nothing.",
      "act": "go to drawer 5",
      "thought": "I am now in/on: drawer 3\nCritical objects I have found:\nNone\nObjects I have taken:\nNone\nDrawer 3 is empty. Next, I need to check drawer 5 for a spraybottle."
    },
    {
      "obs": "You arrive at loc 5. The drawer 5 is closed.",
      "act": "open drawer 5",
      "thought": "I am now in/on: drawer 5\nCritical objects I have found:\nNone\nObjects I have taken:\nNone\nTo see objects in drawer 5, I have to open it first."
    },
    {
      "obs": "You open the drawer 5. The drawer 5 is open. In it, you see a candle 1.",
      "act": "go to countertop 1",
      "thought": "I am now in/on: drawer 5\nCritical objects I have found:\nNone\nObjects I have taken:\nNone\nDrawer 5 contains a candle but no spraybottle. Next, I need to check the countertop 1 for a spraybottle."
    },
    {
      "obs": "You arrive at loc 17. On the countertop 1, you see a sink 1, a soapbottle 1, and a toiletpaper 1.",
      "act": "go to toilet 1",
      "thought": "I am now in/on: countertop 1\nCritical objects I have found:\nNone\nObjects I have taken:\nNone\nOn the countertop 1, there is no spraybottle. Next, I need to check near the toilet 1, as sometimes items can be placed there temporarily."
    },
    {
      "obs": "You arrive at loc 4. On the toilet 1, you see a cloth 1, and a spraybottle 1.",
      "act": "take spraybottle 1 from toilet 1",
      "thought": "I am now in/on: countertop 1\nCritical objects I have found:\nspraybottle 1 (toilet 1)\nObjects I have taken:\nNone\nI have found a spraybottle (1) on the toilet 1. Next, I need to take it."
    },
    {
      "obs": "You pick up the spraybottle 1 from the toilet 1.",
      "act": "go to garbagecan 1",
      "thought": "I am now in/on: toilet 1\nCritical objects I have found:\nspraybottle 1 (toilet 1)\nObjects I have taken:\nspraybottle 1\nNow I have taken the spraybottle (1). Next, I need to go to and put it on the garbagecan 1."
    },
    {
      "obs": "You arrive at loc 11. On the garbagecan 1, you see nothing.",
      "act": "put spraybottle 1 in/on garbagecan 1",
      "thought": "I am now in/on: garbagecan 1\nCritical objects I have found:\nspraybottle 1 (toilet 1)\nObjects I have taken:\nspraybottle 1\nNow I am at the garbagecan 1. Next, I need to put the spraybottle 1 on it."
    },
    {
      "obs": "You put the spraybottle 1 in/on the garbagecan 1.",
      "act": "go to drawer 4"
    }
  ]
}