{
  "task": "put a newspaper in ottoman.",
  "traj": [
    {
      "obs": "You are in the middle of a room. Looking quickly around you, you see a armchair 1, a coffeetable 1, a coffeetable 2, a drawer 1, a drawer 2, a drawer 3, a drawer 4, a drawer 5, a drawer 6, a drawer 7, a drawer 8, a dresser 1, a dresser 2, a garbagecan 1, a ottoman 1, and a sofa 1.",
      "act": "go to garbagecan 1",
      "thought": "I am now in/on: the middle of a room\nCritical objects I have found:\nNone\nObjects I have taken:\nNone\nTo solve the task, I need to find and take a newspaper, then put it in the ottoman. First, I need to find a newspaper. A newspaper is more likely to be found in or on furniture like a coffeetable, drawer, dresser, or possibly in a garbagecan. I will start by checking the garbagecan."
    },
    {
      "obs": "You arrive at loc 19. On the garbagecan 1, you see nothing.",
      "act": "go to coffeetable 2",
      "thought": "I am now in/on: garbagecan 1\nCritical objects I have found:\nNone\nObjects I have taken:\nNone\nIn garbagecan 1, there is no newspaper. Next, I need to check coffeetable 2."
    },
    {
      "obs": "You arrive at loc 18. On the coffeetable 2, you see a statue 1.",
      "act": "go to coffeetable 1",
      "thought": "I am now in/on: coffeetable 2\nCritical objects I have found:\nNone\nObjects I have taken:\nNone\nOn coffeetable 2, there is no newspaper. Next, I need to check coffeetable 1."
    },
    {
      "obs": "You arrive at loc 16. On the coffeetable 1, you see a desklamp 1, a watch 1, and a watch 2.",
      "act": "go to drawer 7",
      "thought": "I am now in/on: coffeetable 1\nCritical objects I have found:\nNone\nObjects I have taken:\nNone\nOn coffeetable 1, there is no newspaper. Next, I need to check drawer 7."
    },
    {
      "obs": "You arrive at loc 2. The drawer 7 is closed.",
      "act": "open drawer 7",
      "thought": "I am now in/on: drawer 7\nCritical objects I have found:\nNone\nObjects I have taken:\nNone\nTo see objects in drawer 7, I have to open it first."
    },
    {
      "obs": "You open the drawer 7. The drawer 7 is open. In it, you see nothing.",
      "act": "go to drawer 4",
      "thought": "I am now in/on: drawer 7\nCritical objects I have found:\nNone\nObjects I have taken:\nNone\nDrawer 7 is empty, so there is no newspaper here. Next, I need to check drawer 4."
    },
    {
      "obs": "You arrive at loc 24. The drawer 4 is closed.",
      "act": "open drawer 4",
      "thought": "I am now in/on: drawer 7\nCritical objects I have found:\nNone\nObjects I have taken:\nNone\nDrawer 7 is empty, so there is no newspaper here. Next, I will open drawer 4 to check for a newspaper."
    },
    {
      "obs": "You open the drawer 4. The drawer 4 is open. In it, you see nothing.",
      "act": "go to armchair 1",
      "thought": "I am now in/on: drawer 4\nCritical objects I have found:\nNone\nObjects I have taken:\nNone\nDrawer 4 is also empty, so there is no newspaper here. Next, I will check the armchair 1, as sometimes newspapers can be found near places where people sit."
    },
    {
      "obs": "You arrive at loc 23. On the armchair 1, you see a creditcard 1, a creditcard 2, and a newspaper 1.",
      "act": "take newspaper 1 from armchair 1",
      "thought": "I am now in/on: armchair 1\nCritical objects I have found:\nnewspaper 1 (armchair 1)\nObjects I have taken:\nNone\nI have found a newspaper (1) on the armchair 1. Next, I need to take it."
    },
    {
      "obs": "You pick up the newspaper 1 from the armchair 1.",
      "act": "go to ottoman 1",
      "thought": "I am now in/on: armchair 1\nCritical objects I have found:\nnewspaper 1 (armchair 1)\nObjects I have taken:\nnewspaper 1\nNow that I have the newspaper (1), I need to go to the ottoman and put the newspaper in it."
    },
    {
      "obs": "You arrive at loc 25. On the ottoman 1, you see a box 1, a creditcard 3, a keychain 1, and a laptop 1.",
      "act": "put newspaper 1 in/on ottoman 1",
      "thought": "I am now in/on: ottoman 1\nCritical objects I have found:\nnewspaper 1 (armchair 1)\nObjects I have taken:\nnewspaper 1\nI am at the ottoman 1 with the newspaper 1. Now I need to put the newspaper in/on the ottoman."
    },
    {
      "obs": "You put the newspaper 1 in/on the ottoman 1.",
      "act": "go to garbagecan 1"
    }
  ]
}