{
  "task": "put some creditcard on shelf.",
  "traj": [
    {
      "obs": "You are in the middle of a room. Looking quickly around you, you see a bed 1, a desk 1, a drawer 1, a drawer 2, a garbagecan 1, a shelf 1, and a sidetable 1.",
      "act": "go to desk 1",
      "thought": "I am now in/on: the middle of a room\nCritical objects I have found:\nNone\nObjects I have taken:\nNone\nTo solve the task, I need to find and take a credit card, then put it on the shelf. First, I need to find a credit card. A credit card is more likely to appear in drawers (1-2), desk (1), sidetable (1), or garbagecan (1). I can check one by one, starting with desk 1."
    },
    {
      "obs": "You arrive at loc 15. On the desk 1, you see a bowl 1, a cd 1, a cellphone 1, a desklamp 1, a houseplant 1, a pen 1, a pen 2, and a pen 3.",
      "act": "go to drawer 1",
      "thought": "I am now in/on: desk 1\nCritical objects I have found:\nNone\nObjects I have taken:\nNone\nOn desk 1, there is no credit card. Next, I need to check drawer 1."
    },
    {
      "obs": "You arrive at loc 2. On the drawer 1, you see a cd 2.",
      "act": "go to drawer 2",
      "thought": "I am now in/on: drawer 1\nCritical objects I have found:\nNone\nObjects I have taken:\nNone\nIn drawer 1, there is no credit card. Next, I need to check drawer 2."
    },
    {
      "obs": "You arrive at loc 16. The drawer 2 is closed.",
      "act": "open drawer 2",
      "thought": "I am now in/on: drawer 1\nCritical objects I have found:\nNone\nObjects I have taken:\nNone\nDrawer 1 did not contain a credit card. I need to open drawer 2 to check for a credit card inside."
    },
    {
      "obs": "You open the drawer 2. The drawer 2 is open. In it, you see a cd 3, and a keychain 1.",
      "act": "go to sidetable 1",
      "thought": "I am now in/on: drawer 2\nCritical objects I have found:\nNone\nObjects I have taken:\nNone\nDrawer 2 did not contain a credit card. Next, I need to check the sidetable 1."
    },
    {
      "obs": "You arrive at loc 11. On the sidetable 1, you see a book 1, a creditcard 1, a creditcard 2, and a keychain 2.",
      "act": "take creditcard 1 from sidetable 1",
      "thought": "I am now in/on: sidetable 1\nCritical objects I have found:\ncreditcard 1 (sidetable 1)\nObjects I have taken:\nNone\nI have found credit cards on the sidetable 1. Next, I need to take one of them."
    },
    {
      "obs": "You pick up the creditcard 1 from the sidetable 1.",
      "act": "go to shelf 1",
      "thought": "I am now in/on: sidetable 1\nCritical objects I have found:\ncreditcard 1 (sidetable 1)\nObjects I have taken:\ncreditcard 1\nNow that I have the credit card, I need to go to the shelf to put it there."
    },
    {
      "obs": "You arrive at loc 9. On the shelf 1, you see a alarmclock 1.",
      "act": "put creditcard 1 in/on shelf 1",
      "thought": "I am now in/on: shelf 1\nCritical objects I have found:\ncreditcard 1 (sidetable 1)\nObjects I have taken:\ncreditcard 1\nNow I am at the shelf 1. Next, I need to put the credit card 1 in/on it."
    },
    {
      "obs": "You put the creditcard 1 in/on the shelf 1.",
      "act": "go to desk 1"
    }
  ]
}