{
  "task": "put a alarmclock in shelf.",
  "traj": [
    {
      "obs": "You are in the middle of a room. Looking quickly around you, you see a bed 1, a cabinet 1, a cabinet 2, a cabinet 3, a cabinet 4, a desk 1, a drawer 1, a drawer 2, a garbagecan 1, a shelf 1, and a sidetable 1.",
      "act": "go to desk 1",
      "thought": "I am now in/on: the middle of a room\nCritical objects I have found:\nNone\nObjects I have taken:\nNone\nTo solve the task, I need to find and take an alarm clock, then put it in the shelf. First, I need to find an alarm clock. An alarm clock is more likely to appear on surfaces like desks, sidetables, or in drawers. I will start by checking the desk 1."
    },
    {
      "obs": "You arrive at loc 9. On the desk 1, you see a alarmclock 1, a book 1, a box 1, a cellphone 3, a keychain 2, a laptop 2, and a laptop 3.",
      "act": "take alarmclock 1 from desk 1",
      "thought": "I am now in/on: desk 1\nCritical objects I have found:\nalarmclock 1 (desk 1)\nObjects I have taken:\nNone\nI have found an alarm clock (1) on the desk 1. Next, I need to take it."
    },
    {
      "obs": "You pick up the alarmclock 1 from the desk 1.",
      "act": "go to shelf 1",
      "thought": "I am now in/on: desk 1\nCritical objects I have found:\nalarmclock 1 (desk 1)\nObjects I have taken:\nalarmclock 1\nNow I have taken the alarm clock (1). Next, I need to go to the shelf 1 to put it there."
    },
    {
      "obs": "You arrive at loc 10. On the shelf 1, you see nothing.",
      "act": "put alarmclock 1 in/on shelf 1",
      "thought": "I am now in/on: shelf 1\nCritical objects I have found:\nalarmclock 1 (desk 1)\nObjects I have taken:\nalarmclock 1\nNow I am at the shelf 1. Next, I need to put the alarm clock (1) in/on it."
    },
    {
      "obs": "You put the alarmclock 1 in/on the shelf 1.",
      "act": "go to desk 1"
    }
  ]
}