{
  "task": "put a creditcard in sofa.",
  "traj": [
    {
      "obs": "You are in the middle of a room. Looking quickly around you, you see a armchair 1, a armchair 2, a coffeetable 1, a coffeetable 2, a garbagecan 1, a shelf 1, a shelf 2, a shelf 3, a shelf 4, a shelf 5, a shelf 6, a shelf 7, a shelf 8, a sofa 1, and a tvstand 1.",
      "act": "go to shelf 3",
      "thought": "I am now in/on: the middle of a room\nCritical objects I have found:\nNone\nObjects I have taken:\nNone\nTo solve the task, I need to find and take a credit card, then put it in the sofa. A credit card is more likely to be found on shelves, coffeetables, or tvstand. I will start by checking shelf 3."
    },
    {
      "obs": "You arrive at loc 11. On the shelf 3, you see nothing.",
      "act": "go to coffeetable 2",
      "thought": "I am now in/on: shelf 3\nCritical objects I have found:\nNone\nObjects I have taken:\nNone\nOn shelf 3, there is no credit card. Next, I need to check coffeetable 2."
    },
    {
      "obs": "You arrive at loc 10. On the coffeetable 2, you see a box 1, a laptop 2, and a statue 3.",
      "act": "go to shelf 5",
      "thought": "I am now in/on: coffeetable 2\nCritical objects I have found:\nNone\nObjects I have taken:\nNone\nOn coffeetable 2, there is no credit card. Next, I need to check shelf 5."
    },
    {
      "obs": "You arrive at loc 15. On the shelf 5, you see a keychain 2.",
      "act": "go to armchair 2",
      "thought": "I am now in/on: shelf 5\nCritical objects I have found:\nNone\nObjects I have taken:\nNone\nOn shelf 5, there is no credit card. Next, I need to check armchair 2."
    },
    {
      "obs": "You arrive at loc 5. On the armchair 2, you see nothing.",
      "act": "go to shelf 6",
      "thought": "I am now in/on: armchair 2\nCritical objects I have found:\nNone\nObjects I have taken:\nNone\nOn armchair 2, there is no credit card. Next, I need to check shelf 6."
    },
    {
      "obs": "You arrive at loc 15. On the shelf 6, you see nothing.",
      "act": "go to armchair 1",
      "thought": "I am now in/on: shelf 6\nCritical objects I have found:\nNone\nObjects I have taken:\nNone\nOn shelf 6, there is no credit card. Next, I need to check armchair 1."
    },
    {
      "obs": "You arrive at loc 14. On the armchair 1, you see nothing.",
      "act": "go to shelf 7",
      "thought": "I am now in/on: armchair 1\nCritical objects I have found:\nNone\nObjects I have taken:\nNone\nOn armchair 1, there is no credit card. Next, I need to check shelf 7."
    },
    {
      "obs": "You arrive at loc 7. On the shelf 7, you see a creditcard 2, and a vase 2.",
      "act": "take creditcard 2 from shelf 7",
      "thought": "I am now in/on: shelf 7\nCritical objects I have found:\ncreditcard 2 (shelf 7)\nObjects I have taken:\nNone\nNow I find a credit card (2). Next, I need to take it."
    },
    {
      "obs": "You pick up the creditcard 2 from the shelf 7.",
      "act": "go to sofa 1",
      "thought": "I am now in/on: shelf 7\nCritical objects I have found:\ncreditcard 2 (shelf 7)\nObjects I have taken:\ncreditcard 2\nNow I have taken the credit card (2). Next, I need to go to and put it in the sofa 1."
    },
    {
      "obs": "You arrive at loc 3. On the sofa 1, you see a laptop 1, a pillow 1, and a remotecontrol 1.",
      "act": "put creditcard 2 in/on sofa 1",
      "thought": "I am now in/on: sofa 1\nCritical objects I have found:\ncreditcard 2 (shelf 7)\nObjects I have taken:\ncreditcard 2\nNow I am at the sofa 1. Next, I need to put the credit card (2) in/on it."
    },
    {
      "obs": "You put the creditcard 2 in/on the sofa 1.",
      "act": "go to shelf 3"
    }
  ]
}