{
  "task": "put a peppershaker in sidetable.",
  "traj": [
    {
      "obs": "You are in the middle of a room. Looking quickly around you, you see a cabinet 1, a cabinet 2, a cabinet 3, a cabinet 4, a coffeemachine 1, a countertop 1, a diningtable 1, a diningtable 2, a diningtable 3, a drawer 1, a fridge 1, a garbagecan 1, a microwave 1, a sidetable 1, a sinkbasin 1, a stoveburner 1, a stoveburner 2, a stoveburner 3, a stoveburner 4, and a toaster 1.",
      "act": "go to cabinet 4",
      "thought": "I am now in/on: the middle of a room\nCritical objects I have found:\nNone\nObjects I have taken:\nNone\nTo solve the task, I need to find and take a peppershaker, then put it in the sidetable. First, I need to find a peppershaker. A peppershaker is more likely to appear in cabinets (1-4), diningtables (1-3), sidetables (1), or countertops (1). I can check one by one, starting with cabinet 4."
    },
    {
      "obs": "You arrive at loc 14. The cabinet 4 is closed.",
      "act": "open cabinet 4",
      "thought": "I am now in/on: cabinet 4\nCritical objects I have found:\nNone\nObjects I have taken:\nNone\nTo see objects in cabinet 4, I have to open it first."
    },
    {
      "obs": "You open the cabinet 4. The cabinet 4 is open. In it, you see a peppershaker 1, a peppershaker 2, and a saltshaker 2.",
      "act": "take peppershaker 1 from cabinet 4",
      "thought": "I am now in/on: cabinet 4\nCritical objects I have found:\npeppershaker 1 (cabinet 4)\nObjects I have taken:\nNone\nNow I find a peppershaker (1). Next, I need to take it."
    },
    {
      "obs": "You pick up the peppershaker 1 from the cabinet 4.",
      "act": "go to sidetable 1",
      "thought": "I am now in/on: cabinet 4\nCritical objects I have found:\npeppershaker 1 (cabinet 4)\nObjects I have taken:\npeppershaker 1\nNow I have taken the peppershaker (1). Next, I need to go to and put it in the sidetable 1."
    },
    {
      "obs": "You arrive at loc 20. On the sidetable 1, you see a apple 2, a cup 1, a dishsponge 2, a lettuce 1, a soapbottle 1, and a spoon 1.",
      "act": "put peppershaker 1 in/on sidetable 1",
      "thought": "I am now in/on: sidetable 1\nCritical objects I have found:\npeppershaker 1 (cabinet 4)\nObjects I have taken:\npeppershaker 1\nNow I am at the sidetable 1. Next, I need to put the peppershaker 1 in/on it."
    },
    {
      "obs": "You put the peppershaker 1 in/on the sidetable 1.",
      "act": "go to cabinet 4"
    }
  ]
}