{
  "task": "put some toiletpaper on toiletpaperhanger.",
  "traj": [
    {
      "obs": "You are in the middle of a room. Looking quickly around you, you see a bathtubbasin 1, a cabinet 1, a cabinet 2, a cabinet 3, a cabinet 4, a countertop 1, a drawer 1, a drawer 2, a drawer 3, a drawer 4, a dresser 1, a garbagecan 1, a handtowelholder 1, a sinkbasin 1, a sinkbasin 2, a toilet 1, a toiletpaperhanger 1, and a towelholder 1.",
      "act": "go to cabinet 1",
      "thought": "I am now in/on: the middle of a room\nCritical objects I have found:\nNone\nObjects I have taken:\nNone\nTo solve the task, I need to find and take some toiletpaper, then put it on the toiletpaperhanger. First, I need to find toiletpaper. Toiletpaper is more likely to appear in cabinets (1-4), drawers (1-4), or possibly on the countertop (1). I can check one by one, starting with cabinet 1."
    },
    {
      "obs": "You arrive at loc 11. The cabinet 1 is closed.",
      "act": "open cabinet 1",
      "thought": "I am now in/on: cabinet 1\nCritical objects I have found:\nNone\nObjects I have taken:\nNone\nTo see objects in cabinet 1, I have to open it first."
    },
    {
      "obs": "You open the cabinet 1. The cabinet 1 is open. In it, you see a candle 3.",
      "act": "go to countertop 1",
      "thought": "I am now in/on: cabinet 1\nCritical objects I have found:\nNone\nObjects I have taken:\nNone\nIn cabinet 1, there is no toiletpaper. Next, I need to check countertop 1."
    },
    {
      "obs": "You arrive at loc 8. On the countertop 1, you see a spraybottle 1, and a toiletpaper 2.",
      "act": "take toiletpaper 2 from countertop 1",
      "thought": "I am now in/on: countertop 1\nCritical objects I have found:\ntoiletpaper 2 (countertop 1)\nObjects I have taken:\nNone\nNow I find some toiletpaper (2). Next, I need to take it."
    },
    {
      "obs": "You pick up the toiletpaper 2 from the countertop 1.",
      "act": "go to toiletpaperhanger 1",
      "thought": "I am now in/on: countertop 1\nCritical objects I have found:\ntoiletpaper 2 (countertop 1)\nObjects I have taken:\ntoiletpaper 2\nNow I have taken some toiletpaper (2). Next, I need to go to and put it on the toiletpaperhanger 1."
    },
    {
      "obs": "You arrive at loc 7. On the toiletpaperhanger 1, you see nothing.",
      "act": "put toiletpaper 2 in/on toiletpaperhanger 1",
      "thought": "I am now in/on: toiletpaperhanger 1\nCritical objects I have found:\ntoiletpaper 2 (countertop 1)\nObjects I have taken:\ntoiletpaper 2\nNow I am at the toiletpaperhanger 1. Next, I need to put the toiletpaper 2 on it."
    },
    {
      "obs": "You put the toiletpaper 2 in/on the toiletpaperhanger 1.",
      "act": "go to cabinet 1"
    }
  ]
}