{
  "task": "put some soapbottle on toilet.",
  "traj": [
    {
      "obs": "You are in the middle of a room. Looking quickly around you, you see a bathtubbasin 1, a countertop 1, a drawer 1, a drawer 2, a drawer 3, a drawer 4, a drawer 5, a drawer 6, a drawer 7, a drawer 8, a garbagecan 1, a handtowelholder 1, a sinkbasin 1, a toilet 1, a toiletpaperhanger 1, a towelholder 1, and a towelholder 2.",
      "act": "go to drawer 8",
      "thought": "I am now in/on: the middle of a room\nCritical objects I have found:\nNone\nObjects I have taken:\nNone\nTo solve the task, I need to find and take a soapbottle, then put it on the toilet. First, I need to find a soapbottle. A soapbottle is more likely to appear in drawers (1-8), countertop (1), or sinkbasin (1). I can check one by one, starting with drawer 8."
    },
    {
      "obs": "You arrive at loc 11. The drawer 8 is closed.",
      "act": "open drawer 8",
      "thought": "I am now in/on: drawer 8\nCritical objects I have found:\nNone\nObjects I have taken:\nNone\nTo see objects in drawer 8, I have to open it first."
    },
    {
      "obs": "You open the drawer 8. The drawer 8 is open. In it, you see nothing.",
      "act": "go to toilet 1",
      "thought": "I am now in/on: drawer 8\nCritical objects I have found:\nNone\nObjects I have taken:\nNone\nDrawer 8 is empty, so I need to continue searching for a soapbottle. The toilet is not a likely place to find a soapbottle, so I should check other drawers or the countertop next. I will go to drawer 7 now."
    },
    {
      "obs": "You arrive at loc 2. On the toilet 1, you see a toiletpaper 1.",
      "act": "go to garbagecan 1",
      "thought": "I am now in/on: toilet 1\nCritical objects I have found:\nNone\nObjects I have taken:\nNone\nI mistakenly went to the toilet instead of drawer 7. The toilet is not a likely place to find a soapbottle. I need to correct my mistake and continue searching for a soapbottle. I will go to drawer 7 now."
    },
    {
      "obs": "You arrive at loc 4. On the garbagecan 1, you see a spraybottle 3.",
      "act": "go to countertop 1",
      "thought": "I am now in/on: garbagecan 1\nCritical objects I have found:\nNone\nObjects I have taken:\nNone\nI mistakenly went to the garbagecan instead of drawer 7. The garbagecan is not a likely place to find a soapbottle. I need to correct my mistake and continue searching for a soapbottle. I will go to the countertop now, as it is a common place for a soapbottle to be found."
    },
    {
      "obs": "You arrive at loc 13. On the countertop 1, you see a candle 3, a soapbottle 1, a soapbottle 3, a spraybottle 1, a spraybottle 2, and a tissuebox 2.",
      "act": "take soapbottle 1 from countertop 1",
      "thought": "I am now in/on: countertop 1\nCritical objects I have found:\nsoapbottle 1 (countertop 1)\nObjects I have taken:\nNone\nI have found a soapbottle (1) on the countertop. Next, I need to take it."
    },
    {
      "obs": "You pick up the soapbottle 1 from the countertop 1.",
      "act": "go to toilet 1",
      "thought": "I am now in/on: countertop 1\nCritical objects I have found:\nsoapbottle 1 (countertop 1)\nObjects I have taken:\nsoapbottle 1\nNow that I have the soapbottle (1), I need to go to the toilet and put it there."
    },
    {
      "obs": "You pick up the soapbottle 1 from the countertop 1.",
      "act": "put soapbottle 1 in/on toilet 1",
      "thought": "I am now in/on: countertop 1\nCritical objects I have found:\nsoapbottle 1 (countertop 1)\nObjects I have taken:\nsoapbottle 1\nI have the soapbottle (1) and I am heading to the toilet to put it there. However, it seems there was an error in the observation as it repeated the action of picking up the soapbottle. I will assume I am now at the toilet ready to place the soapbottle on it."
    },
    {
      "obs": "You put the soapbottle 1 in/on the toilet 1.",
      "act": "go to drawer 8"
    }
  ]
}