{
  "task": "put some book on sofa.",
  "traj": [
    {
      "obs": "You are in the middle of a room. Looking quickly around you, you see a armchair 1, a armchair 2, a coffeetable 1, a diningtable 1, a diningtable 2, a drawer 1, a drawer 2, a garbagecan 1, a sidetable 1, a sidetable 2, a sofa 1, and a tvstand 1.",
      "act": "go to sofa 1",
      "thought": "I am now in/on: the middle of a room\nCritical objects I have found:\nNone\nObjects I have taken:\nNone\nTo solve the task, I need to find and take a book, then put it on the sofa. First, I need to find a book. A book is more likely to appear in or on furniture like a coffeetable, diningtable, sidetable, drawer, or tvstand. I can check one by one, starting with the closest target that might contain a book."
    },
    {
      "obs": "You arrive at loc 1. On the sofa 1, you see a pillow 1.",
      "act": "go to armchair 2",
      "thought": "I am now in/on: sofa 1\nCritical objects I have found:\nNone\nObjects I have taken:\nNone\nOn sofa 1, there is no book. Next, I need to check armchair 2, which could potentially have a book nearby or on it."
    },
    {
      "obs": "You arrive at loc 7. On the armchair 2, you see nothing.",
      "act": "go to coffeetable 1",
      "thought": "I am now in/on: armchair 2\nCritical objects I have found:\nNone\nObjects I have taken:\nNone\nOn armchair 2, there is no book. Next, I need to check coffeetable 1, which is another common place where books might be found."
    },
    {
      "obs": "You arrive at loc 18. On the coffeetable 1, you see a creditcard 1, a keychain 1, a newspaper 1, a newspaper 2, a remotecontrol 1, a tissuebox 1, and a vase 2.",
      "act": "go to sidetable 2",
      "thought": "I am now in/on: coffeetable 1\nCritical objects I have found:\nNone\nObjects I have taken:\nNone\nOn coffeetable 1, there is no book. Next, I need to check sidetable 2, which is another place where books might be placed."
    },
    {
      "obs": "You arrive at loc 9. On the sidetable 2, you see a curtains 1, and a statue 3.",
      "act": "go to diningtable 2",
      "thought": "I am now in/on: sidetable 2\nCritical objects I have found:\nNone\nObjects I have taken:\nNone\nOn sidetable 2, there is no book. Next, I need to check diningtable 2, which is another common place where books might be found."
    },
    {
      "obs": "You arrive at loc 24. On the diningtable 2, you see a book 1, a bowl 1, a laptop 2, a plate 1, a plate 2, a plate 3, a statue 1, and a vase 1.",
      "act": "take book 1 from diningtable 2",
      "thought": "I am now in/on: diningtable 2\nCritical objects I have found:\nbook 1 (diningtable 2)\nObjects I have taken:\nNone\nNow I find a book (1). Next, I need to take it."
    },
    {
      "obs": "You pick up the book 1 from the diningtable 2.",
      "act": "go to sofa 1",
      "thought": "I am now in/on: diningtable 2\nCritical objects I have found:\nbook 1 (diningtable 2)\nObjects I have taken:\nbook 1\nNow I have taken the book (1). Next, I need to go to the sofa and put it on there."
    },
    {
      "obs": "You arrive at loc 1. On the sofa 1, you see a pillow 1.",
      "act": "put book 1 in/on sofa 1",
      "thought": "I am now in/on: sofa 1\nCritical objects I have found:\nbook 1 (diningtable 2)\nObjects I have taken:\nbook 1\nNow I am at the sofa 1. Next, I need to put the book 1 on it."
    },
    {
      "obs": "You put the book 1 in/on the sofa 1.",
      "act": "go to armchair 2"
    }
  ]
}