{
  "task": "put some alarmclock on diningtable.",
  "traj": [
    {
      "obs": "You are in the middle of a room. Looking quickly around you, you see a bed 1, a diningtable 1, a drawer 1, a drawer 2, a drawer 3, a drawer 4, a garbagecan 1, a sidetable 1, and a sidetable 2.",
      "act": "go to sidetable 2",
      "thought": "I am now in/on: the middle of a room\nCritical objects I have found:\nNone\nObjects I have taken:\nNone\nTo solve the task, I need to find and take an alarm clock, then put it on the dining table. First, I need to find an alarm clock. An alarm clock is more likely to appear on sidetables (1-2), drawers (1-4), or possibly on the bed (1). I will check one by one, starting with sidetable 2."
    },
    {
      "obs": "You arrive at loc 2. On the sidetable 2, you see a alarmclock 1, and a pencil 1.",
      "act": "take alarmclock 1 from sidetable 2",
      "thought": "I am now in/on: sidetable 2\nCritical objects I have found:\nalarmclock 1 (sidetable 2)\nObjects I have taken:\nNone\nNow I find an alarm clock (1). Next, I need to take it."
    },
    {
      "obs": "You pick up the alarmclock 1 from the sidetable 2.",
      "act": "go to diningtable 1",
      "thought": "I am now in/on: sidetable 2\nCritical objects I have found:\nalarmclock 1 (sidetable 2)\nObjects I have taken:\nalarmclock 1\nNow I have taken the alarm clock (1). Next, I need to go to the dining table and put it there."
    },
    {
      "obs": "You arrive at loc 7. On the diningtable 1, you see a cd 2, a creditcard 2, a keychain 1, a keychain 2, a keychain 3, a mug 2, and a pen 2.",
      "act": "put alarmclock 1 in/on diningtable 1",
      "thought": "I am now in/on: diningtable 1\nCritical objects I have found:\nalarmclock 1 (sidetable 2)\nObjects I have taken:\nalarmclock 1\nNow I am at the dining table 1. Next, I need to put the alarm clock (1) on it."
    },
    {
      "obs": "You put the alarmclock 1 in/on the diningtable 1.",
      "act": "go to sidetable 2"
    }
  ]
}