{
  "task": "put a watch in coffeetable.",
  "traj": [
    {
      "obs": "You are in the middle of a room. Looking quickly around you, you see a armchair 1, a coffeetable 1, a drawer 1, a drawer 2, a drawer 3, a drawer 4, a drawer 5, a drawer 6, a drawer 7, a garbagecan 1, a sidetable 1, a sidetable 2, a sidetable 3, a sofa 1, a sofa 2, and a tvstand 1.",
      "act": "go to sidetable 1",
      "thought": "I am now in/on: the middle of a room\nCritical objects I have found:\nNone\nObjects I have taken:\nNone\nTo solve the task, I need to find and take a watch, then put it in/on the coffeetable. First, I need to find a watch. A watch is more likely to appear in drawers (1-7), sidetables (1-3), or maybe even on the garbagecan (1). I can check one by one, starting with sidetable 1."
    },
    {
      "obs": "You arrive at loc 9. On the sidetable 1, you see a newspaper 1.",
      "act": "go to drawer 3",
      "thought": "I am now in/on: sidetable 1\nCritical objects I have found:\nNone\nObjects I have taken:\nNone\nOn sidetable 1, there is no watch. Next, I need to check drawer 3."
    },
    {
      "obs": "You arrive at loc 14. The drawer 3 is closed.",
      "act": "open drawer 3",
      "thought": "I am now in/on: drawer 3\nCritical objects I have found:\nNone\nObjects I have taken:\nNone\nTo see objects in drawer 3, I have to open it first."
    },
    {
      "obs": "You open the drawer 3. The drawer 3 is open. In it, you see nothing.",
      "act": "go to drawer 2",
      "thought": "I am now in/on: drawer 3\nCritical objects I have found:\nNone\nObjects I have taken:\nNone\nIn drawer 3, there is no watch. Next, I need to check drawer 2."
    },
    {
      "obs": "You arrive at loc 15. The drawer 2 is closed.",
      "act": "open drawer 2",
      "thought": "I am now in/on: drawer 2\nCritical objects I have found:\nNone\nObjects I have taken:\nNone\nTo see objects in drawer 2, I have to open it first."
    },
    {
      "obs": "You open the drawer 2. The drawer 2 is open. In it, you see nothing.",
      "act": "go to drawer 4",
      "thought": "I am now in/on: drawer 2\nCritical objects I have found:\nNone\nObjects I have taken:\nNone\nIn drawer 2, there is no watch. Next, I need to check drawer 4."
    },
    {
      "obs": "You arrive at loc 14. The drawer 4 is closed.",
      "act": "open drawer 4",
      "thought": "I am now in/on: drawer 4\nCritical objects I have found:\nNone\nObjects I have taken:\nNone\nTo see objects in drawer 4, I have to open it first."
    },
    {
      "obs": "You open the drawer 4. The drawer 4 is open. In it, you see nothing.",
      "act": "go to sidetable 2",
      "thought": "I am now in/on: drawer 4\nCritical objects I have found:\nNone\nObjects I have taken:\nNone\nIn drawer 4, there is no watch. Next, I need to check sidetable 2."
    },
    {
      "obs": "You arrive at loc 10. On the sidetable 2, you see a statue 1, and a watch 1.",
      "act": "take watch 1 from sidetable 2",
      "thought": "I am now in/on: sidetable 2\nCritical objects I have found:\nwatch 1 (sidetable 2)\nObjects I have taken:\nNone\nNow I find a watch (1). Next, I need to take it."
    },
    {
      "obs": "You pick up the watch 1 from the sidetable 2.",
      "act": "go to coffeetable 1",
      "thought": "I am now in/on: sidetable 2\nCritical objects I have found:\nwatch 1 (sidetable 2)\nObjects I have taken:\nwatch 1\nNow I have taken the watch (1). Next, I need to go to and put it in/on the coffeetable 1."
    },
    {
      "obs": "You arrive at loc 19. On the coffeetable 1, you see a laptop 1, and a remotecontrol 2.",
      "act": "put watch 1 in/on coffeetable 1",
      "thought": "I am now in/on: coffeetable 1\nCritical objects I have found:\nwatch 1 (sidetable 2)\nObjects I have taken:\nwatch 1\nNow I am at the coffeetable 1. Next, I need to put the watch 1 in/on it."
    },
    {
      "obs": "You put the watch 1 in/on the coffeetable 1.",
      "act": "go to sidetable 1"
    }
  ]
}