{
  "task": "put some winebottle on diningtable.",
  "traj": [
    {
      "obs": "You are in the middle of a room. Looking quickly around you, you see a cabinet 1, a cabinet 10, a cabinet 11, a cabinet 2, a cabinet 3, a cabinet 4, a cabinet 5, a cabinet 6, a cabinet 7, a cabinet 8, a cabinet 9, a coffeemachine 1, a countertop 1, a countertop 2, a diningtable 1, a drawer 1, a drawer 2, a drawer 3, a fridge 1, a garbagecan 1, a microwave 1, a sinkbasin 1, a stoveburner 1, a stoveburner 2, a stoveburner 3, a stoveburner 4, and a toaster 1.",
      "act": "go to cabinet 9",
      "thought": "I am now in/on: the middle of a room\nCritical objects I have found:\nNone\nObjects I have taken:\nNone\nTo solve the task, I need to find and take a winebottle, then put it on the diningtable. First, I need to find a winebottle. A winebottle is more likely to appear in cabinets (1-11), countertop (1-2), or perhaps the diningtable (1) itself. I will check the cabinets first, starting with cabinet 9 as it might be a place where wine is stored."
    },
    {
      "obs": "You arrive at loc 11. The cabinet 9 is closed.",
      "act": "open cabinet 9",
      "thought": "I am now in/on: cabinet 9\nCritical objects I have found:\nNone\nObjects I have taken:\nNone\nTo see objects in cabinet 9, I have to open it first."
    },
    {
      "obs": "You open the cabinet 9. The cabinet 9 is open. In it, you see a plate 2.",
      "act": "go to countertop 1",
      "thought": "I am now in/on: cabinet 9\nCritical objects I have found:\nNone\nObjects I have taken:\nNone\nIn cabinet 9, there is no winebottle. Next, I need to check countertop 1."
    },
    {
      "obs": "You arrive at loc 22. On the countertop 1, you see a apple 1, a dishsponge 1, a kettle 1, a knife 2, a knife 3, a pan 1, a plate 1, and a spoon 1.",
      "act": "go to cabinet 10",
      "thought": "I am now in/on: countertop 1\nCritical objects I have found:\nNone\nObjects I have taken:\nNone\nOn countertop 1, there is no winebottle. Next, I need to check cabinet 10."
    },
    {
      "obs": "You arrive at loc 5. On the cabinet 10, you see nothing.",
      "act": "go to cabinet 1",
      "thought": "I am now in/on: cabinet 10\nCritical objects I have found:\nNone\nObjects I have taken:\nNone\nIn cabinet 10, there is no winebottle. Next, I need to check cabinet 1."
    },
    {
      "obs": "You arrive at loc 23. On the cabinet 1, you see nothing.",
      "act": "go to cabinet 6",
      "thought": "I am now in/on: cabinet 1\nCritical objects I have found:\nNone\nObjects I have taken:\nNone\nIn cabinet 1, there is no winebottle. Next, I need to check cabinet 6."
    },
    {
      "obs": "You arrive at loc 26. On the cabinet 6, you see nothing.",
      "act": "go to garbagecan 1",
      "thought": "I am now in/on: cabinet 6\nCritical objects I have found:\nNone\nObjects I have taken:\nNone\nIn cabinet 6, there is no winebottle. Next, I need to check garbagecan 1, although it's unlikely to find a winebottle there."
    },
    {
      "obs": "You arrive at loc 14. On the garbagecan 1, you see a winebottle 1, and a winebottle 2.",
      "act": "take winebottle 2 from garbagecan 1",
      "thought": "I am now in/on: garbagecan 1\nCritical objects I have found:\nwinebottle 2 (garbagecan 1)\nObjects I have taken:\nNone\nNow I find a winebottle (2). Next, I need to take it."
    },
    {
      "obs": "You pick up the winebottle 2 from the garbagecan 1.",
      "act": "go to diningtable 1",
      "thought": "I am now in/on: garbagecan 1\nCritical objects I have found:\nwinebottle 2 (garbagecan 1)\nObjects I have taken:\nwinebottle 2\nNow I have taken a winebottle (2). Next, I need to go to and put it on diningtable 1."
    },
    {
      "obs": "You arrive at loc 15. On the diningtable 1, you see a apple 2, a bread 1, a butterknife 2, a butterknife 3, a fork 2, a saltshaker 1, a spatula 2, a spatula 3, a spoon 2, a spoon 3, and a tomato 1.",
      "act": "put winebottle 2 in/on diningtable 1",
      "thought": "I am now in/on: diningtable 1\nCritical objects I have found:\nwinebottle 2 (garbagecan 1)\nObjects I have taken:\nwinebottle 2\nNow I am at the diningtable 1. Next, I need to put the winebottle 2 on it."
    },
    {
      "obs": "You put the winebottle 2 in/on the diningtable 1.",
      "act": "go to cabinet 9"
    }
  ]
}