{
  "task": "put some cellphone on desk.",
  "traj": [
    {
      "obs": "You are in the middle of a room. Looking quickly around you, you see a bed 1, a desk 1, a drawer 1, a drawer 2, a garbagecan 1, a shelf 1, and a sidetable 1.",
      "act": "go to bed 1",
      "thought": "I am now in/on: the middle of a room\nCritical objects I have found:\nNone\nObjects I have taken:\nNone\nTo solve the task, I need to find and take a cellphone, then put it on the desk. First, I need to find a cellphone. A cellphone is more likely to appear on surfaces like a bed, desk, drawer, shelf, sidetable, or even in a garbagecan. I will check one by one, starting with bed 1."
    },
    {
      "obs": "You arrive at loc 2. On the bed 1, you see a book 2, a cellphone 1, a laptop 1, and a pillow 1.",
      "act": "take cellphone 1 from bed 1",
      "thought": "I am now in/on: bed 1\nCritical objects I have found:\ncellphone 1 (bed 1)\nObjects I have taken:\nNone\nI have found a cellphone (1) on bed 1. Next, I need to take it."
    },
    {
      "obs": "You pick up the cellphone 1 from the bed 1.",
      "act": "go to desk 1",
      "thought": "I am now in/on: bed 1\nCritical objects I have found:\ncellphone 1 (bed 1)\nObjects I have taken:\ncellphone 1\nNow that I have the cellphone (1), I need to go to the desk and put it there."
    },
    {
      "obs": "You arrive at loc 14. On the desk 1, you see a book 1, a bowl 1, a desklamp 1, a houseplant 1, a keychain 1, a keychain 2, and a pen 2.",
      "act": "put cellphone 1 in/on desk 1",
      "thought": "I am now in/on: desk 1\nCritical objects I have found:\ncellphone 1 (bed 1)\nObjects I have taken:\ncellphone 1\nNow I am at the desk 1. Next, I need to put the cellphone 1 on it."
    },
    {
      "obs": "You put the cellphone 1 in/on the desk 1.",
      "act": "go to bed 1"
    }
  ]
}