{
  "task": "put a laptop in sofa.",
  "traj": [
    {
      "obs": "You are in the middle of a room. Looking quickly around you, you see a armchair 1, a diningtable 1, a drawer 1, a drawer 2, a drawer 3, a drawer 4, a garbagecan 1, a shelf 1, a sidetable 1, a sidetable 2, a sidetable 3, and a sofa 1.",
      "act": "go to sidetable 3",
      "thought": "I am now in/on: the middle of a room\nCritical objects I have found:\nNone\nObjects I have taken:\nNone\nTo solve the task, I need to find and take a laptop, then put it in/on the sofa. A laptop is more likely to appear on surfaces like sidetables, diningtables, shelves, or inside drawers. I will start by checking sidetable 3."
    },
    {
      "obs": "You arrive at loc 7. On the sidetable 3, you see a keychain 3, a newspaper 1, and a vase 2.",
      "act": "go to armchair 1",
      "thought": "I am now in/on: sidetable 3\nCritical objects I have found:\nNone\nObjects I have taken:\nNone\nOn sidetable 3, there is no laptop. Next, I need to check other potential locations. I will go to armchair 1, although it's less likely to have a laptop, it's on the way to other furniture where a laptop might be."
    },
    {
      "obs": "You arrive at loc 2. On the armchair 1, you see a creditcard 3, and a pillow 1.",
      "act": "go to sofa 1",
      "thought": "I am now in/on: armchair 1\nCritical objects I have found:\nNone\nObjects I have taken:\nNone\nOn armchair 1, there is no laptop. Next, I need to check the sofa 1, as it's a common place to find a laptop."
    },
    {
      "obs": "You arrive at loc 5. On the sofa 1, you see a creditcard 2, and a remotecontrol 1.",
      "act": "go to sidetable 2",
      "thought": "I am now in/on: sofa 1\nCritical objects I have found:\nNone\nObjects I have taken:\nNone\nOn sofa 1, there is no laptop. Next, I need to check sidetable 2, as it's another common place where a laptop might be placed."
    },
    {
      "obs": "You arrive at loc 17. On the sidetable 2, you see a creditcard 1, a houseplant 1, a laptop 1, and a statue 2.",
      "act": "take laptop 1 from sidetable 2",
      "thought": "I am now in/on: sidetable 2\nCritical objects I have found:\nlaptop 1 (sidetable 2)\nObjects I have taken:\nNone\nI have found a laptop (1) on sidetable 2. Next, I need to take it."
    },
    {
      "obs": "You pick up the laptop 1 from the sidetable 2.",
      "act": "go to sofa 1",
      "thought": "I am now in/on: sidetable 2\nCritical objects I have found:\nlaptop 1 (sidetable 2)\nObjects I have taken:\nlaptop 1\nNow that I have the laptop (1), I need to go back to the sofa 1 to put it there as per the task instructions."
    },
    {
      "obs": "You pick up the laptop 1 from the sidetable 2.",
      "act": "put laptop 1 in/on sofa 1",
      "thought": "I am now in/on: sofa 1\nCritical objects I have found:\nlaptop 1 (sidetable 2)\nObjects I have taken:\nlaptop 1\nI am at the sofa 1 with the laptop 1 in my possession. The task is to put the laptop in/on the sofa. I will now place the laptop on the sofa."
    },
    {
      "obs": "You put the laptop 1 in/on the sofa 1.",
      "act": "go to sidetable 3"
    }
  ]
}