{
  "task": "put some cellphone on desk.",
  "traj": [
    {
      "obs": "You are in the middle of a room. Looking quickly around you, you see a bed 1, a desk 1, a drawer 1, a drawer 2, a drawer 3, a drawer 4, a drawer 5, a dresser 1, a garbagecan 1, a laundryhamper 1, and a shelf 1.",
      "act": "go to dresser 1",
      "thought": "I am now in/on: the middle of a room\nCritical objects I have found:\nNone\nObjects I have taken:\nNone\nTo solve the task, I need to find and take a cellphone, then put it on the desk. First, I need to find a cellphone. A cellphone is more likely to appear in drawers (1-5), dresser (1), or on the desk (1). I can check one by one, starting with dresser 1."
    },
    {
      "obs": "You arrive at loc 19. On the dresser 1, you see a alarmclock 3, a cellphone 3, a desklamp 1, a mug 1, a mug 2, a mug 3, and a pen 3.",
      "act": "take cellphone 3 from dresser 1",
      "thought": "I am now in/on: dresser 1\nCritical objects I have found:\ncellphone 3 (dresser 1)\nObjects I have taken:\nNone\nNow I find a cellphone (3) on dresser 1. Next, I need to take it."
    },
    {
      "obs": "You pick up the cellphone 3 from the dresser 1.",
      "act": "go to desk 1",
      "thought": "I am now in/on: dresser 1\nCritical objects I have found:\ncellphone 3 (dresser 1)\nObjects I have taken:\ncellphone 3\nNow I have taken the cellphone (3). Next, I need to go to the desk 1 to put it there."
    },
    {
      "obs": "You arrive at loc 10. On the desk 1, you see a bowl 1, a cd 1, a cd 2, a creditcard 2, a keychain 1, a keychain 2, a laptop 1, a pen 1, and a pencil 2.",
      "act": "put cellphone 3 in/on desk 1",
      "thought": "I am now in/on: desk 1\nCritical objects I have found:\ncellphone 3 (dresser 1)\nObjects I have taken:\ncellphone 3\nNow I am at the desk 1. Next, I need to put the cellphone 3 on it."
    },
    {
      "obs": "You put the cellphone 3 in/on the desk 1.",
      "act": "go to dresser 1"
    }
  ]
}