{
  "task": "put a soapbottle in cart.",
  "traj": [
    {
      "obs": "You are in the middle of a room. Looking quickly around you, you see a bathtubbasin 1, a cart 1, a countertop 1, a drawer 1, a drawer 2, a drawer 3, a drawer 4, a garbagecan 1, a handtowelholder 1, a shelf 1, a sinkbasin 1, a toilet 1, a toiletpaperhanger 1, and a towelholder 1.",
      "act": "go to drawer 2",
      "thought": "I am now in/on: the middle of a room\nCritical objects I have found:\nNone\nObjects I have taken:\nNone\nTo solve the task, I need to find and take a soapbottle, then put it in the cart. First, I need to find a soapbottle. A soapbottle is more likely to appear in drawers (1-4), countertop (1), sinkbasin (1), or shelf (1). I will check one by one, starting with drawer 2."
    },
    {
      "obs": "You arrive at loc 23. The drawer 2 is closed.",
      "act": "open drawer 2",
      "thought": "I am now in/on: drawer 2\nCritical objects I have found:\nNone\nObjects I have taken:\nNone\nTo see objects in drawer 2, I have to open it first."
    },
    {
      "obs": "You open the drawer 2. The drawer 2 is open. In it, you see nothing.",
      "act": "go to garbagecan 1",
      "thought": "I am now in/on: drawer 2\nCritical objects I have found:\nNone\nObjects I have taken:\nNone\nDrawer 2 is empty, so there is no soapbottle here. Next, I will check the garbagecan 1, as it might contain discarded items including a soapbottle."
    },
    {
      "obs": "You arrive at loc 4. On the garbagecan 1, you see nothing.",
      "act": "go to drawer 4",
      "thought": "I am now in/on: garbagecan 1\nCritical objects I have found:\nNone\nObjects I have taken:\nNone\nThe garbagecan 1 is empty, so there is no soapbottle there. Next, I will check drawer 4 for a soapbottle."
    },
    {
      "obs": "You arrive at loc 13. The drawer 4 is closed.",
      "act": "open drawer 4",
      "thought": "I am now in/on: garbagecan 1\nCritical objects I have found:\nNone\nObjects I have taken:\nNone\nDrawer 4 is the next location to check for a soapbottle. Since it is closed, I need to open it to see if there is a soapbottle inside."
    },
    {
      "obs": "You open the drawer 4. The drawer 4 is open. In it, you see nothing.",
      "act": "go to toilet 1",
      "thought": "I am now in/on: drawer 4\nCritical objects I have found:\nNone\nObjects I have taken:\nNone\nDrawer 4 is empty, so there is no soapbottle there. Next, I will check the toilet 1 area, although it's less likely to find a soapbottle there, it's worth checking before moving on to other drawers or the countertop."
    },
    {
      "obs": "You arrive at loc 8. On the toilet 1, you see a spraybottle 1, and a spraybottle 2.",
      "act": "go to drawer 1",
      "thought": "I am now in/on: toilet 1\nCritical objects I have found:\nNone\nObjects I have taken:\nNone\nThe toilet 1 area does not have a soapbottle, only spraybottles. Next, I will check drawer 1 for a soapbottle."
    },
    {
      "obs": "You arrive at loc 23. The drawer 1 is closed.",
      "act": "open drawer 1",
      "thought": "I am now in/on: toilet 1\nCritical objects I have found:\nNone\nObjects I have taken:\nNone\nDrawer 1 is the next location to check for a soapbottle. Since it is closed, I need to open it to see if there is a soapbottle inside."
    },
    {
      "obs": "You open the drawer 1. The drawer 1 is open. In it, you see nothing.",
      "act": "go to shelf 1",
      "thought": "I am now in/on: drawer 1\nCritical objects I have found:\nNone\nObjects I have taken:\nNone\nDrawer 1 is empty, so there is no soapbottle there. Next, I will check the shelf 1 for a soapbottle."
    },
    {
      "obs": "You arrive at loc 20. On the shelf 1, you see a candle 1, a candle 2, a cloth 1, a soapbar 1, a soapbottle 1, a soapbottle 2, and a tissuebox 1.",
      "act": "take soapbottle 1 from shelf 1",
      "thought": "I am now in/on: shelf 1\nCritical objects I have found:\nsoapbottle 1 (shelf 1)\nObjects I have taken:\nNone\nI have found a soapbottle (1) on shelf 1. Next, I need to take it."
    },
    {
      "obs": "You pick up the soapbottle 1 from the shelf 1.",
      "act": "go to cart 1",
      "thought": "I am now in/on: shelf 1\nCritical objects I have found:\nsoapbottle 1 (shelf 1)\nObjects I have taken:\nsoapbottle 1\nNow I have taken the soapbottle (1). Next, I need to go to and put it in the cart 1."
    },
    {
      "obs": "You arrive at loc 2. On the cart 1, you see a candle 3, a tissuebox 2, and a toiletpaper 1.",
      "act": "put soapbottle 1 in/on cart 1",
      "thought": "I am now in/on: cart 1\nCritical objects I have found:\nsoapbottle 1 (shelf 1)\nObjects I have taken:\nsoapbottle 1\nNow I am at the cart 1. Next, I need to put the soapbottle 1 in/on it."
    },
    {
      "obs": "You put the soapbottle 1 in/on the cart 1.",
      "act": "go to drawer 2"
    }
  ]
}