{
  "task": "put a cellphone in drawer.",
  "traj": [
    {
      "obs": "You are in the middle of a room. Looking quickly around you, you see a bed 1, a desk 1, a drawer 1, a drawer 2, a drawer 3, a garbagecan 1, a safe 1, a shelf 1, a shelf 2, a shelf 3, a shelf 4, a shelf 5, a sidetable 1, and a sidetable 2.",
      "act": "go to drawer 3",
      "thought": "I am now in/on: the middle of a room\nCritical objects I have found:\nNone\nObjects I have taken:\nNone\nTo solve the task, I need to find and take a cellphone, then put it in a drawer. First, I need to find a cellphone. A cellphone is more likely to appear on surfaces like desks, shelves, sidetables, or in drawers. I can check one by one, starting with drawer 3."
    },
    {
      "obs": "You arrive at loc 11. The drawer 3 is closed.",
      "act": "open drawer 3",
      "thought": "I am now in/on: drawer 3\nCritical objects I have found:\nNone\nObjects I have taken:\nNone\nTo see objects in drawer 3, I have to open it first."
    },
    {
      "obs": "You open the drawer 3. The drawer 3 is open. In it, you see nothing.",
      "act": "go to shelf 3",
      "thought": "I am now in/on: drawer 3\nCritical objects I have found:\nNone\nObjects I have taken:\nNone\nDrawer 3 is empty. Next, I need to check shelf 3 for a cellphone."
    },
    {
      "obs": "You arrive at loc 18. On the shelf 3, you see nothing.",
      "act": "go to sidetable 1",
      "thought": "I am now in/on: shelf 3\nCritical objects I have found:\nNone\nObjects I have taken:\nNone\nShelf 3 is empty. Next, I need to check sidetable 1 for a cellphone."
    },
    {
      "obs": "You arrive at loc 9. On the sidetable 1, you see a book 1, and a creditcard 1.",
      "act": "go to shelf 5",
      "thought": "I am now in/on: sidetable 1\nCritical objects I have found:\nNone\nObjects I have taken:\nNone\nSidetable 1 has no cellphone. Next, I need to check shelf 5 for a cellphone."
    },
    {
      "obs": "You arrive at loc 22. On the shelf 5, you see a alarmclock 2, a houseplant 1, and a pen 1.",
      "act": "go to safe 1",
      "thought": "I am now in/on: shelf 5\nCritical objects I have found:\nNone\nObjects I have taken:\nNone\nShelf 5 has no cellphone. Next, I need to check safe 1 for a cellphone, although it's less likely to be there, it's still a possibility."
    },
    {
      "obs": "You arrive at loc 14. The safe 1 is closed.",
      "act": "open safe 1",
      "thought": "I am now in/on: shelf 5\nCritical objects I have found:\nNone\nObjects I have taken:\nNone\nSafe 1 is closed and could potentially contain a cellphone. I need to open it to check inside."
    },
    {
      "obs": "You open the safe 1. The safe 1 is open. In it, you see nothing.",
      "act": "go to shelf 4",
      "thought": "I am now in/on: safe 1\nCritical objects I have found:\nNone\nObjects I have taken:\nNone\nSafe 1 is empty. Next, I need to check shelf 4 for a cellphone."
    },
    {
      "obs": "You arrive at loc 4. On the shelf 4, you see nothing.",
      "act": "go to shelf 1",
      "thought": "I am now in/on: shelf 4\nCritical objects I have found:\nNone\nObjects I have taken:\nNone\nShelf 4 is empty. Next, I need to check shelf 1 for a cellphone."
    },
    {
      "obs": "You arrive at loc 7. On the shelf 1, you see a cellphone 2.",
      "act": "take cellphone 2 from shelf 1",
      "thought": "I am now in/on: shelf 1\nCritical objects I have found:\ncellphone 2 (shelf 1)\nObjects I have taken:\nNone\nNow I find a cellphone (2). Next, I need to take it."
    },
    {
      "obs": "You pick up the cellphone 2 from the shelf 1.",
      "act": "go to drawer 3",
      "thought": "I am now in/on: shelf 1\nCritical objects I have found:\ncellphone 2 (shelf 1)\nObjects I have taken:\ncellphone 2\nNow I have taken the cellphone (2). Next, I need to go to and put it in drawer 3."
    },
    {
      "obs": "You arrive at loc 11. The drawer 3 is closed.",
      "act": "open drawer 3",
      "thought": "I am now in/on: shelf 1\nCritical objects I have found:\ncellphone 2 (shelf 1)\nObjects I have taken:\ncellphone 2\nI am holding the cellphone (2) and need to put it in drawer 3, but the drawer is closed. I need to open it first."
    },
    {
      "obs": "You open the drawer 3. The drawer 3 is open. In it, you see nothing.",
      "act": "put cellphone 2 in/on drawer 3",
      "thought": "I am now in/on: drawer 3\nCritical objects I have found:\ncellphone 2 (shelf 1)\nObjects I have taken:\ncellphone 2\nNow that drawer 3 is open and I have the cellphone (2), I can put it in the drawer to complete the task."
    },
    {
      "obs": "You put the cellphone 2 in/on the drawer 3.",
      "act": "close drawer 3"
    }
  ]
}