{
  "task": "put a spraybottle in toilet.",
  "traj": [
    {
      "obs": "You are in the middle of a room. Looking quickly around you, you see a bathtubbasin 1, a drawer 1, a garbagecan 1, a handtowelholder 1, a sidetable 1, a sinkbasin 1, a toilet 1, a toiletpaperhanger 1, a towelholder 1, and a towelholder 2.",
      "act": "go to garbagecan 1",
      "thought": "I am now in/on: the middle of a room\nCritical objects I have found:\nNone\nObjects I have taken:\nNone\nTo solve the task, I need to find and take a spraybottle, then put it in the toilet. First, I need to find a spraybottle. A spraybottle is more likely to appear in drawers, sidetables, or garbagecans. I will start by checking the garbagecan 1."
    },
    {
      "obs": "You arrive at loc 6. On the garbagecan 1, you see nothing.",
      "act": "go to drawer 1",
      "thought": "I am now in/on: garbagecan 1\nCritical objects I have found:\nNone\nObjects I have taken:\nNone\nIn garbagecan 1, there is no spraybottle. Next, I need to check drawer 1."
    },
    {
      "obs": "You arrive at loc 12. The drawer 1 is closed.",
      "act": "open drawer 1",
      "thought": "I am now in/on: garbagecan 1\nCritical objects I have found:\nNone\nObjects I have taken:\nNone\nTo see objects in drawer 1, I have to open it first."
    },
    {
      "obs": "You open the drawer 1. The drawer 1 is open. In it, you see nothing.",
      "act": "go to toilet 1",
      "thought": "I am now in/on: drawer 1\nCritical objects I have found:\nNone\nObjects I have taken:\nNone\nIn drawer 1, there is no spraybottle. Next, I need to check the toilet 1, as sometimes items can be found on or around it."
    },
    {
      "obs": "You arrive at loc 4. On the toilet 1, you see a soapbottle 1, a soapbottle 2, and a toiletpaper 1.",
      "act": "go to sidetable 1",
      "thought": "I am now in/on: toilet 1\nCritical objects I have found:\nNone\nObjects I have taken:\nNone\nOn toilet 1, there is no spraybottle. Next, I need to check sidetable 1."
    },
    {
      "obs": "You arrive at loc 14. On the sidetable 1, you see a candle 2, a houseplant 1, a spraybottle 1, a spraybottle 2, and a spraybottle 3.",
      "act": "take spraybottle 1 from sidetable 1",
      "thought": "I am now in/on: sidetable 1\nCritical objects I have found:\nspraybottle 1 (sidetable 1)\nObjects I have taken:\nNone\nNow I find a spraybottle (1). Next, I need to take it."
    },
    {
      "obs": "You pick up the spraybottle 1 from the sidetable 1.",
      "act": "go to toilet 1",
      "thought": "I am now in/on: sidetable 1\nCritical objects I have found:\nspraybottle 1 (sidetable 1)\nObjects I have taken:\nspraybottle 1\nNow I have taken a spraybottle (1). Next, I need to go to and put it in the toilet 1."
    },
    {
      "obs": "You pick up the spraybottle 1 from the sidetable 1.",
      "act": "put spraybottle 1 in/on toilet 1",
      "thought": "I am now in/on: sidetable 1\nCritical objects I have found:\nspraybottle 1 (sidetable 1)\nObjects I have taken:\nspraybottle 1\nNow I have taken a spraybottle (1). Next, I need to go to and put it in the toilet 1."
    },
    {
      "obs": "You put the spraybottle 1 in/on the toilet 1.",
      "act": "go to garbagecan 1"
    }
  ]
}