{
  "task": "put a spraybottle in toilet.",
  "traj": [
    {
      "obs": "You are in the middle of a room. Looking quickly around you, you see a bathtubbasin 1, a cabinet 1, a cabinet 2, a cabinet 3, a cabinet 4, a cabinet 5, a countertop 1, a countertop 2, a drawer 1, a drawer 2, a garbagecan 1, a handtowelholder 1, a shelf 1, a shelf 2, a sinkbasin 1, a toilet 1, a toiletpaperhanger 1, and a towelholder 1.",
      "act": "go to cabinet 4",
      "thought": "I am now in/on: the middle of a room\nCritical objects I have found:\nNone\nObjects I have taken:\nNone\nTo solve the task, I need to find and take a spraybottle, then put it in the toilet. First, I need to find a spraybottle. A spraybottle is more likely to appear in cabinets (1-5), countertops (1-2), drawers (1-2), or possibly the garbagecan (1). I will check the cabinets first, starting with cabinet 4."
    },
    {
      "obs": "You arrive at loc 15. The cabinet 4 is closed.",
      "act": "open cabinet 4",
      "thought": "I am now in/on: cabinet 4\nCritical objects I have found:\nNone\nObjects I have taken:\nNone\nTo see objects in cabinet 4, I have to open it first."
    },
    {
      "obs": "You open the cabinet 4. The cabinet 4 is open. In it, you see a candle 3, and a spraybottle 1.",
      "act": "take spraybottle 1 from cabinet 4",
      "thought": "I am now in/on: cabinet 4\nCritical objects I have found:\nspraybottle 1 (cabinet 4)\nObjects I have taken:\nNone\nNow I have found a spraybottle (1) in cabinet 4. Next, I need to take it."
    },
    {
      "obs": "You pick up the spraybottle 1 from the cabinet 4.",
      "act": "go to toilet 1",
      "thought": "I am now in/on: cabinet 4\nCritical objects I have found:\nspraybottle 1 (cabinet 4)\nObjects I have taken:\nspraybottle 1\nNow I have taken the spraybottle (1). Next, I need to go to the toilet to put it in."
    },
    {
      "obs": "You arrive at loc 8. On the toilet 1, you see a soapbar 1, and a toiletpaper 1.",
      "act": "put spraybottle 1 in/on toilet 1",
      "thought": "I am now in/on: toilet 1\nCritical objects I have found:\nspraybottle 1 (cabinet 4)\nObjects I have taken:\nspraybottle 1\nNow I am at the toilet 1. Next, I need to put the spraybottle 1 in/on it."
    },
    {
      "obs": "You put the spraybottle 1 in/on the toilet 1.",
      "act": "go to cabinet 4"
    }
  ]
}