{
  "task": "put a candle in sidetable.",
  "traj": [
    {
      "obs": "You are in the middle of a room. Looking quickly around you, you see a bathtubbasin 1, a drawer 1, a garbagecan 1, a handtowelholder 1, a sidetable 1, a sinkbasin 1, a toilet 1, a toiletpaperhanger 1, a towelholder 1, and a towelholder 2.",
      "act": "go to drawer 1",
      "thought": "I am now in/on: the middle of a room\nCritical objects I have found:\nNone\nObjects I have taken:\nNone\nTo solve the task, I need to find and take a candle, then put it in the sidetable. First, I need to find a candle. A candle is more likely to be found in drawers, sidetables, or possibly on a sinkbasin. I will start by checking the drawer 1."
    },
    {
      "obs": "You arrive at loc 12. The drawer 1 is closed.",
      "act": "open drawer 1",
      "thought": "I am now in/on: drawer 1\nCritical objects I have found:\nNone\nObjects I have taken:\nNone\nTo see objects in drawer 1, I have to open it first."
    },
    {
      "obs": "You open the drawer 1. The drawer 1 is open. In it, you see nothing.",
      "act": "go to toilet 1",
      "thought": "I am now in/on: drawer 1\nCritical objects I have found:\nNone\nObjects I have taken:\nNone\nThe drawer 1 is empty, so there is no candle here. I will now check around the toilet 1 area, as sometimes items can be placed on top of or near the toilet. If I don't find a candle there, I will proceed to check the sidetable 1 and sinkbasin 1 next."
    },
    {
      "obs": "You arrive at loc 3. On the toilet 1, you see a candle 1, a candle 2, a soapbottle 1, a spraybottle 1, and a spraybottle 2.",
      "act": "take candle 2 from toilet 1",
      "thought": "I am now in/on: toilet 1\nCritical objects I have found:\ncandle 2 (toilet 1)\nObjects I have taken:\nNone\nI have found a candle (2) on the toilet 1. Next, I need to take it."
    },
    {
      "obs": "You pick up the candle 2 from the toilet 1.",
      "act": "go to sidetable 1",
      "thought": "I am now in/on: toilet 1\nCritical objects I have found:\ncandle 2 (toilet 1)\nObjects I have taken:\ncandle 2\nNow that I have taken the candle (2), I need to go to the sidetable 1 to place it there as per the task instructions."
    },
    {
      "obs": "You arrive at loc 14. On the sidetable 1, you see a houseplant 1, a soapbar 1, a soapbottle 2, a spraybottle 3, a toiletpaper 2, and a toiletpaper 3.",
      "act": "put candle 2 in/on sidetable 1",
      "thought": "I am now in/on: sidetable 1\nCritical objects I have found:\ncandle 2 (toilet 1)\nObjects I have taken:\ncandle 2\nI am at the sidetable 1 with the candle 2. Now I need to put the candle 2 in/on the sidetable 1 to complete the task."
    },
    {
      "obs": "You put the candle 2 in/on the sidetable 1.",
      "act": "go to drawer 1"
    }
  ]
}