{
  "task": "put a soapbottle in cabinet.",
  "traj": [
    {
      "obs": "You are in the middle of a room. Looking quickly around you, you see a cabinet 1, a cabinet 2, a cabinet 3, a cabinet 4, a countertop 1, a garbagecan 1, a handtowelholder 1, a sinkbasin 1, a sinkbasin 2, a toilet 1, a toiletpaperhanger 1, and a towelholder 1.",
      "act": "go to cabinet 1",
      "thought": "I am now in/on: the middle of a room\nCritical objects I have found:\nNone\nObjects I have taken:\nNone\nTo solve the task, I need to find and take a soapbottle, then put it in a cabinet. First, I need to find a soapbottle. A soapbottle is more likely to appear in cabinets (1-4), countertop (1), or sinkbasins (1-2). I will check one by one, starting with cabinet 1."
    },
    {
      "obs": "You arrive at loc 10. The cabinet 1 is closed.",
      "act": "open cabinet 1",
      "thought": "I am now in/on: cabinet 1\nCritical objects I have found:\nNone\nObjects I have taken:\nNone\nTo see objects in cabinet 1, I have to open it first."
    },
    {
      "obs": "You open the cabinet 1. The cabinet 1 is open. In it, you see nothing.",
      "act": "go to countertop 1",
      "thought": "I am now in/on: cabinet 1\nCritical objects I have found:\nNone\nObjects I have taken:\nNone\nCabinet 1 is empty. Next, I need to check countertop 1 for a soapbottle."
    },
    {
      "obs": "You arrive at loc 5. On the countertop 1, you see a soapbottle 1, and a toiletpaper 1.",
      "act": "take soapbottle 1 from countertop 1",
      "thought": "I am now in/on: countertop 1\nCritical objects I have found:\nsoapbottle 1 (countertop 1)\nObjects I have taken:\nNone\nI have found a soapbottle (1) on the countertop 1. Next, I need to take it."
    },
    {
      "obs": "You pick up the soapbottle 1 from the countertop 1.",
      "act": "go to cabinet 1",
      "thought": "I am now in/on: countertop 1\nCritical objects I have found:\nsoapbottle 1 (countertop 1)\nObjects I have taken:\nsoapbottle 1\nNow that I have the soapbottle (1), I need to put it in a cabinet. I will go back to cabinet 1 since it is open and empty."
    },
    {
      "obs": "You pick up the soapbottle 1 from the countertop 1.",
      "act": "open cabinet 1",
      "thought": "It seems there was a mistake in the observation, as I was already at cabinet 1 and it was already open. I will correct this and proceed with the task."
    },
    {
      "obs": "You pick up the soapbottle 1 from the countertop 1.",
      "act": "put soapbottle 1 in/on cabinet 1",
      "thought": "It seems there was a mistake in the observation, as I was already at cabinet 1 and it was already open. I will correct this and proceed with the task. Now that I have the soapbottle (1), I need to put it in cabinet 1."
    },
    {
      "obs": "You put the soapbottle 1 in/on the cabinet 1.",
      "act": "close cabinet 1"
    }
  ]
}