{
  "task": "put a handtowel in countertop.",
  "traj": [
    {
      "obs": "You are in the middle of a room. Looking quickly around you, you see a countertop 1, a drawer 1, a drawer 2, a garbagecan 1, a handtowelholder 1, a handtowelholder 2, a sinkbasin 1, a sinkbasin 2, a toilet 1, a toiletpaperhanger 1, and a towelholder 1.",
      "act": "go to handtowelholder 1",
      "thought": "I am now in/on: the middle of a room\nCritical objects I have found:\nNone\nObjects I have taken:\nNone\nTo solve the task, I need to find and take a handtowel, then put it on the countertop. First, I need to find a handtowel. A handtowel is likely to be on a handtowelholder. I will check handtowelholder 1 first."
    },
    {
      "obs": "You arrive at loc 1. On the handtowelholder 1, you see a handtowel 1.",
      "act": "take handtowel 1 from handtowelholder 1",
      "thought": "I am now in/on: handtowelholder 1\nCritical objects I have found:\nhandtowel 1 (handtowelholder 1)\nObjects I have taken:\nNone\nNow I have found a handtowel (1). Next, I need to take it from the handtowelholder 1."
    },
    {
      "obs": "You pick up the handtowel 1 from the handtowelholder 1.",
      "act": "go to countertop 1",
      "thought": "I am now in/on: handtowelholder 1\nCritical objects I have found:\nhandtowel 1 (handtowelholder 1)\nObjects I have taken:\nhandtowel 1\n\nNow I have taken the handtowel (1). Next, I need to go to the countertop 1 to put the handtowel on it."
    },
    {
      "obs": "You arrive at loc 9. On the countertop 1, you see a candle 2, a soapbottle 1, and a toiletpaper 1.",
      "act": "put handtowel 1 in/on countertop 1",
      "thought": "I am now in/on: countertop 1\nCritical objects I have found:\nhandtowel 1 (handtowelholder 1)\nObjects I have taken:\nhandtowel 1\n\nNow I am at the countertop 1. Next, I need to put the handtowel 1 on it."
    },
    {
      "obs": "You put the handtowel 1 in/on the countertop 1.",
      "act": "go to handtowelholder 1"
    }
  ]
}