{
  "task": "put some dishsponge on toilet.",
  "traj": [
    {
      "obs": "You are in the middle of a room. Looking quickly around you, you see a bathtubbasin 1, a cart 1, a countertop 1, a drawer 1, a drawer 2, a drawer 3, a drawer 4, a garbagecan 1, a handtowelholder 1, a shelf 1, a sinkbasin 1, a toilet 1, a toiletpaperhanger 1, and a towelholder 1.",
      "act": "go to drawer 2",
      "thought": "I am now in/on: the middle of a room\nCritical objects I have found:\nNone\nObjects I have taken:\nNone\nTo solve the task, I need to find and take a dishsponge, then put it on the toilet. First, I need to find a dishsponge. A dishsponge is more likely to appear in drawers (1-4), countertop (1), or sinkbasin (1). I will check one by one, starting with drawer 2."
    },
    {
      "obs": "You arrive at loc 22. The drawer 2 is closed.",
      "act": "open drawer 2",
      "thought": "I am now in/on: drawer 2\nCritical objects I have found:\nNone\nObjects I have taken:\nNone\nTo see objects in drawer 2, I have to open it first."
    },
    {
      "obs": "You open the drawer 2. The drawer 2 is open. In it, you see nothing.",
      "act": "go to garbagecan 1",
      "thought": "I am now in/on: drawer 2\nCritical objects I have found:\nNone\nObjects I have taken:\nNone\nDrawer 2 is empty, so there is no dishsponge there. Next, I need to check the garbagecan 1, as sometimes items that are not in their usual place can be found there."
    },
    {
      "obs": "You arrive at loc 3. On the garbagecan 1, you see nothing.",
      "act": "go to drawer 4",
      "thought": "I am now in/on: garbagecan 1\nCritical objects I have found:\nNone\nObjects I have taken:\nNone\nThe garbagecan 1 is empty, so there is no dishsponge there. Next, I need to check drawer 4."
    },
    {
      "obs": "You arrive at loc 12. The drawer 4 is closed.",
      "act": "open drawer 4",
      "thought": "I am now in/on: drawer 4\nCritical objects I have found:\nNone\nObjects I have taken:\nNone\nTo see objects in drawer 4, I have to open it first."
    },
    {
      "obs": "You open the drawer 4. The drawer 4 is open. In it, you see nothing.",
      "act": "go to toilet 1",
      "thought": "I am now in/on: drawer 4\nCritical objects I have found:\nNone\nObjects I have taken:\nNone\nDrawer 4 is empty, so there is no dishsponge there. I have not yet checked drawer 1, drawer 3, countertop 1, or sinkbasin 1. Since I am closer to the toilet now, I will check the toilet to see if the dishsponge is there by any chance before proceeding to the other locations."
    },
    {
      "obs": "You arrive at loc 8. On the toilet 1, you see a soapbottle 1, and a toiletpaper 2.",
      "act": "go to drawer 1",
      "thought": "I am now in/on: toilet 1\nCritical objects I have found:\nNone\nObjects I have taken:\nNone\nThe toilet 1 does not have a dishsponge. Next, I need to check drawer 1."
    },
    {
      "obs": "You arrive at loc 22. The drawer 1 is closed.",
      "act": "open drawer 1",
      "thought": "I am now in/on: drawer 1\nCritical objects I have found:\nNone\nObjects I have taken:\nNone\nTo see objects in drawer 1, I have to open it first."
    },
    {
      "obs": "You open the drawer 1. The drawer 1 is open. In it, you see nothing.",
      "act": "go to shelf 1",
      "thought": "I am now in/on: drawer 1\nCritical objects I have found:\nNone\nObjects I have taken:\nNone\nDrawer 1 is empty, so there is no dishsponge there. Next, I need to check shelf 1."
    },
    {
      "obs": "You arrive at loc 19. On the shelf 1, you see a tissuebox 1.",
      "act": "go to bathtubbasin 1",
      "thought": "I am now in/on: shelf 1\nCritical objects I have found:\nNone\nObjects I have taken:\nNone\nOn shelf 1, there is no dishsponge. Next, I need to check bathtubbasin 1."
    },
    {
      "obs": "You arrive at loc 14. On the bathtubbasin 1, you see a dishsponge 2.",
      "act": "take dishsponge 2 from bathtubbasin 1",
      "thought": "I am now in/on: bathtubbasin 1\nCritical objects I have found:\ndishsponge 2 (bathtubbasin 1)\nObjects I have taken:\nNone\nNow I find a dishsponge (2). Next, I need to take it."
    },
    {
      "obs": "You pick up the dishsponge 2 from the bathtubbasin 1.",
      "act": "go to toilet 1",
      "thought": "I am now in/on: bathtubbasin 1\nCritical objects I have found:\ndishsponge 2 (bathtubbasin 1)\nObjects I have taken:\ndishsponge 2\nNow I have taken the dishsponge (2). Next, I need to go to and put it on the toilet 1."
    },
    {
      "obs": "You arrive at loc 8. On the toilet 1, you see a soapbottle 1, and a toiletpaper 2.",
      "act": "put dishsponge 2 in/on toilet 1",
      "thought": "I am now in/on: toilet 1\nCritical objects I have found:\ndishsponge 2 (bathtubbasin 1)\nObjects I have taken:\ndishsponge 2\nNow I am at the toilet 1. Next, I need to put the dishsponge 2 on it."
    },
    {
      "obs": "You put the dishsponge 2 in/on the toilet 1.",
      "act": "go to drawer 2"
    }
  ]
}