{
  "task": "put a soapbar in cart.",
  "traj": [
    {
      "obs": "You are in the middle of a room. Looking quickly around you, you see a bathtubbasin 1, a cart 1, a garbagecan 1, a handtowelholder 1, a handtowelholder 2, a shelf 1, a shelf 2, a shelf 3, a shelf 4, a sinkbasin 1, a toilet 1, a toiletpaperhanger 1, a towelholder 1, and a towelholder 2.",
      "act": "go to sinkbasin 1",
      "thought": "I am now in/on: the middle of a room\nCritical objects I have found:\nNone\nObjects I have taken:\nNone\nTo solve the task, I need to find and take a soapbar, then put it in the cart. First, I need to find a soapbar. A soapbar is more likely to appear near a sinkbasin, on shelves, or in a cart. I will start by checking the sinkbasin 1."
    },
    {
      "obs": "You arrive at loc 16. On the sinkbasin 1, you see nothing.",
      "act": "go to garbagecan 1",
      "thought": "I am now in/on: sinkbasin 1\nCritical objects I have found:\nNone\nObjects I have taken:\nNone\nThere is no soapbar on the sinkbasin 1. Next, I need to check the garbagecan 1, as sometimes items that are to be reused or have been misplaced can be found there."
    },
    {
      "obs": "You arrive at loc 3. On the garbagecan 1, you see a soapbar 1, and a spraybottle 2.",
      "act": "take soapbar 1 from garbagecan 1",
      "thought": "I am now in/on: garbagecan 1\nCritical objects I have found:\nsoapbar 1 (garbagecan 1)\nObjects I have taken:\nNone\nI have found a soapbar (1) in the garbagecan 1. Next, I need to take it."
    },
    {
      "obs": "You pick up the soapbar 1 from the garbagecan 1.",
      "act": "go to cart 1",
      "thought": "I am now in/on: garbagecan 1\nCritical objects I have found:\nsoapbar 1 (garbagecan 1)\nObjects I have taken:\nsoapbar 1\nNow that I have the soapbar (1), I need to go to the cart 1 to put it in."
    },
    {
      "obs": "You arrive at loc 17. On the cart 1, you see a papertowelroll 1.",
      "act": "put soapbar 1 in/on cart 1",
      "thought": "I am now in/on: cart 1\nCritical objects I have found:\nsoapbar 1 (garbagecan 1)\nObjects I have taken:\nsoapbar 1\nNow I am at the cart 1. Next, I need to put the soapbar 1 in/on it."
    },
    {
      "obs": "You put the soapbar 1 in/on the cart 1.",
      "act": "go to sinkbasin 1"
    }
  ]
}