{
  "task": "put a pen in sidetable.",
  "traj": [
    {
      "obs": "You are in the middle of a room. Looking quickly around you, you see a armchair 1, a bed 1, a cabinet 1, a cabinet 2, a cabinet 3, a cabinet 4, a drawer 1, a drawer 2, a drawer 3, a drawer 4, a drawer 5, a drawer 6, a dresser 1, a garbagecan 1, a sidetable 1, and a sidetable 2.",
      "act": "go to drawer 5",
      "thought": "I am now in/on: the middle of a room\nCritical objects I have found:\nNone\nObjects I have taken:\nNone\nTo solve the task, I need to find and take a pen, then put it in a sidetable. First, I need to find a pen. A pen is more likely to appear in drawers (1-6), cabinets (1-4), or on sidetables (1-2). I will check one by one, starting with drawer 5."
    },
    {
      "obs": "You arrive at loc 2. On the drawer 5, you see nothing.",
      "act": "go to sidetable 1",
      "thought": "I am now in/on: drawer 5\nCritical objects I have found:\nNone\nObjects I have taken:\nNone\nIn drawer 5, there is no pen. Next, I need to check sidetable 1."
    },
    {
      "obs": "You arrive at loc 4. On the sidetable 1, you see a mug 1.",
      "act": "go to drawer 2",
      "thought": "I am now in/on: sidetable 1\nCritical objects I have found:\nNone\nObjects I have taken:\nNone\nOn sidetable 1, there is no pen. Next, I need to check drawer 2."
    },
    {
      "obs": "You arrive at loc 7. The drawer 2 is closed.",
      "act": "open drawer 2",
      "thought": "I am now in/on: drawer 2\nCritical objects I have found:\nNone\nObjects I have taken:\nNone\nTo see objects in drawer 2, I have to open it first."
    },
    {
      "obs": "You open the drawer 2. The drawer 2 is open. In it, you see nothing.",
      "act": "go to drawer 1",
      "thought": "I am now in/on: drawer 2\nCritical objects I have found:\nNone\nObjects I have taken:\nNone\nIn drawer 2, there is no pen. Next, I need to check drawer 1."
    },
    {
      "obs": "You arrive at loc 6. The drawer 1 is closed.",
      "act": "open drawer 1",
      "thought": "I am now in/on: drawer 1\nCritical objects I have found:\nNone\nObjects I have taken:\nNone\nTo see objects in drawer 1, I have to open it first."
    },
    {
      "obs": "You open the drawer 1. The drawer 1 is open. In it, you see a cd 3.",
      "act": "go to drawer 3",
      "thought": "I am now in/on: drawer 1\nCritical objects I have found:\nNone\nObjects I have taken:\nNone\nIn drawer 1, there is no pen. Next, I need to check drawer 3."
    },
    {
      "obs": "You arrive at loc 8. The drawer 3 is closed.",
      "act": "open drawer 3",
      "thought": "I am now in/on: drawer 3\nCritical objects I have found:\nNone\nObjects I have taken:\nNone\nTo see objects in drawer 3, I have to open it first."
    },
    {
      "obs": "You open the drawer 3. The drawer 3 is open. In it, you see nothing.",
      "act": "go to dresser 1",
      "thought": "I am now in/on: drawer 3\nCritical objects I have found:\nNone\nObjects I have taken:\nNone\nIn drawer 3, there is no pen. Next, I need to check dresser 1."
    },
    {
      "obs": "You arrive at loc 5. On the dresser 1, you see a alarmclock 1, a cd 1, a cd 2, a cellphone 1, a creditcard 1, a pen 1, a pen 2, a pen 3, a pencil 1, and a pencil 2.",
      "act": "take pen 2 from dresser 1",
      "thought": "I am now in/on: dresser 1\nCritical objects I have found:\npen 2 (dresser 1)\nObjects I have taken:\nNone\nNow I find pens on dresser 1. Next, I need to take one of them."
    },
    {
      "obs": "You pick up the pen 2 from the dresser 1.",
      "act": "go to sidetable 1",
      "thought": "I am now in/on: dresser 1\nCritical objects I have found:\npen 2 (dresser 1)\nObjects I have taken:\npen 2\nNow I have taken pen 2. Next, I need to go to and put it in/on sidetable 1."
    },
    {
      "obs": "You arrive at loc 4. On the sidetable 1, you see a mug 1.",
      "act": "put pen 2 in/on sidetable 1",
      "thought": "I am now in/on: sidetable 1\nCritical objects I have found:\npen 2 (dresser 1)\nObjects I have taken:\npen 2\nNow I am at sidetable 1. Next, I need to put pen 2 in/on it."
    },
    {
      "obs": "You put the pen 2 in/on the sidetable 1.",
      "act": "go to drawer 5"
    }
  ]
}