{
  "task": "put a book in armchair.",
  "traj": [
    {
      "obs": "You are in the middle of a room. Looking quickly around you, you see a armchair 1, a coffeetable 1, a drawer 1, a drawer 2, a drawer 3, a drawer 4, a dresser 1, a garbagecan 1, a sidetable 1, a sidetable 2, and a sofa 1.",
      "act": "go to drawer 1",
      "thought": "I am now in/on: the middle of a room\nCritical objects I have found:\nNone\nObjects I have taken:\nNone\nTo solve the task, I need to find and take a book, then put it in the armchair. First, I need to find a book. A book is more likely to appear in drawers (1-4), dresser (1), sidetables (1-2), or coffeetable (1). I will check one by one, starting with drawer 1."
    },
    {
      "obs": "You arrive at loc 20. The drawer 1 is closed.",
      "act": "open drawer 1",
      "thought": "I am now in/on: drawer 1\nCritical objects I have found:\nNone\nObjects I have taken:\nNone\nTo see objects in drawer 1, I have to open it first."
    },
    {
      "obs": "You open the drawer 1. The drawer 1 is open. In it, you see a creditcard 1.",
      "act": "go to drawer 2",
      "thought": "I am now in/on: drawer 1\nCritical objects I have found:\nNone\nObjects I have taken:\nNone\nIn drawer 1, there is no book. Next, I need to check drawer 2."
    },
    {
      "obs": "You arrive at loc 13. On the drawer 2, you see a watch 1.",
      "act": "go to drawer 4",
      "thought": "I am now in/on: drawer 2\nCritical objects I have found:\nNone\nObjects I have taken:\nNone\nIn drawer 2, there is no book. I accidentally skipped drawer 3, so I need to check drawer 3 next."
    },
    {
      "obs": "You arrive at loc 2. The drawer 4 is closed.",
      "act": "open drawer 4",
      "thought": "I am now in/on: drawer 2\nCritical objects I have found:\nNone\nObjects I have taken:\nNone\nI intended to check drawer 3 but mistakenly went to drawer 4. Since I am already here, I will open drawer 4 to check for a book."
    },
    {
      "obs": "You open the drawer 4. The drawer 4 is open. In it, you see nothing.",
      "act": "go to coffeetable 1",
      "thought": "I am now in/on: drawer 4\nCritical objects I have found:\nNone\nObjects I have taken:\nNone\nIn drawer 4, there is no book. Next, I need to check the coffeetable 1."
    },
    {
      "obs": "You arrive at loc 5. On the coffeetable 1, you see a book 1, a laptop 1, a remotecontrol 1, a watch 2, and a watch 3.",
      "act": "take book 1 from coffeetable 1",
      "thought": "I am now in/on: coffeetable 1\nCritical objects I have found:\nbook 1 (coffeetable 1)\nObjects I have taken:\nNone\nNow I have found a book (1) on the coffeetable 1. Next, I need to take it."
    },
    {
      "obs": "You pick up the book 1 from the coffeetable 1.",
      "act": "go to armchair 1",
      "thought": "I am now in/on: coffeetable 1\nCritical objects I have found:\nbook 1 (coffeetable 1)\nObjects I have taken:\nbook 1\nNow I have taken the book (1). Next, I need to go to the armchair and put the book in it."
    },
    {
      "obs": "You arrive at loc 19. On the armchair 1, you see nothing.",
      "act": "put book 1 in/on armchair 1",
      "thought": "I am now in/on: armchair 1\nCritical objects I have found:\nbook 1 (coffeetable 1)\nObjects I have taken:\nbook 1\nNow I am at the armchair 1. Next, I need to put the book 1 in/on it."
    },
    {
      "obs": "You put the book 1 in/on the armchair 1.",
      "act": "go to drawer 1"
    }
  ]
}