{
  "task": "put a soapbottle in toilet.",
  "traj": [
    {
      "obs": "You are in the middle of a room. Looking quickly around you, you see a cabinet 1, a cabinet 2, a cabinet 3, a cabinet 4, a countertop 1, a garbagecan 1, a handtowelholder 1, a handtowelholder 2, a sinkbasin 1, a sinkbasin 2, a toilet 1, a toiletpaperhanger 1, and a towelholder 1.",
      "act": "go to garbagecan 1",
      "thought": "I am now in/on: the middle of a room\nCritical objects I have found:\nNone\nObjects I have taken:\nNone\nTo solve the task, I need to find and take a soapbottle, then put it in the toilet. First, I need to find a soapbottle. A soapbottle is more likely to appear in cabinets (1-4), countertop (1), or sinkbasins (1-2). I will start by checking the garbagecan 1, as it is also a possible location for a soapbottle, though less likely."
    },
    {
      "obs": "You arrive at loc 10. On the garbagecan 1, you see a soapbar 1, and a soapbar 2.",
      "act": "go to cabinet 1",
      "thought": "I am now in/on: garbagecan 1\nCritical objects I have found:\nNone\nObjects I have taken:\nNone\nIn the garbagecan 1, there is no soapbottle. Next, I need to check cabinet 1 for a soapbottle."
    },
    {
      "obs": "You arrive at loc 14. On the cabinet 1, you see a candle 2.",
      "act": "go to cabinet 3",
      "thought": "I am now in/on: cabinet 1\nCritical objects I have found:\nNone\nObjects I have taken:\nNone\nIn cabinet 1, there is no soapbottle. Next, I need to check cabinet 3 for a soapbottle."
    },
    {
      "obs": "You arrive at loc 1. The cabinet 3 is closed.",
      "act": "open cabinet 3",
      "thought": "I am now in/on: cabinet 1\nCritical objects I have found:\nNone\nObjects I have taken:\nNone\nCabinet 1 did not have a soapbottle. I will now attempt to open cabinet 3 to see if there is a soapbottle inside."
    },
    {
      "obs": "You open the cabinet 3. The cabinet 3 is open. In it, you see a cloth 1.",
      "act": "go to cabinet 4",
      "thought": "I am now in/on: cabinet 3\nCritical objects I have found:\nNone\nObjects I have taken:\nNone\nIn cabinet 3, there is no soapbottle. Next, I need to check cabinet 4 for a soapbottle."
    },
    {
      "obs": "You arrive at loc 2. The cabinet 4 is closed.",
      "act": "open cabinet 4",
      "thought": "I am now in/on: cabinet 3\nCritical objects I have found:\nNone\nObjects I have taken:\nNone\nCabinet 3 did not have a soapbottle. I will now attempt to open cabinet 4 to see if there is a soapbottle inside."
    },
    {
      "obs": "You open the cabinet 4. The cabinet 4 is open. In it, you see nothing.",
      "act": "go to toilet 1",
      "thought": "I am now in/on: cabinet 4\nCritical objects I have found:\nNone\nObjects I have taken:\nNone\nIn cabinet 4, there is no soapbottle. I have checked cabinets 1, 3, and 4, and the garbagecan 1, but have not found a soapbottle. I will now go to the toilet 1 to see if there is a soapbottle there by chance before continuing to search other locations."
    },
    {
      "obs": "You arrive at loc 7. On the toilet 1, you see a candle 3, a soapbar 3, a spraybottle 2, a spraybottle 3, and a toiletpaper 2.",
      "act": "go to countertop 1",
      "thought": "I am now in/on: toilet 1\nCritical objects I have found:\nNone\nObjects I have taken:\nNone\nOn toilet 1, there is no soapbottle. I have checked the garbagecan 1, cabinets 1, 3, and 4, and the toilet 1, but have not found a soapbottle. Next, I need to check the countertop 1 for a soapbottle."
    },
    {
      "obs": "You arrive at loc 16. On the countertop 1, you see a candle 1, a soapbottle 1, and a soapbottle 2.",
      "act": "take soapbottle 2 from countertop 1",
      "thought": "I am now in/on: countertop 1\nCritical objects I have found:\nsoapbottle 2 (countertop 1)\nObjects I have taken:\nNone\nOn countertop 1, I have found a soapbottle (2). Next, I need to take it."
    },
    {
      "obs": "You pick up the soapbottle 2 from the countertop 1.",
      "act": "go to toilet 1",
      "thought": "I am now in/on: countertop 1\nCritical objects I have found:\nsoapbottle 2 (countertop 1)\nObjects I have taken:\nsoapbottle 2\nNow that I have the soapbottle (2), I need to go to the toilet 1 to put it there."
    },
    {
      "obs": "You pick up the soapbottle 2 from the countertop 1.",
      "act": "put soapbottle 2 in/on toilet 1",
      "thought": "I am now in/on: countertop 1\nCritical objects I have found:\nsoapbottle 2 (countertop 1)\nObjects I have taken:\nsoapbottle 2\nI have taken the soapbottle (2) from the countertop 1. Now I need to put it in/on the toilet 1."
    },
    {
      "obs": "You put the soapbottle 2 in/on the toilet 1.",
      "act": "go to garbagecan 1"
    }
  ]
}