{
  "task": "put some creditcard on shelf.",
  "traj": [
    {
      "obs": "You are in the middle of a room. Looking quickly around you, you see a bed 1, a desk 1, a drawer 1, a drawer 2, a garbagecan 1, a shelf 1, and a sidetable 1.",
      "act": "go to desk 1",
      "thought": "I am now in/on: the middle of a room\nCritical objects I have found:\nNone\nObjects I have taken:\nNone\nTo solve the task, I need to find and take a credit card, then put it on the shelf. First, I need to find a credit card. A credit card is more likely to appear in places where personal items are kept, such as desks (1), drawers (1-2), sidetables (1), or even garbagecans (1). I will start by checking the desk 1."
    },
    {
      "obs": "You arrive at loc 13. On the desk 1, you see a alarmclock 1, a alarmclock 2, a bowl 1, a bowl 2, a cellphone 1, a desklamp 1, a houseplant 1, a laptop 1, a pen 1, and a pen 2.",
      "act": "go to drawer 2",
      "thought": "I am now in/on: desk 1\nCritical objects I have found:\nNone\nObjects I have taken:\nNone\nOn desk 1, there is no credit card. Next, I need to check drawer 2."
    },
    {
      "obs": "You arrive at loc 15. The drawer 2 is closed.",
      "act": "open drawer 2",
      "thought": "I am now in/on: desk 1\nCritical objects I have found:\nNone\nObjects I have taken:\nNone\nDrawer 2 is closed, so I need to open it to check for a credit card inside."
    },
    {
      "obs": "You open the drawer 2. The drawer 2 is open. In it, you see a cd 2.",
      "act": "go to drawer 1",
      "thought": "I am now in/on: drawer 2\nCritical objects I have found:\nNone\nObjects I have taken:\nNone\nIn drawer 2, there is no credit card. Next, I need to check drawer 1."
    },
    {
      "obs": "You arrive at loc 1. On the drawer 1, you see nothing.",
      "act": "go to sidetable 1",
      "thought": "I am now in/on: drawer 1\nCritical objects I have found:\nNone\nObjects I have taken:\nNone\nDrawer 1 is empty, so there is no credit card there. Next, I need to check sidetable 1."
    },
    {
      "obs": "You arrive at loc 9. On the sidetable 1, you see a alarmclock 3, a cd 1, a creditcard 1, and a pen 3.",
      "act": "take creditcard 1 from sidetable 1",
      "thought": "I am now in/on: sidetable 1\nCritical objects I have found:\ncreditcard 1 (sidetable 1)\nObjects I have taken:\nNone\nI have found a credit card (1) on the sidetable 1. Next, I need to take it."
    },
    {
      "obs": "You pick up the creditcard 1 from the sidetable 1.",
      "act": "go to shelf 1",
      "thought": "I am now in/on: sidetable 1\nCritical objects I have found:\ncreditcard 1 (sidetable 1)\nObjects I have taken:\ncreditcard 1\nNow that I have the credit card (1), I need to go to the shelf 1 to put it there."
    },
    {
      "obs": "You arrive at loc 7. On the shelf 1, you see a keychain 1, a pencil 1, and a pencil 2.",
      "act": "put creditcard 1 in/on shelf 1",
      "thought": "I am now in/on: shelf 1\nCritical objects I have found:\ncreditcard 1 (sidetable 1)\nObjects I have taken:\ncreditcard 1\nNow I am at the shelf 1. Next, I need to put the credit card 1 in/on it."
    },
    {
      "obs": "You put the creditcard 1 in/on the shelf 1.",
      "act": "go to desk 1"
    }
  ]
}