{
  "task": "put a pencil in garbagecan.",
  "traj": [
    {
      "obs": "You are in the middle of a room. Looking quickly around you, you see a bed 1, a desk 1, a drawer 1, a drawer 2, a garbagecan 1, a shelf 1, and a sidetable 1.",
      "act": "go to desk 1",
      "thought": "I am now in/on: the middle of a room\nCritical objects I have found:\nNone\nObjects I have taken:\nNone\nTo solve the task, I need to find and take a pencil, then put it in the garbagecan. First, I need to find a pencil. A pencil is more likely to appear in or on a desk (1), drawers (1-2), or a shelf (1). I will check the desk 1 first."
    },
    {
      "obs": "You arrive at loc 14. On the desk 1, you see a alarmclock 1, a bowl 1, a cd 1, a cellphone 1, a creditcard 1, a desklamp 1, a houseplant 1, a laptop 1, a pen 1, a pencil 1, and a pencil 3.",
      "act": "take pencil 3 from desk 1",
      "thought": "I am now in/on: desk 1\nCritical objects I have found:\npencil 3 (desk 1)\nObjects I have taken:\nNone\nI have found a pencil (3) on the desk 1. Next, I need to take it."
    },
    {
      "obs": "You pick up the pencil 3 from the desk 1.",
      "act": "go to garbagecan 1",
      "thought": "I am now in/on: desk 1\nCritical objects I have found:\npencil 3 (desk 1)\nObjects I have taken:\npencil 3\nNow that I have the pencil (3), I need to go to the garbagecan to put it in."
    },
    {
      "obs": "You arrive at loc 3. On the garbagecan 1, you see a cd 2.",
      "act": "put pencil 3 in/on garbagecan 1",
      "thought": "I am now in/on: garbagecan 1\nCritical objects I have found:\npencil 3 (desk 1)\nObjects I have taken:\npencil 3\nNow I am at the garbagecan 1. Next, I need to put the pencil 3 in/on it."
    },
    {
      "obs": "You put the pencil 3 in/on the garbagecan 1.",
      "act": "go to desk 1"
    }
  ]
}