{
  "task": "put some toiletpaper on toiletpaperhanger.",
  "traj": [
    {
      "obs": "You are in the middle of a room. Looking quickly around you, you see a countertop 1, a drawer 1, a drawer 2, a drawer 3, a drawer 4, a drawer 5, a drawer 6, a garbagecan 1, a handtowelholder 1, a handtowelholder 2, a sinkbasin 1, a toilet 1, a toiletpaperhanger 1, a towelholder 1, and a towelholder 2.",
      "act": "go to drawer 4",
      "thought": "I am now in/on: the middle of a room\nCritical objects I have found:\nNone\nObjects I have taken:\nNone\nTo solve the task, I need to find and take some toiletpaper, then put it on the toiletpaperhanger. First, I need to find toiletpaper. Toiletpaper is more likely to appear in drawers (1-6), or possibly near the toilet area. I will check the drawers one by one, starting with drawer 4."
    },
    {
      "obs": "You arrive at loc 6. The drawer 4 is closed.",
      "act": "open drawer 4",
      "thought": "I am now in/on: drawer 4\nCritical objects I have found:\nNone\nObjects I have taken:\nNone\nTo see objects in drawer 4, I have to open it first."
    },
    {
      "obs": "You open the drawer 4. The drawer 4 is open. In it, you see nothing.",
      "act": "go to drawer 2",
      "thought": "I am now in/on: drawer 4\nCritical objects I have found:\nNone\nObjects I have taken:\nNone\nDrawer 4 is empty, so I need to check another drawer. Next, I will check drawer 2."
    },
    {
      "obs": "You arrive at loc 13. The drawer 2 is closed.",
      "act": "open drawer 2",
      "thought": "I am now in/on: drawer 2\nCritical objects I have found:\nNone\nObjects I have taken:\nNone\nTo see objects in drawer 2, I have to open it first."
    },
    {
      "obs": "You open the drawer 2. The drawer 2 is open. In it, you see a cloth 2.",
      "act": "go to garbagecan 1",
      "thought": "I am now in/on: drawer 2\nCritical objects I have found:\nNone\nObjects I have taken:\nNone\nDrawer 2 contains a cloth but no toiletpaper. I will now check the garbagecan 1, as sometimes toiletpaper might be found there if it's unused and accidentally thrown away."
    },
    {
      "obs": "You arrive at loc 11. On the garbagecan 1, you see a spraybottle 2.",
      "act": "go to drawer 3",
      "thought": "I am now in/on: garbagecan 1\nCritical objects I have found:\nNone\nObjects I have taken:\nNone\nThe garbagecan 1 does not contain toiletpaper. Next, I will check drawer 3."
    },
    {
      "obs": "You arrive at loc 7. The drawer 3 is closed.",
      "act": "open drawer 3",
      "thought": "I am now in/on: drawer 3\nCritical objects I have found:\nNone\nObjects I have taken:\nNone\nTo see objects in drawer 3, I have to open it first."
    },
    {
      "obs": "You open the drawer 3. The drawer 3 is open. In it, you see a candle 2, and a cloth 1.",
      "act": "go to countertop 1",
      "thought": "I am now in/on: drawer 3\nCritical objects I have found:\nNone\nObjects I have taken:\nNone\nDrawer 3 contains a candle and a cloth but no toiletpaper. I will now check the countertop 1, as sometimes toiletpaper might be placed there temporarily."
    },
    {
      "obs": "You arrive at loc 17. On the countertop 1, you see a candle 1, a sink 1, a soapbar 2, a soapbottle 1, a soapbottle 2, a spraybottle 3, and a toiletpaper 3.",
      "act": "take toiletpaper 3 from countertop 1",
      "thought": "I am now in/on: countertop 1\nCritical objects I have found:\ntoiletpaper 3 (countertop 1)\nObjects I have taken:\nNone\nI have found some toiletpaper on the countertop 1. Next, I need to take the toiletpaper 3."
    },
    {
      "obs": "You pick up the toiletpaper 3 from the countertop 1.",
      "act": "go to toiletpaperhanger 1",
      "thought": "I am now in/on: countertop 1\nCritical objects I have found:\ntoiletpaper 3 (countertop 1)\nObjects I have taken:\ntoiletpaper 3\nNow I have taken the toiletpaper 3. Next, I need to go to and put it on the toiletpaperhanger 1."
    },
    {
      "obs": "You arrive at loc 14. On the toiletpaperhanger 1, you see nothing.",
      "act": "put toiletpaper 3 in/on toiletpaperhanger 1",
      "thought": "I am now in/on: toiletpaperhanger 1\nCritical objects I have found:\ntoiletpaper 3 (countertop 1)\nObjects I have taken:\ntoiletpaper 3\nNow I am at the toiletpaperhanger 1. Next, I need to put the toiletpaper 3 on it."
    },
    {
      "obs": "You put the toiletpaper 3 in/on the toiletpaperhanger 1.",
      "act": "go to drawer 4"
    }
  ]
}