{
  "task": "put some pencil on shelf.",
  "traj": [
    {
      "obs": "You are in the middle of a room. Looking quickly around you, you see a bed 1, a cabinet 1, a cabinet 2, a cabinet 3, a cabinet 4, a desk 1, a drawer 1, a drawer 2, a garbagecan 1, a shelf 1, and a sidetable 1.",
      "act": "go to drawer 1",
      "thought": "I am now in/on: the middle of a room\nCritical objects I have found:\nNone\nObjects I have taken:\nNone\nTo solve the task, I need to find and take a pencil, then put it on the shelf. First, I need to find a pencil. A pencil is more likely to appear in drawers (1-2), desk (1), or sidetable (1). I can check one by one, starting with drawer 1."
    },
    {
      "obs": "You arrive at loc 17. The drawer 1 is closed.",
      "act": "open drawer 1",
      "thought": "I am now in/on: drawer 1\nCritical objects I have found:\nNone\nObjects I have taken:\nNone\nTo see objects in drawer 1, I have to open it first."
    },
    {
      "obs": "You open the drawer 1. The drawer 1 is open. In it, you see a cellphone 1.",
      "act": "go to drawer 2",
      "thought": "I am now in/on: drawer 1\nCritical objects I have found:\nNone\nObjects I have taken:\nNone\nIn drawer 1, there is no pencil. Next, I need to check drawer 2."
    },
    {
      "obs": "You arrive at loc 18. The drawer 2 is closed.",
      "act": "open drawer 2",
      "thought": "I am now in/on: drawer 1\nCritical objects I have found:\nNone\nObjects I have taken:\nNone\nTo see objects in drawer 2, I have to open it next."
    },
    {
      "obs": "You open the drawer 2. The drawer 2 is open. In it, you see a cd 2, and a creditcard 1.",
      "act": "go to garbagecan 1",
      "thought": "I am now in/on: drawer 2\nCritical objects I have found:\nNone\nObjects I have taken:\nNone\nIn drawer 2, there is no pencil. Next, I need to check other likely places where a pencil might be found. I will check the garbagecan 1, although it's less likely to find a pencil there, it's still worth checking before moving on to other furniture."
    },
    {
      "obs": "You arrive at loc 19. On the garbagecan 1, you see nothing.",
      "act": "go to desk 1",
      "thought": "I am now in/on: garbagecan 1\nCritical objects I have found:\nNone\nObjects I have taken:\nNone\nIn the garbagecan 1, there is no pencil. Next, I need to check the desk 1, which is another likely place where a pencil might be found."
    },
    {
      "obs": "You arrive at loc 9. On the desk 1, you see a alarmclock 1, a book 2, a box 1, a cellphone 3, a laptop 1, a laptop 2, a laptop 3, a pen 1, and a pencil 2.",
      "act": "take pencil 2 from desk 1",
      "thought": "I am now in/on: desk 1\nCritical objects I have found:\npencil 2 (desk 1)\nObjects I have taken:\nNone\nNow I find a pencil (2) on the desk 1. Next, I need to take it."
    },
    {
      "obs": "You pick up the pencil 2 from the desk 1.",
      "act": "go to shelf 1",
      "thought": "I am now in/on: desk 1\nCritical objects I have found:\npencil 2 (desk 1)\nObjects I have taken:\npencil 2\nNow I have taken the pencil (2). Next, I need to go to the shelf 1 to put the pencil on it."
    },
    {
      "obs": "You arrive at loc 10. On the shelf 1, you see a creditcard 2.",
      "act": "put pencil 2 in/on shelf 1",
      "thought": "I am now in/on: shelf 1\nCritical objects I have found:\npencil 2 (desk 1)\nObjects I have taken:\npencil 2\nNow I am at the shelf 1. Next, I need to put the pencil 2 in/on it."
    },
    {
      "obs": "You put the pencil 2 in/on the shelf 1.",
      "act": "go to drawer 1"
    }
  ]
}