{
  "task": "put some soapbottle on sidetable.",
  "traj": [
    {
      "obs": "You are in the middle of a room. Looking quickly around you, you see a bathtubbasin 1, a drawer 1, a garbagecan 1, a handtowelholder 1, a sidetable 1, a sinkbasin 1, a toilet 1, a toiletpaperhanger 1, a towelholder 1, and a towelholder 2.",
      "act": "go to garbagecan 1",
      "thought": "I am now in/on: the middle of a room\nCritical objects I have found:\nNone\nObjects I have taken:\nNone\nTo solve the task, I need to find and take a soapbottle, then put it on the sidetable. First, I need to find a soapbottle. A soapbottle is more likely to appear in places like a sinkbasin, a drawer, or a garbagecan. I will start by checking the garbagecan."
    },
    {
      "obs": "You arrive at loc 5. On the garbagecan 1, you see nothing.",
      "act": "go to drawer 1",
      "thought": "I am now in/on: garbagecan 1\nCritical objects I have found:\nNone\nObjects I have taken:\nNone\nIn garbagecan 1, there is no soapbottle. Next, I need to check drawer 1."
    },
    {
      "obs": "You arrive at loc 12. The drawer 1 is closed.",
      "act": "open drawer 1",
      "thought": "I am now in/on: garbagecan 1\nCritical objects I have found:\nNone\nObjects I have taken:\nNone\nTo see objects in drawer 1, I have to open it first."
    },
    {
      "obs": "You open the drawer 1. The drawer 1 is open. In it, you see nothing.",
      "act": "go to toilet 1",
      "thought": "I am now in/on: drawer 1\nCritical objects I have found:\nNone\nObjects I have taken:\nNone\nIn drawer 1, there is no soapbottle. Next, I need to check the area around the toilet."
    },
    {
      "obs": "You arrive at loc 3. On the toilet 1, you see a soapbottle 1, and a spraybottle 1.",
      "act": "take soapbottle 1 from toilet 1",
      "thought": "I am now in/on: toilet 1\nCritical objects I have found:\nsoapbottle 1 (toilet 1)\nObjects I have taken:\nNone\nNow I find a soapbottle (1). Next, I need to take it."
    },
    {
      "obs": "You pick up the soapbottle 1 from the toilet 1.",
      "act": "go to sidetable 1",
      "thought": "I am now in/on: toilet 1\nCritical objects I have found:\nsoapbottle 1 (toilet 1)\nObjects I have taken:\nsoapbottle 1\nNow I have taken the soapbottle (1). Next, I need to go to and put it on the sidetable 1."
    },
    {
      "obs": "You arrive at loc 14. On the sidetable 1, you see a houseplant 1, and a toiletpaper 2.",
      "act": "put soapbottle 1 in/on sidetable 1",
      "thought": "I am now in/on: sidetable 1\nCritical objects I have found:\nsoapbottle 1 (toilet 1)\nObjects I have taken:\nsoapbottle 1\nNow I am at the sidetable 1. Next, I need to put the soapbottle 1 on it."
    },
    {
      "obs": "You put the soapbottle 1 in/on the sidetable 1.",
      "act": "go to garbagecan 1"
    }
  ]
}