{
  "task": "put some toiletpaper on toiletpaperhanger.",
  "traj": [
    {
      "obs": "You are in the middle of a room. Looking quickly around you, you see a bathtubbasin 1, a cart 1, a garbagecan 1, a handtowelholder 1, a handtowelholder 2, a shelf 1, a shelf 2, a shelf 3, a shelf 4, a sinkbasin 1, a toilet 1, a toiletpaperhanger 1, a towelholder 1, and a towelholder 2.",
      "act": "go to garbagecan 1",
      "thought": "I am now in/on: the middle of a room\nCritical objects I have found:\nNone\nObjects I have taken:\nNone\nTo solve the task, I need to find and take some toiletpaper, then put it on the toiletpaperhanger. First, I need to find toiletpaper. Toiletpaper is more likely to appear in shelves (1-4), cart (1), or possibly near the toilet (1) or sinkbasin (1). I can check one by one, starting with garbagecan 1, although it's less likely to be there."
    },
    {
      "obs": "You arrive at loc 2. On the garbagecan 1, you see a soapbottle 1, and a spraybottle 3.",
      "act": "go to toiletpaperhanger 1",
      "thought": "I am now in/on: garbagecan 1\nCritical objects I have found:\nNone\nObjects I have taken:\nNone\nIn garbagecan 1, there is no toiletpaper. Next, I need to check toiletpaperhanger 1, as it is the target location for the toiletpaper and there might be some already there or nearby."
    },
    {
      "obs": "You arrive at loc 9. On the toiletpaperhanger 1, you see nothing.",
      "act": "go to shelf 4",
      "thought": "I am now in/on: toiletpaperhanger 1\nCritical objects I have found:\nNone\nObjects I have taken:\nNone\nOn toiletpaperhanger 1, there is no toiletpaper. Next, I need to check shelf 4."
    },
    {
      "obs": "You arrive at loc 18. On the shelf 4, you see nothing.",
      "act": "go to toilet 1",
      "thought": "I am now in/on: shelf 4\nCritical objects I have found:\nNone\nObjects I have taken:\nNone\nOn shelf 4, there is no toiletpaper. Next, I need to check near the toilet 1, as toiletpaper is often stored close to the toilet."
    },
    {
      "obs": "You arrive at loc 8. On the toilet 1, you see a candle 1, a candle 2, a candle 3, and a toiletpaper 1.",
      "act": "take toiletpaper 1 from toilet 1",
      "thought": "I am now in/on: toilet 1\nCritical objects I have found:\ntoiletpaper 1 (toilet 1)\nObjects I have taken:\nNone\nNow I find some toiletpaper (1). Next, I need to take it."
    },
    {
      "obs": "You pick up the toiletpaper 1 from the toilet 1.",
      "act": "go to toiletpaperhanger 1",
      "thought": "I am now in/on: toilet 1\nCritical objects I have found:\ntoiletpaper 1 (toilet 1)\nObjects I have taken:\ntoiletpaper 1\nNow I have taken the toiletpaper (1). Next, I need to go to and put it on the toiletpaperhanger 1."
    },
    {
      "obs": "You pick up the toiletpaper 1 from the toilet 1.",
      "act": "put toiletpaper 1 in/on toiletpaperhanger 1",
      "thought": "I am now in/on: toilet 1\nCritical objects I have found:\ntoiletpaper 1 (toilet 1)\nObjects I have taken:\ntoiletpaper 1\nNow I have the toiletpaper (1) and I am heading to the toiletpaperhanger 1 to put it there."
    },
    {
      "obs": "You put the toiletpaper 1 in/on the toiletpaperhanger 1.",
      "act": "go to garbagecan 1"
    }
  ]
}