{
  "task": "put some remotecontrol on dresser.",
  "traj": [
    {
      "obs": "You are in the middle of a room. Looking quickly around you, you see a armchair 1, a armchair 2, a bed 1, a countertop 1, a diningtable 1, a drawer 1, a drawer 2, a dresser 1, a garbagecan 1, a laundryhamper 1, and a sidetable 1.",
      "act": "go to sidetable 1",
      "thought": "I am now in/on: the middle of a room\nCritical objects I have found:\nNone\nObjects I have taken:\nNone\nTo solve the task, I need to find and take a remote control, then put it on the dresser. First, I need to find a remote control. A remote control is more likely to appear on or in furniture like sidetables, drawers, or dressers. I will start by checking the sidetable 1."
    },
    {
      "obs": "You arrive at loc 11. On the sidetable 1, you see a cellphone 1, a mug 1, and a mug 2.",
      "act": "go to armchair 1",
      "thought": "I am now in/on: sidetable 1\nCritical objects I have found:\nNone\nObjects I have taken:\nNone\nOn sidetable 1, there is no remote control. Next, I need to check armchair 1, as sometimes remote controls can be found on or near seating furniture."
    },
    {
      "obs": "You arrive at loc 18. On the armchair 1, you see a creditcard 2, and a creditcard 3.",
      "act": "go to dresser 1",
      "thought": "I am now in/on: armchair 1\nCritical objects I have found:\nNone\nObjects I have taken:\nNone\nOn armchair 1, there is no remote control. Next, I need to check dresser 1, as remote controls can sometimes be placed on top of dressers."
    },
    {
      "obs": "You arrive at loc 10. On the dresser 1, you see a cd 2, a creditcard 1, a keychain 1, and a television 1.",
      "act": "go to armchair 2",
      "thought": "I am now in/on: dresser 1\nCritical objects I have found:\nNone\nObjects I have taken:\nNone\nOn dresser 1, there is no remote control. Next, I need to check armchair 2, as remote controls can sometimes be found on or near seating furniture."
    },
    {
      "obs": "You arrive at loc 4. On the armchair 2, you see nothing.",
      "act": "go to countertop 1",
      "thought": "I am now in/on: armchair 2\nCritical objects I have found:\nNone\nObjects I have taken:\nNone\nOn armchair 2, there is no remote control. Next, I need to check countertop 1, as remote controls can sometimes be placed on countertops."
    },
    {
      "obs": "You arrive at loc 5. On the countertop 1, you see a alarmclock 1, a alarmclock 2, a alarmclock 3, a bowl 1, a mirror 1, and a pencil 1.",
      "act": "go to drawer 2",
      "thought": "I am now in/on: countertop 1\nCritical objects I have found:\nNone\nObjects I have taken:\nNone\nOn countertop 1, there is no remote control. Next, I need to check drawer 2, as remote controls can sometimes be stored in drawers."
    },
    {
      "obs": "You arrive at loc 19. The drawer 2 is closed.",
      "act": "open drawer 2",
      "thought": "I am now in/on: countertop 1\nCritical objects I have found:\nNone\nObjects I have taken:\nNone\nTo see objects in drawer 2, I have to open it first."
    },
    {
      "obs": "You open the drawer 2. The drawer 2 is open. In it, you see a cd 1.",
      "act": "go to drawer 1",
      "thought": "I am now in/on: drawer 2\nCritical objects I have found:\nNone\nObjects I have taken:\nNone\nIn drawer 2, there is no remote control. Next, I need to check drawer 1, as remote controls can sometimes be stored in drawers."
    },
    {
      "obs": "You arrive at loc 15. The drawer 1 is closed.",
      "act": "open drawer 1",
      "thought": "I am now in/on: drawer 2\nCritical objects I have found:\nNone\nObjects I have taken:\nNone\nIn drawer 2, there is no remote control. Now I need to open drawer 1 to check for a remote control inside."
    },
    {
      "obs": "You open the drawer 1. The drawer 1 is open. In it, you see a pen 1.",
      "act": "go to diningtable 1",
      "thought": "I am now in/on: drawer 1\nCritical objects I have found:\nNone\nObjects I have taken:\nNone\nIn drawer 1, there is no remote control. Next, I need to check diningtable 1, as remote controls can sometimes be left on tables."
    },
    {
      "obs": "You arrive at loc 12. On the diningtable 1, you see a book 1, a laptop 1, a remotecontrol 1, and a remotecontrol 2.",
      "act": "take remotecontrol 1 from diningtable 1",
      "thought": "I am now in/on: diningtable 1\nCritical objects I have found:\nremotecontrol 1 (diningtable 1)\nObjects I have taken:\nNone\nNow I find a remote control (1). Next, I need to take it."
    },
    {
      "obs": "You pick up the remotecontrol 1 from the diningtable 1.",
      "act": "go to dresser 1",
      "thought": "I am now in/on: diningtable 1\nCritical objects I have found:\nremotecontrol 1 (diningtable 1)\nObjects I have taken:\nremotecontrol 1\nNow I have taken the remote control (1). Next, I need to go to and put it on the dresser 1."
    },
    {
      "obs": "You arrive at loc 10. On the dresser 1, you see a cd 2, a creditcard 1, a keychain 1, and a television 1.",
      "act": "put remotecontrol 1 in/on dresser 1",
      "thought": "I am now in/on: dresser 1\nCritical objects I have found:\nremotecontrol 1 (diningtable 1)\nObjects I have taken:\nremotecontrol 1\nNow I am at the dresser 1. Next, I need to put the remote control 1 on it."
    },
    {
      "obs": "You put the remotecontrol 1 in/on the dresser 1.",
      "act": "go to sidetable 1"
    }
  ]
}