{
  "task": "put some alarmclock on shelf.",
  "traj": [
    {
      "obs": "You are in the middle of a room. Looking quickly around you, you see a bed 1, a desk 1, a desk 2, a garbagecan 1, a shelf 1, a shelf 2, a shelf 3, a shelf 4, and a shelf 5.",
      "act": "go to shelf 5",
      "thought": "I am now in/on: the middle of a room\nCritical objects I have found:\nNone\nObjects I have taken:\nNone\nTo solve the task, I need to find and take an alarm clock, then put it on a shelf. First, I need to find an alarm clock. An alarm clock is more likely to appear on desks or shelves. I will check the shelves first, starting with shelf 5."
    },
    {
      "obs": "You arrive at loc 6. On the shelf 5, you see nothing.",
      "act": "go to shelf 4",
      "thought": "I am now in/on: shelf 5\nCritical objects I have found:\nNone\nObjects I have taken:\nNone\nOn shelf 5, there is no alarm clock. Next, I need to check shelf 4."
    },
    {
      "obs": "You arrive at loc 4. On the shelf 4, you see nothing.",
      "act": "go to desk 2",
      "thought": "I am now in/on: shelf 4\nCritical objects I have found:\nNone\nObjects I have taken:\nNone\nOn shelf 4, there is no alarm clock. Next, I need to check desk 2."
    },
    {
      "obs": "You arrive at loc 1. On the desk 2, you see a alarmclock 2, a book 2, a cellphone 1, a keychain 2, a keychain 3, a pen 1, and a pencil 1.",
      "act": "take alarmclock 2 from desk 2",
      "thought": "I am now in/on: desk 2\nCritical objects I have found:\nalarmclock 2 (desk 2)\nObjects I have taken:\nNone\nNow I find an alarm clock (2). Next, I need to take it."
    },
    {
      "obs": "You pick up the alarmclock 2 from the desk 2.",
      "act": "go to shelf 5",
      "thought": "I am now in/on: desk 2\nCritical objects I have found:\nalarmclock 2 (desk 2)\nObjects I have taken:\nalarmclock 2\nNow I have taken the alarm clock (2). Next, I need to go to and put it on shelf 5."
    },
    {
      "obs": "You pick up the alarmclock 2 from the desk 2.",
      "act": "put alarmclock 2 in/on shelf 5",
      "thought": "I am now in/on: desk 2\nCritical objects I have found:\nalarmclock 2 (desk 2)\nObjects I have taken:\nalarmclock 2\nI have taken the alarm clock (2) and I am currently at desk 2. I need to go to shelf 5 to put the alarm clock on it."
    },
    {
      "obs": "You put the alarmclock 2 in/on the shelf 5.",
      "act": "go to shelf 4"
    }
  ]
}