{
  "task": "put a candle in cabinet.",
  "traj": [
    {
      "obs": "You are in the middle of a room. Looking quickly around you, you see a bathtubbasin 1, a cabinet 1, a cabinet 2, a cabinet 3, a cabinet 4, a countertop 1, a garbagecan 1, a handtowelholder 1, a sinkbasin 1, a sinkbasin 2, a toilet 1, a toiletpaperhanger 1, and a towelholder 1.",
      "act": "go to cabinet 4",
      "thought": "I am now in/on: the middle of a room\nCritical objects I have found:\nNone\nObjects I have taken:\nNone\nTo solve the task, I need to find and take a candle, then put it in a cabinet. First, I need to find a candle. A candle is more likely to appear in cabinets (1-4), countertop (1), or sinkbasins (1-2). I can check one by one, starting with cabinet 4."
    },
    {
      "obs": "You arrive at loc 8. The cabinet 4 is closed.",
      "act": "open cabinet 4",
      "thought": "I am now in/on: cabinet 4\nCritical objects I have found:\nNone\nObjects I have taken:\nNone\nTo see objects in cabinet 4, I have to open it first."
    },
    {
      "obs": "You open the cabinet 4. The cabinet 4 is open. In it, you see a cloth 1.",
      "act": "go to countertop 1",
      "thought": "I am now in/on: cabinet 4\nCritical objects I have found:\nNone\nObjects I have taken:\nNone\nIn cabinet 4, there is no candle. Next, I need to check countertop 1."
    },
    {
      "obs": "You arrive at loc 3. On the countertop 1, you see a candle 2, and a mirror 1.",
      "act": "take candle 2 from countertop 1",
      "thought": "I am now in/on: countertop 1\nCritical objects I have found:\ncandle 2 (countertop 1)\nObjects I have taken:\nNone\nNow I find a candle (2). Next, I need to take it."
    },
    {
      "obs": "You pick up the candle 2 from the countertop 1.",
      "act": "go to cabinet 4",
      "thought": "I am now in/on: countertop 1\nCritical objects I have found:\ncandle 2 (countertop 1)\nObjects I have taken:\ncandle 2\nNow I have taken the candle (2). Next, I need to go to a cabinet and put it in. I will go back to cabinet 4 since it is already open."
    },
    {
      "obs": "You pick up the candle 2 from the countertop 1.",
      "act": "open cabinet 4",
      "thought": "It seems there was a mistake in the observation, as it repeated the action of picking up the candle from the countertop 1. Since I already have the candle and I am at the countertop, I need to go to cabinet 4 to put the candle inside."
    },
    {
      "obs": "You pick up the candle 2 from the countertop 1.",
      "act": "put candle 2 in/on cabinet 4",
      "thought": "It seems there was a mistake in the observation, as it repeated the action of picking up the candle from the countertop 1. Since I already have the candle and I am at the countertop, I need to put the candle inside cabinet 4, which I previously opened."
    },
    {
      "obs": "You put the candle 2 in/on the cabinet 4.",
      "act": "close cabinet 4"
    }
  ]
}