{
  "task": "put a cd in diningtable.",
  "traj": [
    {
      "obs": "You are in the middle of a room. Looking quickly around you, you see a armchair 1, a armchair 2, a bed 1, a countertop 1, a diningtable 1, a drawer 1, a drawer 2, a dresser 1, a garbagecan 1, a laundryhamper 1, and a sidetable 1.",
      "act": "go to sidetable 1",
      "thought": "I am now in/on: the middle of a room\nCritical objects I have found:\nNone\nObjects I have taken:\nNone\nTo solve the task, I need to find and take a CD, then put it on the diningtable. First, I need to find a CD. A CD is more likely to appear in places like drawers, dressers, or sidetables. I will check the sidetable first."
    },
    {
      "obs": "You arrive at loc 9. On the sidetable 1, you see a alarmclock 1, a cd 1, a pen 2, and a pencil 2.",
      "act": "take cd 1 from sidetable 1",
      "thought": "I am now in/on: sidetable 1\nCritical objects I have found:\ncd 1 (sidetable 1)\nObjects I have taken:\nNone\nI have found a CD on the sidetable 1. Next, I need to take it."
    },
    {
      "obs": "You pick up the cd 1 from the sidetable 1.",
      "act": "go to diningtable 1",
      "thought": "I am now in/on: sidetable 1\nCritical objects I have found:\ncd 1 (sidetable 1)\nObjects I have taken:\ncd 1\nNow that I have the CD, I need to go to the diningtable to put it there."
    },
    {
      "obs": "You arrive at loc 10. On the diningtable 1, you see a bowl 1, a bowl 3, a creditcard 2, a keychain 1, a laptop 1, a mug 1, a mug 2, a mug 3, and a pencil 1.",
      "act": "put cd 1 in/on diningtable 1",
      "thought": "I am now in/on: diningtable 1\nCritical objects I have found:\ncd 1 (sidetable 1)\nObjects I have taken:\ncd 1\nI am at the diningtable 1 with the CD in hand. Now I need to put the CD on the diningtable."
    },
    {
      "obs": "You put the cd 1 in/on the diningtable 1.",
      "act": "go to sidetable 1"
    }
  ]
}