{
  "task": "put some soapbottle on cart.",
  "traj": [
    {
      "obs": "You are in the middle of a room. Looking quickly around you, you see a bathtubbasin 1, a cart 1, a countertop 1, a drawer 1, a drawer 2, a drawer 3, a drawer 4, a garbagecan 1, a handtowelholder 1, a shelf 1, a sinkbasin 1, a toilet 1, a toiletpaperhanger 1, and a towelholder 1.",
      "act": "go to drawer 2",
      "thought": "I am now in/on: the middle of a room\nCritical objects I have found:\nNone\nObjects I have taken:\nNone\nTo solve the task, I need to find and take a soapbottle, then put it on the cart. First, I need to find a soapbottle. A soapbottle is more likely to appear in drawers (1-4), countertop (1), sinkbasin (1), or shelf (1). I will check one by one, starting with drawer 2."
    },
    {
      "obs": "You arrive at loc 22. The drawer 2 is closed.",
      "act": "open drawer 2",
      "thought": "I am now in/on: drawer 2\nCritical objects I have found:\nNone\nObjects I have taken:\nNone\nTo see objects in drawer 2, I have to open it first."
    },
    {
      "obs": "You open the drawer 2. The drawer 2 is open. In it, you see a cloth 1.",
      "act": "go to garbagecan 1",
      "thought": "I am now in/on: drawer 2\nCritical objects I have found:\nNone\nObjects I have taken:\nNone\nIn drawer 2, there is no soapbottle. Next, I need to check garbagecan 1, as it might contain discarded items including a soapbottle."
    },
    {
      "obs": "You arrive at loc 3. On the garbagecan 1, you see nothing.",
      "act": "go to drawer 4",
      "thought": "I am now in/on: garbagecan 1\nCritical objects I have found:\nNone\nObjects I have taken:\nNone\nIn garbagecan 1, there is no soapbottle. Next, I need to check drawer 4."
    },
    {
      "obs": "You arrive at loc 12. The drawer 4 is closed.",
      "act": "open drawer 4",
      "thought": "I am now in/on: drawer 4\nCritical objects I have found:\nNone\nObjects I have taken:\nNone\nTo see objects in drawer 4, I have to open it first."
    },
    {
      "obs": "You open the drawer 4. The drawer 4 is open. In it, you see nothing.",
      "act": "go to toilet 1",
      "thought": "I am now in/on: drawer 4\nCritical objects I have found:\nNone\nObjects I have taken:\nNone\nIn drawer 4, there is no soapbottle. Next, I need to check the toilet 1 area, although it's less likely to find a soapbottle there, it's worth checking before moving on to other storage areas."
    },
    {
      "obs": "You arrive at loc 7. On the toilet 1, you see a soapbottle 2, and a toiletpaper 1.",
      "act": "take soapbottle 2 from toilet 1",
      "thought": "I am now in/on: toilet 1\nCritical objects I have found:\nsoapbottle 2 (toilet 1)\nObjects I have taken:\nNone\nI have found a soapbottle (2) on the toilet 1. Next, I need to take it."
    },
    {
      "obs": "You pick up the soapbottle 2 from the toilet 1.",
      "act": "go to cart 1",
      "thought": "I am now in/on: toilet 1\nCritical objects I have found:\nsoapbottle 2 (toilet 1)\nObjects I have taken:\nsoapbottle 2\nNow I have taken the soapbottle (2). Next, I need to go to and put it on the cart 1."
    },
    {
      "obs": "You arrive at loc 2. On the cart 1, you see a soapbar 1, a soapbar 2, a spraybottle 1, and a toiletpaper 2.",
      "act": "put soapbottle 2 in/on cart 1",
      "thought": "I am now in/on: cart 1\nCritical objects I have found:\nsoapbottle 2 (toilet 1)\nObjects I have taken:\nsoapbottle 2\nNow I am at the cart 1. Next, I need to put the soapbottle 2 in/on it."
    },
    {
      "obs": "You put the soapbottle 2 in/on the cart 1.",
      "act": "go to drawer 2"
    }
  ]
}