{
  "task": "put a spraybottle in toilet.",
  "traj": [
    {
      "obs": "You are in the middle of a room. Looking quickly around you, you see a bathtubbasin 1, a countertop 1, a countertop 2, a drawer 1, a drawer 2, a drawer 3, a drawer 4, a garbagecan 1, a handtowelholder 1, a sinkbasin 1, a toilet 1, a toiletpaperhanger 1, a towelholder 1, and a towelholder 2.",
      "act": "go to toilet 1",
      "thought": "I am now in/on: the middle of a room\nCritical objects I have found:\nNone\nObjects I have taken:\nNone\nTo solve the task, I need to find and take a spraybottle, then put it in the toilet. First, I need to find a spraybottle. A spraybottle is more likely to appear in drawers (1-4), countertops (1-2), or possibly in the garbagecan (1). I can check one by one, starting with drawer 1."
    },
    {
      "obs": "You arrive at loc 2. On the toilet 1, you see a candle 2, a soapbottle 1, and a toiletpaper 3.",
      "act": "go to drawer 3",
      "thought": "I am now in/on: toilet 1\nCritical objects I have found:\nNone\nObjects I have taken:\nNone\nOn toilet 1, there is no spraybottle. Next, I need to check drawer 3, as it is common to store cleaning supplies in drawers in a bathroom."
    },
    {
      "obs": "You arrive at loc 10. The drawer 3 is closed.",
      "act": "open drawer 3",
      "thought": "I am now in/on: toilet 1\nCritical objects I have found:\nNone\nObjects I have taken:\nNone\nTo see objects in drawer 3, I have to open it first."
    },
    {
      "obs": "You open the drawer 3. The drawer 3 is open. In it, you see nothing.",
      "act": "go to countertop 1",
      "thought": "I am now in/on: drawer 3\nCritical objects I have found:\nNone\nObjects I have taken:\nNone\nDrawer 3 is empty, so there is no spraybottle there. Next, I need to check countertop 1."
    },
    {
      "obs": "You arrive at loc 14. On the countertop 1, you see a soapbar 1, and a spraybottle 1.",
      "act": "take spraybottle 1 from countertop 1",
      "thought": "I am now in/on: countertop 1\nCritical objects I have found:\nspraybottle 1 (countertop 1)\nObjects I have taken:\nNone\nNow I find a spraybottle (1). Next, I need to take it."
    },
    {
      "obs": "You pick up the spraybottle 1 from the countertop 1.",
      "act": "go to toilet 1",
      "thought": "I am now in/on: countertop 1\nCritical objects I have found:\nspraybottle 1 (countertop 1)\nObjects I have taken:\nspraybottle 1\nNow I have taken the spraybottle (1). Next, I need to go to and put it in the toilet 1."
    },
    {
      "obs": "You arrive at loc 2. On the toilet 1, you see a candle 2, a soapbottle 1, and a toiletpaper 3.",
      "act": "put spraybottle 1 in/on toilet 1",
      "thought": "I am now in/on: countertop 1\nCritical objects I have found:\nspraybottle 1 (countertop 1)\nObjects I have taken:\nspraybottle 1\nNow I am at the toilet 1. Next, I need to put the spraybottle 1 in the toilet."
    },
    {
      "obs": "You put the spraybottle 1 in/on the toilet 1.",
      "act": "go to drawer 3"
    }
  ]
}