{
  "task": "put a soapbottle in garbagecan.",
  "traj": [
    {
      "obs": "You are in the middle of a room. Looking quickly around you, you see a bathtubbasin 1, a countertop 1, a countertop 2, a drawer 1, a drawer 2, a drawer 3, a drawer 4, a garbagecan 1, a handtowelholder 1, a sinkbasin 1, a toilet 1, a toiletpaperhanger 1, a towelholder 1, and a towelholder 2.",
      "act": "go to toilet 1",
      "thought": "I am now in/on: the middle of a room\nCritical objects I have found:\nNone\nObjects I have taken:\nNone\nTo solve the task, I need to find and take a soapbottle, then put it in the garbagecan. A soapbottle is more likely to appear on countertops, in drawers, or near a sinkbasin. I can check these locations one by one, starting with the nearest which could be the countertop 1 or the sinkbasin 1."
    },
    {
      "obs": "You arrive at loc 2. On the toilet 1, you see a soapbottle 1, a spraybottle 2, a spraybottle 3, and a toiletpaper 1.",
      "act": "take soapbottle 1 from toilet 1",
      "thought": "I am now in/on: toilet 1\nCritical objects I have found:\nsoapbottle 1 (toilet 1)\nObjects I have taken:\nNone\nI have found a soapbottle (1) on the toilet 1. Next, I need to take it."
    },
    {
      "obs": "You pick up the soapbottle 1 from the toilet 1.",
      "act": "go to garbagecan 1",
      "thought": "I am now in/on: toilet 1\nCritical objects I have found:\nsoapbottle 1 (toilet 1)\nObjects I have taken:\nsoapbottle 1\nNow I have taken the soapbottle (1). Next, I need to go to the garbagecan 1 to dispose of it."
    },
    {
      "obs": "You arrive at loc 16. On the garbagecan 1, you see a soapbar 2.",
      "act": "put soapbottle 1 in/on garbagecan 1",
      "thought": "I am now in/on: garbagecan 1\nCritical objects I have found:\nsoapbottle 1 (toilet 1)\nObjects I have taken:\nsoapbottle 1\nNow I am at the garbagecan 1. Next, I need to put the soapbottle 1 in/on it."
    },
    {
      "obs": "You put the soapbottle 1 in/on the garbagecan 1.",
      "act": "go to toilet 1"
    }
  ]
}