{
  "task": "put a book in sofa.",
  "traj": [
    {
      "obs": "You are in the middle of a room. Looking quickly around you, you see a armchair 1, a coffeetable 1, a garbagecan 1, a sidetable 1, a sofa 1, and a tvstand 1.",
      "act": "go to armchair 1",
      "thought": "I am now in/on: the middle of a room\nCritical objects I have found:\nNone\nObjects I have taken:\nNone\nTo solve the task, I need to find and take a book, then put it in the sofa. First, I need to find a book. A book is more likely to appear on furniture like armchairs, coffee tables, side tables, and tv stands. I will check one by one, starting with armchair 1."
    },
    {
      "obs": "You arrive at loc 10. On the armchair 1, you see a book 1, and a laptop 1.",
      "act": "take book 1 from armchair 1",
      "thought": "I am now in/on: armchair 1\nCritical objects I have found:\nbook 1 (armchair 1)\nObjects I have taken:\nNone\nI have found a book (1) on the armchair 1. Next, I need to take it."
    },
    {
      "obs": "You pick up the book 1 from the armchair 1.",
      "act": "go to sofa 1",
      "thought": "I am now in/on: armchair 1\nCritical objects I have found:\nbook 1 (armchair 1)\nObjects I have taken:\nbook 1\nNow I have taken the book (1). Next, I need to go to the sofa and put the book in it."
    },
    {
      "obs": "You arrive at loc 4. On the sofa 1, you see a pillow 1.",
      "act": "put book 1 in/on sofa 1",
      "thought": "I am now in/on: sofa 1\nCritical objects I have found:\nbook 1 (armchair 1)\nObjects I have taken:\nbook 1\nNow I am at the sofa 1. Next, I need to put the book 1 in/on it."
    },
    {
      "obs": "You put the book 1 in/on the sofa 1.",
      "act": "go to armchair 1"
    }
  ]
}