{
  "task": "put some creditcard on desk.",
  "traj": [
    {
      "obs": "You are in the middle of a room. Looking quickly around you, you see a bed 1, a desk 1, a drawer 1, a drawer 2, a drawer 3, a garbagecan 1, a laundryhamper 1, a shelf 1, a shelf 2, and a sidetable 1.",
      "act": "go to sidetable 1",
      "thought": "I am now in/on: the middle of a room\nCritical objects I have found:\nNone\nObjects I have taken:\nNone\nTo solve the task, I need to find and take a credit card, then put it on the desk. First, I need to find a credit card. A credit card is more likely to appear in places where personal items are kept, such as drawers (1-3), sidetable (1), or shelf (1-2). I will check one by one, starting with sidetable 1."
    },
    {
      "obs": "You arrive at loc 20. On the sidetable 1, you see a alarmclock 1, a cd 3, a cellphone 2, a desklamp 1, a keychain 1, a pen 1, and a pen 2.",
      "act": "go to drawer 3",
      "thought": "I am now in/on: sidetable 1\nCritical objects I have found:\nNone\nObjects I have taken:\nNone\nOn sidetable 1, there is no credit card. Next, I need to check drawer 3."
    },
    {
      "obs": "You arrive at loc 10. The drawer 3 is closed.",
      "act": "open drawer 3",
      "thought": "I am now in/on: drawer 3\nCritical objects I have found:\nNone\nObjects I have taken:\nNone\nTo see objects in drawer 3, I have to open it first."
    },
    {
      "obs": "You open the drawer 3. The drawer 3 is open. In it, you see nothing.",
      "act": "go to shelf 1",
      "thought": "I am now in/on: drawer 3\nCritical objects I have found:\nNone\nObjects I have taken:\nNone\nDrawer 3 is empty, so there is no credit card here. Next, I need to check shelf 1."
    },
    {
      "obs": "You arrive at loc 13. On the shelf 1, you see a cd 1.",
      "act": "go to drawer 2",
      "thought": "I am now in/on: shelf 1\nCritical objects I have found:\nNone\nObjects I have taken:\nNone\nOn shelf 1, there is no credit card. Next, I need to check drawer 2."
    },
    {
      "obs": "You arrive at loc 10. The drawer 2 is closed.",
      "act": "open drawer 2",
      "thought": "I am now in/on: shelf 1\nCritical objects I have found:\nNone\nObjects I have taken:\nNone\nShelf 1 does not contain a credit card. I will now attempt to open drawer 2 to continue the search."
    },
    {
      "obs": "You open the drawer 2. The drawer 2 is open. In it, you see a book 2, and a keychain 2.",
      "act": "go to shelf 2",
      "thought": "I am now in/on: drawer 2\nCritical objects I have found:\nNone\nObjects I have taken:\nNone\nIn drawer 2, there is no credit card. Next, I need to check shelf 2."
    },
    {
      "obs": "You arrive at loc 5. On the shelf 2, you see a creditcard 1.",
      "act": "take creditcard 1 from shelf 2",
      "thought": "I am now in/on: shelf 2\nCritical objects I have found:\ncreditcard 1 (shelf 2)\nObjects I have taken:\nNone\nNow I have found a credit card (1) on shelf 2. Next, I need to take it."
    },
    {
      "obs": "You pick up the creditcard 1 from the shelf 2.",
      "act": "go to desk 1",
      "thought": "I am now in/on: shelf 2\nCritical objects I have found:\ncreditcard 1 (shelf 2)\nObjects I have taken:\ncreditcard 1\nNow I have taken the credit card (1). Next, I need to go to the desk and put it on there."
    },
    {
      "obs": "You arrive at loc 1. On the desk 1, you see a book 1, a bowl 1, a cellphone 1, a pen 3, a pencil 1, a pencil 2, and a pencil 3.",
      "act": "put creditcard 1 in/on desk 1",
      "thought": "I am now in/on: desk 1\nCritical objects I have found:\ncreditcard 1 (shelf 2)\nObjects I have taken:\ncreditcard 1\nNow I am at the desk 1. Next, I need to put the credit card (1) on it."
    },
    {
      "obs": "You put the creditcard 1 in/on the desk 1.",
      "act": "go to sidetable 1"
    }
  ]
}