{
  "task": "put a soapbottle in garbagecan.",
  "traj": [
    {
      "obs": "You are in the middle of a room. Looking quickly around you, you see a cabinet 1, a cabinet 10, a cabinet 2, a cabinet 3, a cabinet 4, a cabinet 5, a cabinet 6, a cabinet 7, a cabinet 8, a cabinet 9, a coffeemachine 1, a countertop 1, a countertop 2, a countertop 3, a diningtable 1, a drawer 1, a drawer 2, a drawer 3, a drawer 4, a drawer 5, a drawer 6, a fridge 1, a garbagecan 1, a microwave 1, a sinkbasin 1, a stoveburner 1, a stoveburner 2, a stoveburner 3, a stoveburner 4, and a toaster 1.",
      "act": "go to cabinet 4",
      "thought": "I am now in/on: the middle of a room\nCritical objects I have found:\nNone\nObjects I have taken:\nNone\nTo solve the task, I need to find and take a soapbottle, then put it in the garbagecan. A soapbottle is more likely to appear in cabinets (1-10), countertops (1-3), or sinkbasin (1). I can check one by one, starting with cabinet 4."
    },
    {
      "obs": "You arrive at loc 23. The cabinet 4 is closed.",
      "act": "open cabinet 4",
      "thought": "I am now in/on: cabinet 4\nCritical objects I have found:\nNone\nObjects I have taken:\nNone\nTo see objects in cabinet 4, I have to open it first."
    },
    {
      "obs": "You open the cabinet 4. The cabinet 4 is open. In it, you see a peppershaker 1.",
      "act": "go to drawer 4",
      "thought": "I am now in/on: cabinet 4\nCritical objects I have found:\nNone\nObjects I have taken:\nNone\nIn cabinet 4, there is no soapbottle. Next, I need to check drawer 4, as soapbottles can sometimes be found in drawers as well."
    },
    {
      "obs": "You arrive at loc 34. The drawer 4 is closed.",
      "act": "open drawer 4",
      "thought": "I am now in/on: drawer 4\nCritical objects I have found:\nNone\nObjects I have taken:\nNone\nTo see objects in drawer 4, I have to open it first."
    },
    {
      "obs": "You open the drawer 4. The drawer 4 is open. In it, you see nothing.",
      "act": "go to cabinet 2",
      "thought": "I am now in/on: drawer 4\nCritical objects I have found:\nNone\nObjects I have taken:\nNone\nIn drawer 4, there is no soapbottle. Next, I need to check cabinet 2, as soapbottles are more commonly found in cabinets."
    },
    {
      "obs": "You arrive at loc 16. The cabinet 2 is closed.",
      "act": "open cabinet 2",
      "thought": "I am now in/on: cabinet 2\nCritical objects I have found:\nNone\nObjects I have taken:\nNone\nTo see objects in cabinet 2, I have to open it first."
    },
    {
      "obs": "You open the cabinet 2. The cabinet 2 is open. In it, you see a mug 1.",
      "act": "go to drawer 3",
      "thought": "I am now in/on: cabinet 2\nCritical objects I have found:\nNone\nObjects I have taken:\nNone\nIn cabinet 2, there is no soapbottle. Next, I need to check drawer 3, as soapbottles can sometimes be found in drawers as well."
    },
    {
      "obs": "You arrive at loc 13. The drawer 3 is closed.",
      "act": "open drawer 3",
      "thought": "I am now in/on: drawer 3\nCritical objects I have found:\nNone\nObjects I have taken:\nNone\nTo see objects in drawer 3, I have to open it first."
    },
    {
      "obs": "You open the drawer 3. The drawer 3 is open. In it, you see nothing.",
      "act": "go to countertop 3",
      "thought": "I am now in/on: drawer 3\nCritical objects I have found:\nNone\nObjects I have taken:\nNone\nIn drawer 3, there is no soapbottle. Next, I need to check countertop 3, as soapbottles can sometimes be found on countertops."
    },
    {
      "obs": "You arrive at loc 14. On the countertop 3, you see a bowl 2, a bread 1, a dishsponge 2, a knife 1, a plate 2, and a sink 1.",
      "act": "go to diningtable 1",
      "thought": "I am now in/on: countertop 3\nCritical objects I have found:\nNone\nObjects I have taken:\nNone\nOn countertop 3, there is no soapbottle. Next, I need to check diningtable 1, as items can sometimes be left there temporarily."
    },
    {
      "obs": "You arrive at loc 4. On the diningtable 1, you see a apple 1, a egg 1, a egg 2, a fork 2, a knife 2, a lettuce 2, a lettuce 3, a papertowelroll 1, a plate 1, a pot 1, a saltshaker 2, a soapbottle 1, a spatula 3, a spoon 1, and a tomato 2.",
      "act": "take soapbottle 1 from diningtable 1",
      "thought": "I am now in/on: diningtable 1\nCritical objects I have found:\nsoapbottle 1 (diningtable 1)\nObjects I have taken:\nNone\nI have found a soapbottle (1) on diningtable 1. Next, I need to take it."
    },
    {
      "obs": "You pick up the soapbottle 1 from the diningtable 1.",
      "act": "go to garbagecan 1",
      "thought": "I am now in/on: diningtable 1\nCritical objects I have found:\nsoapbottle 1 (diningtable 1)\nObjects I have taken:\nsoapbottle 1\nNow that I have the soapbottle (1), I need to go to the garbagecan to complete the task."
    },
    {
      "obs": "You arrive at loc 12. On the garbagecan 1, you see a egg 3, and a potato 2.",
      "act": "put soapbottle 1 in/on garbagecan 1",
      "thought": "I am now in/on: garbagecan 1\nCritical objects I have found:\nsoapbottle 1 (diningtable 1)\nObjects I have taken:\nsoapbottle 1\nNow I am at the garbagecan 1. Next, I need to put the soapbottle 1 in/on it to complete the task."
    },
    {
      "obs": "You put the soapbottle 1 in/on the garbagecan 1.",
      "act": "go to cabinet 4"
    }
  ]
}