{
  "task": "put a book in sofa.",
  "traj": [
    {
      "obs": "You are in the middle of a room. Looking quickly around you, you see a armchair 1, a armchair 2, a coffeetable 1, a diningtable 1, a diningtable 2, a drawer 1, a drawer 2, a garbagecan 1, a sidetable 1, a sidetable 2, a sofa 1, and a tvstand 1.",
      "act": "go to sofa 1",
      "thought": "I am now in/on: the middle of a room\nCritical objects I have found:\nNone\nObjects I have taken:\nNone\nTo solve the task, I need to find and take a book, then put it in/on the sofa. First, I need to find a book. A book is more likely to appear in or on furniture like a coffeetable, diningtable, sidetable, drawer, or tvstand. I can check one by one, starting with the sofa since I am already heading there to complete the task eventually."
    },
    {
      "obs": "You arrive at loc 1. On the sofa 1, you see a pillow 1.",
      "act": "go to armchair 2",
      "thought": "I am now in/on: sofa 1\nCritical objects I have found:\nNone\nObjects I have taken:\nNone\nOn sofa 1, there is no book. Next, I need to check armchair 2, as books can sometimes be found on or near seating furniture."
    },
    {
      "obs": "You arrive at loc 8. On the armchair 2, you see a creditcard 3, a keychain 1, and a keychain 2.",
      "act": "go to coffeetable 1",
      "thought": "I am now in/on: armchair 2\nCritical objects I have found:\nNone\nObjects I have taken:\nNone\nOn armchair 2, there is no book. Next, I need to check coffeetable 1, as it is common to find books on coffeetables."
    },
    {
      "obs": "You arrive at loc 19. On the coffeetable 1, you see a bowl 3, a creditcard 1, a newspaper 1, a pen 1, a remotecontrol 1, and a vase 3.",
      "act": "go to sidetable 2",
      "thought": "I am now in/on: coffeetable 1\nCritical objects I have found:\nNone\nObjects I have taken:\nNone\nOn coffeetable 1, there is no book. Next, I need to check sidetable 2, as sidetables often hold books."
    },
    {
      "obs": "You arrive at loc 10. On the sidetable 2, you see a curtains 1, a pencil 1, and a remotecontrol 3.",
      "act": "go to diningtable 2",
      "thought": "I am now in/on: sidetable 2\nCritical objects I have found:\nNone\nObjects I have taken:\nNone\nOn sidetable 2, there is no book. Next, I need to check diningtable 2, as diningtables can also be places where books are left."
    },
    {
      "obs": "You arrive at loc 24. On the diningtable 2, you see a book 1, a bowl 1, a bowl 2, a laptop 1, a newspaper 3, a plate 1, a statue 1, a statue 2, a tissuebox 1, and a watch 2.",
      "act": "take book 1 from diningtable 2",
      "thought": "I am now in/on: diningtable 2\nCritical objects I have found:\nbook 1 (diningtable 2)\nObjects I have taken:\nNone\nOn diningtable 2, I have found a book (1). Next, I need to take it."
    },
    {
      "obs": "You pick up the book 1 from the diningtable 2.",
      "act": "go to sofa 1",
      "thought": "I am now in/on: diningtable 2\nCritical objects I have found:\nbook 1 (diningtable 2)\nObjects I have taken:\nbook 1\nNow I have taken the book (1). Next, I need to go to the sofa and put the book in/on it."
    },
    {
      "obs": "You arrive at loc 1. On the sofa 1, you see a pillow 1.",
      "act": "put book 1 in/on sofa 1",
      "thought": "I am now in/on: sofa 1\nCritical objects I have found:\nbook 1 (diningtable 2)\nObjects I have taken:\nbook 1\nNow I am at the sofa 1 with the book (1). Next, I need to put the book in/on the sofa to complete the task."
    },
    {
      "obs": "You put the book 1 in/on the sofa 1.",
      "act": "go to armchair 2"
    }
  ]
}