{
  "task": "put some laptop on sofa.",
  "traj": [
    {
      "obs": "You are in the middle of a room. Looking quickly around you, you see a armchair 1, a diningtable 1, a drawer 1, a drawer 2, a drawer 3, a drawer 4, a garbagecan 1, a shelf 1, a sidetable 1, a sidetable 2, a sidetable 3, and a sofa 1.",
      "act": "go to sidetable 3",
      "thought": "I am now in/on: the middle of a room\nCritical objects I have found:\nNone\nObjects I have taken:\nNone\nTo solve the task, I need to find and take a laptop, then put it on the sofa. First, I need to find a laptop. A laptop is more likely to appear on sidetables (1-3), diningtable (1), or shelf (1). I will check one by one, starting with sidetable 3."
    },
    {
      "obs": "You arrive at loc 8. On the sidetable 3, you see a tissuebox 1, a tissuebox 3, and a vase 3.",
      "act": "go to armchair 1",
      "thought": "I am now in/on: sidetable 3\nCritical objects I have found:\nNone\nObjects I have taken:\nNone\nOn sidetable 3, there is no laptop. Next, I need to check other likely locations for a laptop. However, going to armchair 1 is not productive as laptops are not typically found on armchairs. I should instead check the remaining sidetables, the diningtable, or the shelf. I will go to sidetable 2 next."
    },
    {
      "obs": "You arrive at loc 2. On the armchair 1, you see a pillow 1.",
      "act": "go to sofa 1",
      "thought": "I mistakenly went to armchair 1 instead of continuing my search for the laptop. I need to correct my course and continue looking for the laptop on the remaining sidetables, the diningtable, or the shelf. I will go to sidetable 2 next."
    },
    {
      "obs": "You arrive at loc 6. On the sofa 1, you see nothing.",
      "act": "go to sidetable 2",
      "thought": "I am now in/on: sofa 1\nCritical objects I have found:\nNone\nObjects I have taken:\nNone\nOn sofa 1, there is no laptop. I need to continue my search for the laptop. I will now check sidetable 2."
    },
    {
      "obs": "You arrive at loc 19. On the sidetable 2, you see a creditcard 1, a houseplant 1, a laptop 1, and a statue 2.",
      "act": "take laptop 1 from sidetable 2",
      "thought": "I am now in/on: sidetable 2\nCritical objects I have found:\nlaptop 1 (sidetable 2)\nObjects I have taken:\nNone\nI have found a laptop (1) on sidetable 2. Next, I need to take it."
    },
    {
      "obs": "You pick up the laptop 1 from the sidetable 2.",
      "act": "go to sofa 1",
      "thought": "I am now in/on: sidetable 2\nCritical objects I have found:\nlaptop 1 (sidetable 2)\nObjects I have taken:\nlaptop 1\nNow that I have the laptop (1), I need to put it on the sofa. I will go to sofa 1 to complete the task."
    },
    {
      "obs": "You pick up the laptop 1 from the sidetable 2.",
      "act": "put laptop 1 in/on sofa 1",
      "thought": "I am now in/on: sidetable 2\nCritical objects I have found:\nlaptop 1 (sidetable 2)\nObjects I have taken:\nlaptop 1\nI have taken the laptop (1) and I am heading to the sofa to complete the task. Now I need to put the laptop on the sofa."
    },
    {
      "obs": "You put the laptop 1 in/on the sofa 1.",
      "act": "go to sidetable 3"
    }
  ]
}