{
  "task": "put a soapbottle in garbagecan.",
  "traj": [
    {
      "obs": "You are in the middle of a room. Looking quickly around you, you see a bathtubbasin 1, a cabinet 1, a cabinet 2, a cabinet 3, a cabinet 4, a countertop 1, a garbagecan 1, a handtowelholder 1, a sinkbasin 1, a sinkbasin 2, a toilet 1, a toiletpaperhanger 1, and a towelholder 1.",
      "act": "go to cabinet 4",
      "thought": "I am now in/on: the middle of a room\nCritical objects I have found:\nNone\nObjects I have taken:\nNone\nTo solve the task, I need to find and take a soapbottle, then put it in the garbagecan. A soapbottle is more likely to appear in cabinets (1-4) or on the countertop (1). I will check the cabinets one by one, starting with cabinet 4."
    },
    {
      "obs": "You arrive at loc 8. The cabinet 4 is closed.",
      "act": "open cabinet 4",
      "thought": "I am now in/on: cabinet 4\nCritical objects I have found:\nNone\nObjects I have taken:\nNone\nTo see objects in cabinet 4, I have to open it first."
    },
    {
      "obs": "You open the cabinet 4. The cabinet 4 is open. In it, you see a soapbottle 2.",
      "act": "take soapbottle 2 from cabinet 4",
      "thought": "I am now in/on: cabinet 4\nCritical objects I have found:\nsoapbottle 2 (cabinet 4)\nObjects I have taken:\nNone\nNow I have found a soapbottle (2) in cabinet 4. Next, I need to take it."
    },
    {
      "obs": "You pick up the soapbottle 2 from the cabinet 4.",
      "act": "go to garbagecan 1",
      "thought": "I am now in/on: cabinet 4\nCritical objects I have found:\nsoapbottle 2 (cabinet 4)\nObjects I have taken:\nsoapbottle 2\nNow I have taken the soapbottle (2). Next, I need to go to the garbagecan to put the soapbottle in it."
    },
    {
      "obs": "You arrive at loc 17. On the garbagecan 1, you see nothing.",
      "act": "put soapbottle 2 in/on garbagecan 1",
      "thought": "I am now in/on: garbagecan 1\nCritical objects I have found:\nsoapbottle 2 (cabinet 4)\nObjects I have taken:\nsoapbottle 2\nNow I am at the garbagecan 1. Next, I need to put the soapbottle 2 in/on it."
    },
    {
      "obs": "You put the soapbottle 2 in/on the garbagecan 1.",
      "act": "go to cabinet 4"
    }
  ]
}