{
  "task": "put some toiletpaper on toiletpaperhanger.",
  "traj": [
    {
      "obs": "You are in the middle of a room. Looking quickly around you, you see a bathtubbasin 1, a cart 1, a garbagecan 1, a handtowelholder 1, a handtowelholder 2, a shelf 1, a shelf 2, a shelf 3, a shelf 4, a sinkbasin 1, a toilet 1, a toiletpaperhanger 1, a towelholder 1, and a towelholder 2.",
      "act": "go to toiletpaperhanger 1",
      "thought": "I am now in/on: the middle of a room\nCritical objects I have found:\nNone\nObjects I have taken:\nNone\nTo solve the task, I need to find and take some toiletpaper, then put it on the toiletpaperhanger. First, I need to find toiletpaper. Toiletpaper is more likely to appear in a shelf, cart, or possibly near the toilet. I can check one by one, starting with shelf 1."
    },
    {
      "obs": "You arrive at loc 9. On the toiletpaperhanger 1, you see nothing.",
      "act": "go to shelf 4",
      "thought": "I am now in/on: the middle of a room\nCritical objects I have found:\nNone\nObjects I have taken:\nNone\nTo solve the task, I need to find and take some toiletpaper, then put it on the toiletpaperhanger. First, I need to find toiletpaper. Toiletpaper is more likely to appear on a shelf, cart, or possibly near the toilet. I will start by checking shelf 4, as it's one of the places where toiletpaper might be stored."
    },
    {
      "obs": "You arrive at loc 18. On the shelf 4, you see a candle 1, a candle 2, and a toiletpaper 3.",
      "act": "take toiletpaper 3 from shelf 4",
      "thought": "I am now in/on: shelf 4\nCritical objects I have found:\ntoiletpaper 3 (shelf 4)\nObjects I have taken:\nNone\nNow I have found some toiletpaper (3) on shelf 4. Next, I need to take it."
    },
    {
      "obs": "You pick up the toiletpaper 3 from the shelf 4.",
      "act": "go to toiletpaperhanger 1",
      "thought": "I am now in/on: shelf 4\nCritical objects I have found:\ntoiletpaper 3 (shelf 4)\nObjects I have taken:\ntoiletpaper 3\nNow I have taken the toiletpaper (3). Next, I need to go to the toiletpaperhanger 1 to put the toiletpaper on it."
    },
    {
      "obs": "You pick up the toiletpaper 3 from the shelf 4.",
      "act": "put toiletpaper 3 in/on toiletpaperhanger 1",
      "thought": "I am now in/on: shelf 4\nCritical objects I have found:\ntoiletpaper 3 (shelf 4)\nObjects I have taken:\ntoiletpaper 3\nNow I have taken the toiletpaper (3). Next, I need to put it on the toiletpaperhanger 1. However, it seems there was an error in the observation as it repeated the action of picking up the toiletpaper. I should be on my way to the toiletpaperhanger 1 now."
    },
    {
      "obs": "You put the toiletpaper 3 in/on the toiletpaperhanger 1.",
      "act": "go to shelf 4"
    }
  ]
}