{
  "task": "put some soapbottle on garbagecan.",
  "traj": [
    {
      "obs": "You are in the middle of a room. Looking quickly around you, you see a countertop 1, a drawer 1, a drawer 2, a drawer 3, a drawer 4, a drawer 5, a drawer 6, a drawer 7, a drawer 8, a garbagecan 1, a handtowelholder 1, a sinkbasin 1, a sinkbasin 2, a toilet 1, a toiletpaperhanger 1, and a towelholder 1.",
      "act": "go to toilet 1",
      "thought": "I am now in/on: the middle of a room\nCritical objects I have found:\nNone\nObjects I have taken:\nNone\nTo solve the task, I need to find and take a soapbottle, then put it on the garbagecan. First, I need to find a soapbottle. A soapbottle is more likely to appear in drawers (1-8), sinkbasins (1-2), or on the countertop (1). I can check one by one, starting with the closest target which is the toilet 1, although it's less likely to have a soapbottle, it's worth checking quickly before moving on to more probable locations."
    },
    {
      "obs": "You arrive at loc 17. On the toilet 1, you see a spraybottle 2, a spraybottle 3, and a toiletpaper 1.",
      "act": "go to drawer 4",
      "thought": "I am now in/on: toilet 1\nCritical objects I have found:\nNone\nObjects I have taken:\nNone\nOn toilet 1, there is no soapbottle. Next, I need to check the drawers, starting with drawer 4 as it is one of the closest targets."
    },
    {
      "obs": "You arrive at loc 7. The drawer 4 is closed.",
      "act": "open drawer 4",
      "thought": "I am now in/on: drawer 4\nCritical objects I have found:\nNone\nObjects I have taken:\nNone\nTo see objects in drawer 4, I have to open it first."
    },
    {
      "obs": "You open the drawer 4. The drawer 4 is open. In it, you see a soapbar 1.",
      "act": "go to drawer 5",
      "thought": "I am now in/on: drawer 4\nCritical objects I have found:\nNone\nObjects I have taken:\nNone\nIn drawer 4, there is a soapbar but no soapbottle. Next, I need to check drawer 5."
    },
    {
      "obs": "You arrive at loc 5. The drawer 5 is closed.",
      "act": "open drawer 5",
      "thought": "I am now in/on: drawer 5\nCritical objects I have found:\nNone\nObjects I have taken:\nNone\nTo see objects in drawer 5, I have to open it first."
    },
    {
      "obs": "You open the drawer 5. The drawer 5 is open. In it, you see nothing.",
      "act": "go to drawer 7",
      "thought": "I am now in/on: drawer 5\nCritical objects I have found:\nNone\nObjects I have taken:\nNone\nIn drawer 5, there is no soapbottle. Next, I need to check drawer 7."
    },
    {
      "obs": "You arrive at loc 11. On the drawer 7, you see nothing.",
      "act": "go to drawer 3",
      "thought": "I am now in/on: drawer 7\nCritical objects I have found:\nNone\nObjects I have taken:\nNone\nIn drawer 7, there is no soapbottle. Next, I need to check drawer 3."
    },
    {
      "obs": "You arrive at loc 6. The drawer 3 is closed.",
      "act": "open drawer 3",
      "thought": "I am now in/on: drawer 7\nCritical objects I have found:\nNone\nObjects I have taken:\nNone\nIn drawer 7, there is no soapbottle. Next, I need to open drawer 3 to check for a soapbottle."
    },
    {
      "obs": "You open the drawer 3. The drawer 3 is open. In it, you see a toiletpaper 2.",
      "act": "go to countertop 1",
      "thought": "I am now in/on: drawer 3\nCritical objects I have found:\nNone\nObjects I have taken:\nNone\nIn drawer 3, there is no soapbottle. Next, I need to check the countertop 1."
    },
    {
      "obs": "You arrive at loc 14. On the countertop 1, you see a candle 1, a cloth 1, a dishsponge 1, a soapbottle 1, and a spraybottle 1.",
      "act": "take soapbottle 1 from countertop 1",
      "thought": "I am now in/on: countertop 1\nCritical objects I have found:\nsoapbottle 1 (countertop 1)\nObjects I have taken:\nNone\nOn the countertop 1, I have found a soapbottle (1). Next, I need to take it."
    },
    {
      "obs": "You pick up the soapbottle 1 from the countertop 1.",
      "act": "go to garbagecan 1",
      "thought": "I am now in/on: countertop 1\nCritical objects I have found:\nsoapbottle 1 (countertop 1)\nObjects I have taken:\nsoapbottle 1\nNow I have taken the soapbottle (1). Next, I need to go to and put it on the garbagecan 1."
    },
    {
      "obs": "You arrive at loc 1. On the garbagecan 1, you see nothing.",
      "act": "put soapbottle 1 in/on garbagecan 1",
      "thought": "I am now in/on: garbagecan 1\nCritical objects I have found:\nsoapbottle 1 (countertop 1)\nObjects I have taken:\nsoapbottle 1\nNow I am at the garbagecan 1. Next, I need to put the soapbottle 1 in/on it."
    },
    {
      "obs": "You put the soapbottle 1 in/on the garbagecan 1.",
      "act": "go to toilet 1"
    }
  ]
}