{
  "task": "put some laptop on sidetable.",
  "traj": [
    {
      "obs": "You are in the middle of a room. Looking quickly around you, you see a armchair 1, a coffeetable 1, a coffeetable 2, a diningtable 1, a drawer 1, a garbagecan 1, a sidetable 1, and a sofa 1.",
      "act": "go to sidetable 1",
      "thought": "I am now in/on: the middle of a room\nCritical objects I have found:\nNone\nObjects I have taken:\nNone\nTo solve the task, I need to find and take a laptop, then put it on the sidetable. First, I need to find a laptop. A laptop is more likely to appear on surfaces like coffeetables, diningtables, or sidetables. I will start by checking the sidetable 1 since it is also the target location for placing the laptop."
    },
    {
      "obs": "You arrive at loc 20. On the sidetable 1, you see a statue 1.",
      "act": "go to diningtable 1",
      "thought": "I am now in/on: sidetable 1\nCritical objects I have found:\nNone\nObjects I have taken:\nNone\nOn sidetable 1, there is no laptop. Next, I need to check diningtable 1."
    },
    {
      "obs": "You arrive at loc 13. On the diningtable 1, you see a keychain 1, a laptop 1, a pen 1, a plate 1, a plate 2, a remotecontrol 2, a vase 1, and a vase 2.",
      "act": "take laptop 1 from diningtable 1",
      "thought": "I am now in/on: diningtable 1\nCritical objects I have found:\nlaptop 1 (diningtable 1)\nObjects I have taken:\nNone\nNow I have found a laptop (1) on the diningtable 1. Next, I need to take it."
    },
    {
      "obs": "You pick up the laptop 1 from the diningtable 1.",
      "act": "go to sidetable 1",
      "thought": "I am now in/on: diningtable 1\nCritical objects I have found:\nlaptop 1 (diningtable 1)\nObjects I have taken:\nlaptop 1\nNow I have taken the laptop (1). Next, I need to go to the sidetable 1 to put the laptop on it."
    },
    {
      "obs": "You pick up the laptop 1 from the diningtable 1.",
      "act": "put laptop 1 in/on sidetable 1",
      "thought": "I am now in/on: diningtable 1\nCritical objects I have found:\nlaptop 1 (diningtable 1)\nObjects I have taken:\nlaptop 1\nI have the laptop (1) and I am heading to the sidetable 1 to complete the task."
    },
    {
      "obs": "You put the laptop 1 in/on the sidetable 1.",
      "act": "go to diningtable 1"
    }
  ]
}