{
  "task": "put a watch in coffeetable.",
  "traj": [
    {
      "obs": "You are in the middle of a room. Looking quickly around you, you see a armchair 1, a armchair 2, a coffeetable 1, a diningtable 1, a diningtable 2, a drawer 1, a drawer 2, a garbagecan 1, a sidetable 1, a sidetable 2, a sofa 1, and a tvstand 1.",
      "act": "go to sidetable 1",
      "thought": "I am now in/on: the middle of a room\nCritical objects I have found:\nNone\nObjects I have taken:\nNone\nTo solve the task, I need to find and take a watch, then put it in/on the coffeetable. First, I need to find a watch. A watch is more likely to appear on sidetables (1-2), drawers (1-2), or perhaps on the diningtables (1-2). I will check one by one, starting with sidetable 1."
    },
    {
      "obs": "You arrive at loc 2. On the sidetable 1, you see a vase 2.",
      "act": "go to coffeetable 1",
      "thought": "I am now in/on: sidetable 1\nCritical objects I have found:\nNone\nObjects I have taken:\nNone\nOn sidetable 1, there is no watch. Next, I need to check coffeetable 1 to see if the watch is already there before continuing to search other locations."
    },
    {
      "obs": "You arrive at loc 20. On the coffeetable 1, you see a creditcard 1, a creditcard 2, a newspaper 1, a pen 2, a pencil 2, a pencil 3, a plate 2, a tissuebox 1, and a tissuebox 2.",
      "act": "go to sidetable 2",
      "thought": "I am now in/on: coffeetable 1\nCritical objects I have found:\nNone\nObjects I have taken:\nNone\nOn coffeetable 1, there is no watch. Next, I need to check sidetable 2."
    },
    {
      "obs": "You arrive at loc 10. On the sidetable 2, you see a curtains 1, and a watch 2.",
      "act": "take watch 2 from sidetable 2",
      "thought": "I am now in/on: sidetable 2\nCritical objects I have found:\nwatch 2 (sidetable 2)\nObjects I have taken:\nNone\nNow I find a watch (2). Next, I need to take it."
    },
    {
      "obs": "You pick up the watch 2 from the sidetable 2.",
      "act": "go to coffeetable 1",
      "thought": "I am now in/on: sidetable 2\nCritical objects I have found:\nwatch 2 (sidetable 2)\nObjects I have taken:\nwatch 2\nNow I have taken the watch (2). Next, I need to go to and put it in/on coffeetable 1."
    },
    {
      "obs": "You pick up the watch 2 from the sidetable 2.",
      "act": "put watch 2 in/on coffeetable 1",
      "thought": "I am now in/on: sidetable 2\nCritical objects I have found:\nwatch 2 (sidetable 2)\nObjects I have taken:\nwatch 2\nNow I have taken the watch (2). Next, I need to put it in/on coffeetable 1. However, it seems there was an error in the observation as it repeated the action of picking up the watch. I will proceed with the action to put the watch on the coffeetable."
    },
    {
      "obs": "You put the watch 2 in/on the coffeetable 1.",
      "act": "go to sidetable 1"
    }
  ]
}