{
  "task": "put a toiletpaper in toiletpaperhanger.",
  "traj": [
    {
      "obs": "You are in the middle of a room. Looking quickly around you, you see a bathtubbasin 1, a cart 1, a countertop 1, a drawer 1, a drawer 2, a drawer 3, a drawer 4, a garbagecan 1, a handtowelholder 1, a shelf 1, a sinkbasin 1, a toilet 1, a toiletpaperhanger 1, and a towelholder 1.",
      "act": "go to drawer 2",
      "thought": "I am now in/on: the middle of a room\nCritical objects I have found:\nNone\nObjects I have taken:\nNone\nTo solve the task, I need to find and take a toiletpaper, then put it in the toiletpaperhanger. First, I need to find a toiletpaper. A toiletpaper is more likely to appear in drawers (1-4), shelf (1), or cart (1). I can check one by one, starting with drawer 2."
    },
    {
      "obs": "You arrive at loc 23. The drawer 2 is closed.",
      "act": "open drawer 2",
      "thought": "I am now in/on: drawer 2\nCritical objects I have found:\nNone\nObjects I have taken:\nNone\nTo see objects in drawer 2, I have to open it first."
    },
    {
      "obs": "You open the drawer 2. The drawer 2 is open. In it, you see nothing.",
      "act": "go to garbagecan 1",
      "thought": "I am now in/on: drawer 2\nCritical objects I have found:\nNone\nObjects I have taken:\nNone\nDrawer 2 is empty, so there is no toiletpaper here. Next, I need to check other likely places. Although toiletpaper is not typically found in a garbagecan, I will check it just in case."
    },
    {
      "obs": "You arrive at loc 3. On the garbagecan 1, you see nothing.",
      "act": "go to drawer 4",
      "thought": "I am now in/on: garbagecan 1\nCritical objects I have found:\nNone\nObjects I have taken:\nNone\nThe garbagecan 1 is empty, so there is no toiletpaper here. Next, I need to check drawer 4."
    },
    {
      "obs": "You arrive at loc 12. The drawer 4 is closed.",
      "act": "open drawer 4",
      "thought": "I am now in/on: drawer 4\nCritical objects I have found:\nNone\nObjects I have taken:\nNone\nTo see objects in drawer 4, I have to open it first."
    },
    {
      "obs": "You open the drawer 4. The drawer 4 is open. In it, you see nothing.",
      "act": "go to toilet 1",
      "thought": "I am now in/on: drawer 4\nCritical objects I have found:\nNone\nObjects I have taken:\nNone\nDrawer 4 is empty, so there is no toiletpaper here. Next, I need to check other likely places. The toilet is not a typical place to find a new roll of toiletpaper, but I will check it just in case before moving on to other drawers or the shelf."
    },
    {
      "obs": "You arrive at loc 7. On the toilet 1, you see a candle 3, a soapbottle 2, a soapbottle 3, and a toiletpaper 2.",
      "act": "take toiletpaper 2 from toilet 1",
      "thought": "I am now in/on: toilet 1\nCritical objects I have found:\ntoiletpaper 2 (toilet 1)\nObjects I have taken:\nNone\nI have found a toiletpaper (2) on the toilet 1. Next, I need to take it."
    },
    {
      "obs": "You pick up the toiletpaper 2 from the toilet 1.",
      "act": "go to toiletpaperhanger 1",
      "thought": "I am now in/on: toilet 1\nCritical objects I have found:\ntoiletpaper 2 (toilet 1)\nObjects I have taken:\ntoiletpaper 2\nNow I have taken the toiletpaper (2). Next, I need to go to and put it in the toiletpaperhanger 1."
    },
    {
      "obs": "You arrive at loc 11. On the toiletpaperhanger 1, you see nothing.",
      "act": "put toiletpaper 2 in/on toiletpaperhanger 1",
      "thought": "I am now in/on: toiletpaperhanger 1\nCritical objects I have found:\ntoiletpaper 2 (toilet 1)\nObjects I have taken:\ntoiletpaper 2\nNow I am at the toiletpaperhanger 1. Next, I need to put the toiletpaper 2 in/on it."
    },
    {
      "obs": "You put the toiletpaper 2 in/on the toiletpaperhanger 1.",
      "act": "go to drawer 2"
    }
  ]
}