{
  "task": "put some glassbottle on countertop.",
  "traj": [
    {
      "obs": "You are in the middle of a room. Looking quickly around you, you see a cabinet 1, a cabinet 10, a cabinet 2, a cabinet 3, a cabinet 4, a cabinet 5, a cabinet 6, a cabinet 7, a cabinet 8, a cabinet 9, a coffeemachine 1, a countertop 1, a diningtable 1, a drawer 1, a drawer 2, a fridge 1, a garbagecan 1, a microwave 1, a sinkbasin 1, a stoveburner 1, a stoveburner 2, a stoveburner 3, a stoveburner 4, and a toaster 1.",
      "act": "go to cabinet 1",
      "thought": "I am now in/on: the middle of a room\nCritical objects I have found:\nNone\nObjects I have taken:\nNone\nTo solve the task, I need to find and take a glassbottle, then put it on the countertop. First, I need to find a glassbottle. A glassbottle is more likely to appear in cabinets (1-10), diningtable (1), or sinkbasin (1). I can check one by one, starting with cabinet 1."
    },
    {
      "obs": "You arrive at loc 2. The cabinet 1 is closed.",
      "act": "open cabinet 1",
      "thought": "I am now in/on: cabinet 1\nCritical objects I have found:\nNone\nObjects I have taken:\nNone\nTo see objects in cabinet 1, I have to open it first."
    },
    {
      "obs": "You open the cabinet 1. The cabinet 1 is open. In it, you see a saltshaker 1.",
      "act": "go to sinkbasin 1",
      "thought": "I am now in/on: cabinet 1\nCritical objects I have found:\nNone\nObjects I have taken:\nNone\nIn cabinet 1, there is no glassbottle. Next, I need to check sinkbasin 1, as it's another common place where glassbottles might be found."
    },
    {
      "obs": "You arrive at loc 18. On the sinkbasin 1, you see a cup 3, and a potato 1.",
      "act": "go to microwave 1",
      "thought": "I am now in/on: sinkbasin 1\nCritical objects I have found:\nNone\nObjects I have taken:\nNone\nOn sinkbasin 1, there is no glassbottle. Next, I need to check microwave 1, as sometimes people place items on top of the microwave."
    },
    {
      "obs": "You arrive at loc 14. The microwave 1 is closed.",
      "act": "open microwave 1",
      "thought": "I am now in/on: sinkbasin 1\nCritical objects I have found:\nNone\nObjects I have taken:\nNone\nOpening the microwave is not necessary as I am looking for a glassbottle, which is unlikely to be inside a microwave. I should continue searching the cabinets or check the dining table where a glassbottle might be placed."
    },
    {
      "obs": "You open the microwave 1. The microwave 1 is open. In it, you see a bowl 2.",
      "act": "go to cabinet 9",
      "thought": "I am now in/on: microwave 1\nCritical objects I have found:\nNone\nObjects I have taken:\nNone\nIn the microwave, there is no glassbottle. I should continue searching the cabinets. Next, I will check cabinet 9."
    },
    {
      "obs": "You arrive at loc 20. On the cabinet 9, you see nothing.",
      "act": "go to countertop 1",
      "thought": "I am now in/on: cabinet 9\nCritical objects I have found:\nNone\nObjects I have taken:\nNone\nIn cabinet 9, there is no glassbottle. I have not yet checked the diningtable 1, which is another common place where a glassbottle might be found. However, since my task is to put a glassbottle on the countertop and I am already at cabinet 9, which is likely close to the countertop, I will check the countertop 1 next to see if there is already a glassbottle there that I can simply move to complete the task."
    },
    {
      "obs": "You arrive at loc 24. On the countertop 1, you see a cup 1, a egg 1, a lettuce 3, a mug 2, a pen 2, a soapbottle 1, a spatula 2, and a tomato 1.",
      "act": "go to cabinet 8",
      "thought": "I am now in/on: countertop 1\nCritical objects I have found:\nNone\nObjects I have taken:\nNone\nOn countertop 1, there is no glassbottle. I will continue searching the cabinets. Next, I will check cabinet 8."
    },
    {
      "obs": "You arrive at loc 27. On the cabinet 8, you see nothing.",
      "act": "go to diningtable 1",
      "thought": "I am now in/on: cabinet 8\nCritical objects I have found:\nNone\nObjects I have taken:\nNone\nIn cabinet 8, there is no glassbottle. Next, I need to check diningtable 1, as it's another common place where a glassbottle might be found."
    },
    {
      "obs": "You arrive at loc 9. On the diningtable 1, you see a bowl 1, a butterknife 1, a fork 1, a glassbottle 1, a knife 1, a knife 2, a lettuce 1, a lettuce 2, a pen 1, a pencil 1, a plate 1, a spatula 1, a spoon 1, a spoon 2, a winebottle 1, a winebottle 2, and a winebottle 3.",
      "act": "take glassbottle 1 from diningtable 1",
      "thought": "I am now in/on: diningtable 1\nCritical objects I have found:\nglassbottle 1 (diningtable 1)\nObjects I have taken:\nNone\nI have found a glassbottle (1) on the diningtable 1. Next, I need to take it."
    },
    {
      "obs": "You pick up the glassbottle 1 from the diningtable 1.",
      "act": "go to countertop 1",
      "thought": "I am now in/on: diningtable 1\nCritical objects I have found:\nglassbottle 1 (diningtable 1)\nObjects I have taken:\nglassbottle 1\nNow I have taken the glassbottle (1). Next, I need to go to and put it on the countertop 1."
    },
    {
      "obs": "You pick up the glassbottle 1 from the diningtable 1.",
      "act": "put glassbottle 1 in/on countertop 1",
      "thought": "I am now in/on: diningtable 1\nCritical objects I have found:\nglassbottle 1 (diningtable 1)\nObjects I have taken:\nglassbottle 1\n\nI have the glassbottle (1) and need to put it on the countertop 1. I will proceed to do so."
    },
    {
      "obs": "You put the glassbottle 1 in/on the countertop 1.",
      "act": "go to cabinet 1"
    }
  ]
}