{
  "task": "put some creditcard on shelf.",
  "traj": [
    {
      "obs": "You are in the middle of a room. Looking quickly around you, you see a bed 1, a desk 1, a drawer 1, a drawer 2, a drawer 3, a garbagecan 1, a laundryhamper 1, a shelf 1, a shelf 2, and a sidetable 1.",
      "act": "go to sidetable 1",
      "thought": "I am now in/on: the middle of a room\nCritical objects I have found:\nNone\nObjects I have taken:\nNone\nTo solve the task, I need to find and take a credit card, then put it on a shelf. First, I need to find a credit card. A credit card is more likely to appear in places where personal items are kept, such as drawers (1-3), sidetable (1), or shelf (1-2). I will start by checking the sidetable 1."
    },
    {
      "obs": "You arrive at loc 20. On the sidetable 1, you see a cellphone 1, a cellphone 2, a creditcard 3, a desklamp 1, a keychain 2, a pen 1, and a pen 2.",
      "act": "take creditcard 3 from sidetable 1",
      "thought": "I am now in/on: sidetable 1\nCritical objects I have found:\ncreditcard 3 (sidetable 1)\nObjects I have taken:\nNone\nI have found a credit card (3) on the sidetable 1. Next, I need to take it."
    },
    {
      "obs": "You pick up the creditcard 3 from the sidetable 1.",
      "act": "go to shelf 1",
      "thought": "I am now in/on: sidetable 1\nCritical objects I have found:\ncreditcard 3 (sidetable 1)\nObjects I have taken:\ncreditcard 3\nNow that I have the credit card (3), I need to put it on a shelf. I will go to shelf 1 to complete the task."
    },
    {
      "obs": "You arrive at loc 12. On the shelf 1, you see a alarmclock 1, a alarmclock 2, a cd 1, a pencil 1, and a remotecontrol 1.",
      "act": "put creditcard 3 in/on shelf 1",
      "thought": "I am now in/on: shelf 1\nCritical objects I have found:\ncreditcard 3 (sidetable 1)\nObjects I have taken:\ncreditcard 3\nI am at shelf 1 and I have the credit card (3) with me. Now I need to put the credit card on the shelf to complete the task."
    },
    {
      "obs": "You put the creditcard 3 in/on the shelf 1.",
      "act": "go to sidetable 1"
    }
  ]
}