{
  "task": "put some newspaper on sofa.",
  "traj": [
    {
      "obs": "You are in the middle of a room. Looking quickly around you, you see a armchair 1, a coffeetable 1, a drawer 1, a garbagecan 1, a shelf 1, a shelf 2, a shelf 3, a shelf 4, a shelf 5, a sidetable 1, a sidetable 2, a sofa 1, and a tvstand 1.",
      "act": "go to armchair 1",
      "thought": "I am now in/on: the middle of a room\nCritical objects I have found:\nNone\nObjects I have taken:\nNone\nTo solve the task, I need to find and take a newspaper, then put it on the sofa. First, I need to find a newspaper. A newspaper is more likely to appear on surfaces like coffeetables, sidetables, shelves, or maybe even in the garbagecan. I will start by checking the armchair 1, as newspapers are sometimes found near seating areas."
    },
    {
      "obs": "You arrive at loc 9. On the armchair 1, you see nothing.",
      "act": "go to shelf 4",
      "thought": "I am now in/on: armchair 1\nCritical objects I have found:\nNone\nObjects I have taken:\nNone\nOn armchair 1, there is no newspaper. Next, I need to check shelf 4, as shelves are common places to store newspapers."
    },
    {
      "obs": "You arrive at loc 6. On the shelf 4, you see a plate 2, and a vase 2.",
      "act": "go to shelf 2",
      "thought": "I am now in/on: shelf 4\nCritical objects I have found:\nNone\nObjects I have taken:\nNone\nOn shelf 4, there is no newspaper. Next, I need to check shelf 2, as I continue searching the shelves for a newspaper."
    },
    {
      "obs": "You arrive at loc 10. On the shelf 2, you see a remotecontrol 3.",
      "act": "go to shelf 1",
      "thought": "I am now in/on: shelf 2\nCritical objects I have found:\nNone\nObjects I have taken:\nNone\nOn shelf 2, there is no newspaper. Next, I need to check shelf 1, as I continue searching the shelves for a newspaper."
    },
    {
      "obs": "You arrive at loc 8. On the shelf 1, you see a keychain 3.",
      "act": "go to shelf 3",
      "thought": "I am now in/on: shelf 1\nCritical objects I have found:\nNone\nObjects I have taken:\nNone\nOn shelf 1, there is no newspaper. Next, I need to check shelf 3, as I continue searching the shelves for a newspaper."
    },
    {
      "obs": "You arrive at loc 7. On the shelf 3, you see nothing.",
      "act": "go to coffeetable 1",
      "thought": "I am now in/on: shelf 3\nCritical objects I have found:\nNone\nObjects I have taken:\nNone\nOn shelf 3, there is no newspaper. Next, I need to check coffeetable 1, as newspapers are often left on coffee tables in living areas."
    },
    {
      "obs": "You arrive at loc 4. On the coffeetable 1, you see a cellphone 1, a creditcard 2, a keychain 1, a newspaper 1, a plate 1, and a statue 3.",
      "act": "take newspaper 1 from coffeetable 1",
      "thought": "I am now in/on: coffeetable 1\nCritical objects I have found:\nnewspaper 1 (coffeetable 1)\nObjects I have taken:\nNone\nNow I find a newspaper (1). Next, I need to take it."
    },
    {
      "obs": "You pick up the newspaper 1 from the coffeetable 1.",
      "act": "go to sofa 1",
      "thought": "I am now in/on: coffeetable 1\nCritical objects I have found:\nnewspaper 1 (coffeetable 1)\nObjects I have taken:\nnewspaper 1\nNow I have taken the newspaper (1). Next, I need to go to the sofa and put it there."
    },
    {
      "obs": "You arrive at loc 14. On the sofa 1, you see a pillow 1, a remotecontrol 1, and a remotecontrol 2.",
      "act": "put newspaper 1 in/on sofa 1",
      "thought": "I am now in/on: sofa 1\nCritical objects I have found:\nnewspaper 1 (coffeetable 1)\nObjects I have taken:\nnewspaper 1\nNow I am on the sofa 1. Next, I need to put the newspaper 1 in/on it."
    },
    {
      "obs": "You put the newspaper 1 in/on the sofa 1.",
      "act": "go to armchair 1"
    }
  ]
}