{
  "task": "put a book in sofa.",
  "traj": [
    {
      "obs": "You are in the middle of a room. Looking quickly around you, you see a armchair 1, a coffeetable 1, a garbagecan 1, a sidetable 1, a sofa 1, and a tvstand 1.",
      "act": "go to armchair 1",
      "thought": "I am now in/on: the middle of a room\nCritical objects I have found:\nNone\nObjects I have taken:\nNone\nTo solve the task, I need to find and take a book, then put it in the sofa. First, I need to find a book. A book is more likely to appear on furniture like armchairs, coffee tables, side tables, or tv stands. I will check one by one, starting with armchair 1."
    },
    {
      "obs": "You arrive at loc 9. On the armchair 1, you see a remotecontrol 1.",
      "act": "go to sofa 1",
      "thought": "I am now in/on: armchair 1\nCritical objects I have found:\nNone\nObjects I have taken:\nNone\nOn armchair 1, there is no book. Next, I need to check sofa 1, as it's possible that the book I need to move is already there."
    },
    {
      "obs": "You arrive at loc 3. On the sofa 1, you see a creditcard 2, a creditcard 3, a pillow 1, and a pillow 2.",
      "act": "go to coffeetable 1",
      "thought": "I am now in/on: sofa 1\nCritical objects I have found:\nNone\nObjects I have taken:\nNone\nOn sofa 1, there is no book. Next, I need to check coffeetable 1."
    },
    {
      "obs": "You arrive at loc 1. On the coffeetable 1, you see a houseplant 1, a keychain 2, a laptop 1, a watch 1, a watch 2, and a watch 3.",
      "act": "go to sidetable 1",
      "thought": "I am now in/on: coffeetable 1\nCritical objects I have found:\nNone\nObjects I have taken:\nNone\nOn coffeetable 1, there is no book. Next, I need to check sidetable 1."
    },
    {
      "obs": "You arrive at loc 12. On the sidetable 1, you see a book 1, a box 1, and a creditcard 1.",
      "act": "take book 1 from sidetable 1",
      "thought": "I am now in/on: sidetable 1\nCritical objects I have found:\nbook 1 (sidetable 1)\nObjects I have taken:\nNone\nNow I find a book (1). Next, I need to take it."
    },
    {
      "obs": "You pick up the book 1 from the sidetable 1.",
      "act": "go to sofa 1",
      "thought": "I am now in/on: sidetable 1\nCritical objects I have found:\nbook 1 (sidetable 1)\nObjects I have taken:\nbook 1\nNow I have taken the book (1). Next, I need to go to the sofa and put it there."
    },
    {
      "obs": "You pick up the book 1 from the sidetable 1.",
      "act": "put book 1 in/on sofa 1",
      "thought": "I am now in/on: sidetable 1\nCritical objects I have found:\nbook 1 (sidetable 1)\nObjects I have taken:\nbook 1\nI have the book (1) and I am heading to the sofa to complete the task. I need to put the book in/on the sofa."
    },
    {
      "obs": "You put the book 1 in/on the sofa 1.",
      "act": "go to armchair 1"
    }
  ]
}