{
  "task": "put some pencil on desk.",
  "traj": [
    {
      "obs": "You are in the middle of a room. Looking quickly around you, you see a armchair 1, a armchair 2, a armchair 3, a bed 1, a cabinet 1, a cabinet 2, a desk 1, a drawer 1, a drawer 2, a drawer 3, a drawer 4, a garbagecan 1, a laundryhamper 1, a safe 1, and a sidetable 1.",
      "act": "go to sidetable 1",
      "thought": "I am now in/on: the middle of a room\nCritical objects I have found:\nNone\nObjects I have taken:\nNone\nTo solve the task, I need to find and take a pencil, then put it on the desk. First, I need to find a pencil. A pencil is more likely to appear in places like desks, drawers, or sidetables. I will start by checking the sidetable 1."
    },
    {
      "obs": "You arrive at loc 29. On the sidetable 1, you see a cd 1, a desklamp 1, a pen 1, a pencil 1, and a pencil 2.",
      "act": "take pencil 2 from sidetable 1",
      "thought": "I am now in/on: sidetable 1\nCritical objects I have found:\npencil 2 (sidetable 1)\nObjects I have taken:\nNone\nI have found pencils on the sidetable 1. Next, I need to take one of them."
    },
    {
      "obs": "You pick up the pencil 2 from the sidetable 1.",
      "act": "go to desk 1",
      "thought": "I am now in/on: sidetable 1\nCritical objects I have found:\npencil 2 (sidetable 1)\nObjects I have taken:\npencil 2\nNow that I have taken pencil 2, I need to go to the desk 1 to complete the task."
    },
    {
      "obs": "You arrive at loc 9. On the desk 1, you see a alarmclock 1, a alarmclock 2, a cellphone 1, a houseplant 1, and a mug 3.",
      "act": "put pencil 2 in/on desk 1",
      "thought": "I am now in/on: desk 1\nCritical objects I have found:\npencil 2 (sidetable 1)\nObjects I have taken:\npencil 2\nI am at the desk 1 with pencil 2 in hand. Now I need to put the pencil 2 on the desk to complete the task."
    },
    {
      "obs": "You put the pencil 2 in/on the desk 1.",
      "act": "go to sidetable 1"
    }
  ]
}