{
  "task": "put a creditcard in desk.",
  "traj": [
    {
      "obs": "You are in the middle of a room. Looking quickly around you, you see a bed 1, a cabinet 1, a cabinet 2, a cabinet 3, a cabinet 4, a desk 1, a drawer 1, a drawer 2, a garbagecan 1, a shelf 1, and a sidetable 1.",
      "act": "go to drawer 1",
      "thought": "I am now in/on: the middle of a room\nCritical objects I have found:\nNone\nObjects I have taken:\nNone\nTo solve the task, I need to find and take a credit card, then put it in the desk. First, I need to find a credit card. A credit card is more likely to appear in drawers (1-2), cabinets (1-4), or maybe on a desk (1) or sidetable (1). I will check one by one, starting with drawer 1."
    },
    {
      "obs": "You arrive at loc 17. The drawer 1 is closed.",
      "act": "open drawer 1",
      "thought": "I am now in/on: drawer 1\nCritical objects I have found:\nNone\nObjects I have taken:\nNone\nTo see objects in drawer 1, I have to open it first."
    },
    {
      "obs": "You open the drawer 1. The drawer 1 is open. In it, you see a cd 1.",
      "act": "go to drawer 2",
      "thought": "I am now in/on: drawer 1\nCritical objects I have found:\nNone\nObjects I have taken:\nNone\nIn drawer 1, there is no credit card. Next, I need to check drawer 2."
    },
    {
      "obs": "You arrive at loc 18. The drawer 2 is closed.",
      "act": "open drawer 2",
      "thought": "I am now in/on: drawer 1\nCritical objects I have found:\nNone\nObjects I have taken:\nNone\nTo see objects in drawer 2, I have to open it next."
    },
    {
      "obs": "You open the drawer 2. The drawer 2 is open. In it, you see a creditcard 2, and a creditcard 3.",
      "act": "take creditcard 3 from drawer 2",
      "thought": "I am now in/on: drawer 2\nCritical objects I have found:\ncreditcard 3 (drawer 2)\nObjects I have taken:\nNone\nNow I find credit cards (2 and 3). Next, I need to take one of them."
    },
    {
      "obs": "You pick up the creditcard 3 from the drawer 2.",
      "act": "go to desk 1",
      "thought": "I am now in/on: drawer 2\nCritical objects I have found:\ncreditcard 3 (drawer 2)\nObjects I have taken:\ncreditcard 3\nNow I have taken creditcard 3. Next, I need to go to and put it in the desk 1."
    },
    {
      "obs": "You arrive at loc 8. On the desk 1, you see a alarmclock 1, a alarmclock 2, a book 2, a box 1, a cellphone 2, a cellphone 3, and a pencil 1.",
      "act": "put creditcard 3 in/on desk 1",
      "thought": "I am now in/on: desk 1\nCritical objects I have found:\ncreditcard 3 (drawer 2)\nObjects I have taken:\ncreditcard 3\nNow I am at the desk 1. Next, I need to put the creditcard 3 in/on it."
    },
    {
      "obs": "You put the creditcard 3 in/on the desk 1.",
      "act": "go to drawer 1"
    }
  ]
}