{
  "task": "put a tissuebox in toilet.",
  "traj": [
    {
      "obs": "You are in the middle of a room. Looking quickly around you, you see a bathtubbasin 1, a cabinet 1, a cabinet 2, a cabinet 3, a cabinet 4, a countertop 1, a garbagecan 1, a handtowelholder 1, a handtowelholder 2, a shelf 1, a sinkbasin 1, a sinkbasin 2, a toilet 1, a toiletpaperhanger 1, a towelholder 1, and a towelholder 2.",
      "act": "go to cabinet 3",
      "thought": "I am now in/on: the middle of a room\nCritical objects I have found:\nNone\nObjects I have taken:\nNone\nTo solve the task, I need to find and take a tissuebox, then put it in the toilet. First, I need to find a tissuebox. A tissuebox is more likely to appear in cabinets (1-4), countertop (1), or shelf (1). I will check one by one, starting with cabinet 3."
    },
    {
      "obs": "You arrive at loc 8. The cabinet 3 is closed.",
      "act": "open cabinet 3",
      "thought": "I am now in/on: cabinet 3\nCritical objects I have found:\nNone\nObjects I have taken:\nNone\nTo see objects in cabinet 3, I have to open it first."
    },
    {
      "obs": "You open the cabinet 3. The cabinet 3 is open. In it, you see nothing.",
      "act": "go to cabinet 4",
      "thought": "I am now in/on: cabinet 3\nCritical objects I have found:\nNone\nObjects I have taken:\nNone\nIn cabinet 3, there is no tissuebox. Next, I need to check cabinet 4."
    },
    {
      "obs": "You arrive at loc 11. The cabinet 4 is closed.",
      "act": "open cabinet 4",
      "thought": "I am now in/on: cabinet 3\nCritical objects I have found:\nNone\nObjects I have taken:\nNone\nCabinet 3 is empty. Now I will open cabinet 4 to look for a tissuebox."
    },
    {
      "obs": "You open the cabinet 4. The cabinet 4 is open. In it, you see nothing.",
      "act": "go to shelf 1",
      "thought": "I am now in/on: cabinet 4\nCritical objects I have found:\nNone\nObjects I have taken:\nNone\nCabinet 4 is also empty. Next, I need to check shelf 1 for a tissuebox."
    },
    {
      "obs": "You arrive at loc 1. On the shelf 1, you see a cloth 1.",
      "act": "go to cabinet 1",
      "thought": "I am now in/on: shelf 1\nCritical objects I have found:\nNone\nObjects I have taken:\nNone\nOn shelf 1, there is no tissuebox. Next, I need to check cabinet 1."
    },
    {
      "obs": "You arrive at loc 8. The cabinet 1 is closed.",
      "act": "open cabinet 1",
      "thought": "I am now in/on: shelf 1\nCritical objects I have found:\nNone\nObjects I have taken:\nNone\nShelf 1 does not have a tissuebox. Now I will open cabinet 1 to continue searching for a tissuebox."
    },
    {
      "obs": "You open the cabinet 1. The cabinet 1 is open. In it, you see nothing.",
      "act": "go to garbagecan 1",
      "thought": "I am now in/on: cabinet 1\nCritical objects I have found:\nNone\nObjects I have taken:\nNone\nCabinet 1 is empty. There is no tissuebox. Next, I need to check garbagecan 1 for a tissuebox."
    },
    {
      "obs": "You arrive at loc 20. On the garbagecan 1, you see nothing.",
      "act": "go to countertop 1",
      "thought": "I am now in/on: garbagecan 1\nCritical objects I have found:\nNone\nObjects I have taken:\nNone\nThe garbagecan 1 does not have a tissuebox. Next, I need to check countertop 1 for a tissuebox."
    },
    {
      "obs": "You arrive at loc 9. On the countertop 1, you see a candle 3, a cloth 2, and a tissuebox 1.",
      "act": "take tissuebox 1 from countertop 1",
      "thought": "I am now in/on: countertop 1\nCritical objects I have found:\ntissuebox 1 (countertop 1)\nObjects I have taken:\nNone\nI have found a tissuebox (1) on the countertop 1. Next, I need to take it."
    },
    {
      "obs": "You pick up the tissuebox 1 from the countertop 1.",
      "act": "go to toilet 1",
      "thought": "I am now in/on: countertop 1\nCritical objects I have found:\ntissuebox 1 (countertop 1)\nObjects I have taken:\ntissuebox 1\n\nNow that I have the tissuebox (1), I need to go to the toilet to complete the task of putting the tissuebox in the toilet."
    },
    {
      "obs": "You arrive at loc 19. On the toilet 1, you see a soapbar 2, a spraybottle 1, and a toiletpaper 1.",
      "act": "put tissuebox 1 in/on toilet 1",
      "thought": "I am now in/on: toilet 1\nCritical objects I have found:\ntissuebox 1 (countertop 1)\nObjects I have taken:\ntissuebox 1\n\nI am at the toilet 1 with the tissuebox 1. Now I need to put the tissuebox in/on the toilet to complete the task."
    },
    {
      "obs": "You put the tissuebox 1 in/on the toilet 1.",
      "act": "go to cabinet 3"
    }
  ]
}