{
  "task": "put some toiletpaper on toiletpaperhanger.",
  "traj": [
    {
      "obs": "You are in the middle of a room. Looking quickly around you, you see a bathtubbasin 1, a countertop 1, a drawer 1, a drawer 2, a drawer 3, a drawer 4, a drawer 5, a drawer 6, a drawer 7, a drawer 8, a garbagecan 1, a handtowelholder 1, a handtowelholder 2, a sinkbasin 1, a toilet 1, a toiletpaperhanger 1, and a towelholder 1.",
      "act": "go to drawer 8",
      "thought": "I am now in/on: the middle of a room\nCritical objects I have found:\nNone\nObjects I have taken:\nNone\nTo solve the task, I need to find and take some toiletpaper, then put it on the toiletpaperhanger. First, I need to find toiletpaper. Toiletpaper is more likely to appear in drawers (1-8), or possibly in the garbagecan (1). I can check one by one, starting with drawer 8."
    },
    {
      "obs": "You arrive at loc 6. The drawer 8 is closed.",
      "act": "open drawer 8",
      "thought": "I am now in/on: drawer 8\nCritical objects I have found:\nNone\nObjects I have taken:\nNone\nTo see objects in drawer 8, I have to open it first."
    },
    {
      "obs": "You open the drawer 8. The drawer 8 is open. In it, you see nothing.",
      "act": "go to drawer 4",
      "thought": "I am now in/on: drawer 8\nCritical objects I have found:\nNone\nObjects I have taken:\nNone\nDrawer 8 is empty, so I need to continue searching for toiletpaper. Next, I will check drawer 4."
    },
    {
      "obs": "You arrive at loc 9. The drawer 4 is closed.",
      "act": "open drawer 4",
      "thought": "I am now in/on: drawer 4\nCritical objects I have found:\nNone\nObjects I have taken:\nNone\nTo see objects in drawer 4, I have to open it first."
    },
    {
      "obs": "You open the drawer 4. The drawer 4 is open. In it, you see a cloth 2.",
      "act": "go to drawer 6",
      "thought": "I am now in/on: drawer 4\nCritical objects I have found:\nNone\nObjects I have taken:\nNone\nDrawer 4 contains a cloth but no toiletpaper. I will continue my search by checking drawer 6 next."
    },
    {
      "obs": "You arrive at loc 19. The drawer 6 is closed.",
      "act": "open drawer 6",
      "thought": "I am now in/on: drawer 6\nCritical objects I have found:\nNone\nObjects I have taken:\nNone\nTo see objects in drawer 6, I have to open it first."
    },
    {
      "obs": "You open the drawer 6. The drawer 6 is open. In it, you see nothing.",
      "act": "go to toiletpaperhanger 1",
      "thought": "I am now in/on: drawer 6\nCritical objects I have found:\nNone\nObjects I have taken:\nNone\nDrawer 6 is empty, so I need to continue searching for toiletpaper. However, I mistakenly chose to go to the toiletpaperhanger instead of continuing to search the remaining drawers. I need to correct this and continue searching the other drawers for toiletpaper."
    },
    {
      "obs": "You arrive at loc 15. On the toiletpaperhanger 1, you see nothing.",
      "act": "go to drawer 3",
      "thought": "I am now in/on: toiletpaperhanger 1\nCritical objects I have found:\nNone\nObjects I have taken:\nNone\nI mistakenly went to the toiletpaperhanger without having the toiletpaper. I need to continue searching for toiletpaper. Next, I will check drawer 3."
    },
    {
      "obs": "You arrive at loc 9. The drawer 3 is closed.",
      "act": "open drawer 3",
      "thought": "I am now in/on: drawer 3\nCritical objects I have found:\nNone\nObjects I have taken:\nNone\nTo see objects in drawer 3, I have to open it first."
    },
    {
      "obs": "You open the drawer 3. The drawer 3 is open. In it, you see a toiletpaper 1.",
      "act": "take toiletpaper 1 from drawer 3",
      "thought": "I am now in/on: drawer 3\nCritical objects I have found:\ntoiletpaper 1 (drawer 3)\nObjects I have taken:\nNone\nNow I have found the toiletpaper (1). Next, I need to take it."
    },
    {
      "obs": "You pick up the toiletpaper 1 from the drawer 3.",
      "act": "go to toiletpaperhanger 1",
      "thought": "I am now in/on: drawer 3\nCritical objects I have found:\ntoiletpaper 1 (drawer 3)\nObjects I have taken:\ntoiletpaper 1\nNow I have taken the toiletpaper (1). Next, I need to go to and put it on the toiletpaperhanger 1."
    },
    {
      "obs": "You close the drawer 3.",
      "act": "put toiletpaper 1 in/on toiletpaperhanger 1",
      "thought": "I am now in/on: toiletpaperhanger 1\nCritical objects I have found:\ntoiletpaper 1 (drawer 3)\nObjects I have taken:\ntoiletpaper 1\nNow I am at the toiletpaperhanger 1. Next, I need to put the toiletpaper 1 on it."
    },
    {
      "obs": "You put the toiletpaper 1 in/on the toiletpaperhanger 1.",
      "act": "go to drawer 8"
    }
  ]
}