{
  "task": "put a alarmclock in desk.",
  "traj": [
    {
      "obs": "You are in the middle of a room. Looking quickly around you, you see a armchair 1, a bed 1, a bed 2, a cabinet 1, a desk 1, a desk 2, a drawer 1, a drawer 10, a drawer 11, a drawer 12, a drawer 13, a drawer 2, a drawer 3, a drawer 4, a drawer 5, a drawer 6, a drawer 7, a drawer 8, a drawer 9, a dresser 1, a dresser 2, and a garbagecan 1.",
      "act": "go to dresser 1",
      "thought": "I am now in/on: the middle of a room\nCritical objects I have found:\nNone\nObjects I have taken:\nNone\nTo solve the task, I need to find and take an alarm clock, then put it in/on a desk. First, I need to find an alarm clock. An alarm clock is more likely to appear in a bedroom setting, often found on dressers, desks, or in drawers. I will start by checking dresser 1."
    },
    {
      "obs": "You arrive at loc 19. On the dresser 1, you see a book 2, a creditcard 2, and a keychain 2.",
      "act": "go to desk 1",
      "thought": "I am now in/on: dresser 1\nCritical objects I have found:\nNone\nObjects I have taken:\nNone\nOn dresser 1, there is no alarm clock. Next, I need to check desk 1."
    },
    {
      "obs": "You arrive at loc 9. On the desk 1, you see a desklamp 1, and a laptop 1.",
      "act": "go to dresser 2",
      "thought": "I am now in/on: desk 1\nCritical objects I have found:\nNone\nObjects I have taken:\nNone\nOn desk 1, there is no alarm clock. Next, I need to check dresser 2."
    },
    {
      "obs": "You arrive at loc 28. On the dresser 2, you see a alarmclock 1, a alarmclock 2, and a pencil 1.",
      "act": "take alarmclock 2 from dresser 2",
      "thought": "I am now in/on: dresser 2\nCritical objects I have found:\nalarmclock 2 (dresser 2)\nObjects I have taken:\nNone\nNow I find an alarm clock (2). Next, I need to take it."
    },
    {
      "obs": "You pick up the alarmclock 2 from the dresser 2.",
      "act": "go to desk 1",
      "thought": "I am now in/on: dresser 2\nCritical objects I have found:\nalarmclock 2 (dresser 2)\nObjects I have taken:\nalarmclock 2\nNow I have taken the alarm clock (2). Next, I need to go to and put it in/on desk 1."
    },
    {
      "obs": "You pick up the alarmclock 2 from the dresser 2.",
      "act": "put alarmclock 2 in/on desk 1",
      "thought": "I am now in/on: desk 1\nCritical objects I have found:\nalarmclock 2 (dresser 2)\nObjects I have taken:\nalarmclock 2\nNow I am at desk 1 with the alarm clock (2). Next, I need to put the alarm clock in/on desk 1."
    },
    {
      "obs": "You put the alarmclock 2 in/on the desk 1.",
      "act": "go to dresser 1"
    }
  ]
}