{
  "task": "put some alarmclock on desk.",
  "traj": [
    {
      "obs": "You are in the middle of a room. Looking quickly around you, you see a bed 1, a desk 1, a drawer 1, a drawer 2, a drawer 3, a garbagecan 1, a laundryhamper 1, a shelf 1, a shelf 2, and a sidetable 1.",
      "act": "go to sidetable 1",
      "thought": "I am now in/on: the middle of a room\nCritical objects I have found:\nNone\nObjects I have taken:\nNone\nTo solve the task, I need to find and take an alarmclock, then put it on the desk. First, I need to find an alarmclock. An alarmclock is more likely to appear on sidetables, shelves, or inside drawers. I will start by checking the sidetable 1."
    },
    {
      "obs": "You arrive at loc 20. On the sidetable 1, you see a alarmclock 1, a alarmclock 2, a creditcard 1, a desklamp 1, a keychain 1, and a pen 1.",
      "act": "take alarmclock 1 from sidetable 1",
      "thought": "I am now in/on: sidetable 1\nCritical objects I have found:\nalarmclock 1 (sidetable 1)\nObjects I have taken:\nNone\nI have found an alarmclock on sidetable 1. Next, I need to take it."
    },
    {
      "obs": "You pick up the alarmclock 1 from the sidetable 1.",
      "act": "go to desk 1",
      "thought": "I am now in/on: sidetable 1\nCritical objects I have found:\nalarmclock 1 (sidetable 1)\nObjects I have taken:\nalarmclock 1\nI have taken the alarmclock 1. Next, I need to go to the desk 1 to put the alarmclock on it."
    },
    {
      "obs": "You arrive at loc 1. On the desk 1, you see a book 2, a bowl 1, a cd 1, a cd 2, a cd 3, a cellphone 1, a keychain 2, and a pencil 2.",
      "act": "put alarmclock 1 in/on desk 1",
      "thought": "I am now in/on: desk 1\nCritical objects I have found:\nalarmclock 1 (sidetable 1)\nObjects I have taken:\nalarmclock 1\nI am at the desk 1 with the alarmclock 1 in my possession. Now, I need to put the alarmclock on the desk."
    },
    {
      "obs": "You put the alarmclock 1 in/on the desk 1.",
      "act": "go to sidetable 1"
    }
  ]
}