{
  "task": "put some remotecontrol on armchair.",
  "traj": [
    {
      "obs": "You are in the middle of a room. Looking quickly around you, you see a armchair 1, a armchair 2, a coffeetable 1, a coffeetable 2, a diningtable 1, a garbagecan 1, a sidetable 1, a sidetable 2, and a sofa 1.",
      "act": "go to diningtable 1",
      "thought": "I am now in/on: the middle of a room\nCritical objects I have found:\nNone\nObjects I have taken:\nNone\nTo solve the task, I need to find and take a remote control, then put it on an armchair. First, I need to find a remote control. A remote control is more likely to appear on surfaces like coffeetables, sidetables, or diningtables. I can check one by one, starting with diningtable 1."
    },
    {
      "obs": "You arrive at loc 1. On the diningtable 1, you see a box 1, a box 2, a candle 1, a candle 2, a creditcard 2, a keychain 2, a laptop 1, a plate 1, a plate 2, a plate 3, a remotecontrol 2, a statue 2, a tissuebox 3, and a watch 1.",
      "act": "take remotecontrol 2 from diningtable 1",
      "thought": "I am now in/on: diningtable 1\nCritical objects I have found:\nremotecontrol 2 (diningtable 1)\nObjects I have taken:\nNone\nI have found a remote control (2) on the diningtable 1. Next, I need to take it."
    },
    {
      "obs": "You pick up the remotecontrol 2 from the diningtable 1.",
      "act": "go to armchair 2",
      "thought": "I am now in/on: diningtable 1\nCritical objects I have found:\nremotecontrol 2 (diningtable 1)\nObjects I have taken:\nremotecontrol 2\nNow I have the remote control (2). Next, I need to go to an armchair and put it on there. I will choose armchair 2."
    },
    {
      "obs": "You arrive at loc 28. On the armchair 2, you see nothing.",
      "act": "put remotecontrol 2 in/on armchair 2",
      "thought": "I am now in/on: armchair 2\nCritical objects I have found:\nremotecontrol 2 (diningtable 1)\nObjects I have taken:\nremotecontrol 2\nNow I am at armchair 2. Next, I need to put the remote control 2 on it."
    },
    {
      "obs": "You put the remotecontrol 2 in/on the armchair 2.",
      "act": "go to diningtable 1"
    }
  ]
}