{
  "task": "put some dishsponge on toilet.",
  "traj": [
    {
      "obs": "You are in the middle of a room. Looking quickly around you, you see a bathtubbasin 1, a cabinet 1, a cabinet 2, a cabinet 3, a cabinet 4, a countertop 1, a garbagecan 1, a handtowelholder 1, a shelf 1, a sinkbasin 1, a sinkbasin 2, a toilet 1, a toiletpaperhanger 1, a towelholder 1, and a towelholder 2.",
      "act": "go to cabinet 3",
      "thought": "I am now in/on: the middle of a room\nCritical objects I have found:\nNone\nObjects I have taken:\nNone\nTo solve the task, I need to find and take a dishsponge, then put it on the toilet. First, I need to find a dishsponge. A dishsponge is more likely to appear in cabinets (1-4), countertop (1), or sinkbasins (1-2). I will check one by one, starting with cabinet 3."
    },
    {
      "obs": "You arrive at loc 9. The cabinet 3 is closed.",
      "act": "open cabinet 3",
      "thought": "I am now in/on: cabinet 3\nCritical objects I have found:\nNone\nObjects I have taken:\nNone\nTo see objects in cabinet 3, I have to open it first."
    },
    {
      "obs": "You open the cabinet 3. The cabinet 3 is open. In it, you see a spraybottle 2.",
      "act": "go to garbagecan 1",
      "thought": "I am now in/on: cabinet 3\nCritical objects I have found:\nNone\nObjects I have taken:\nNone\nIn cabinet 3, there is no dishsponge. Next, I need to check garbagecan 1, as sometimes sponges might be thrown away but still usable for the task."
    },
    {
      "obs": "You arrive at loc 24. On the garbagecan 1, you see nothing.",
      "act": "go to toilet 1",
      "thought": "I am now in/on: garbagecan 1\nCritical objects I have found:\nNone\nObjects I have taken:\nNone\nIn garbagecan 1, there is no dishsponge. Next, I need to check the toilet 1 to see if the dishsponge is already there by any chance."
    },
    {
      "obs": "You arrive at loc 18. On the toilet 1, you see a cloth 2, a cloth 3, and a soapbar 2.",
      "act": "go to countertop 1",
      "thought": "I am now in/on: toilet 1\nCritical objects I have found:\nNone\nObjects I have taken:\nNone\nOn toilet 1, there is no dishsponge. Next, I need to check countertop 1."
    },
    {
      "obs": "You arrive at loc 10. On the countertop 1, you see a dishsponge 3, a mirror 1, a showerglass 1, and a toiletpaper 1.",
      "act": "take dishsponge 3 from countertop 1",
      "thought": "I am now in/on: countertop 1\nCritical objects I have found:\ndishsponge 3 (countertop 1)\nObjects I have taken:\nNone\nNow I find a dishsponge (3). Next, I need to take it."
    },
    {
      "obs": "You pick up the dishsponge 3 from the countertop 1.",
      "act": "go to toilet 1",
      "thought": "I am now in/on: countertop 1\nCritical objects I have found:\ndishsponge 3 (countertop 1)\nObjects I have taken:\ndishsponge 3\nNow I have taken the dishsponge (3). Next, I need to go to and put it on the toilet 1."
    },
    {
      "obs": "You pick up the dishsponge 3 from the countertop 1.",
      "act": "put dishsponge 3 in/on toilet 1",
      "thought": "I am now in/on: countertop 1\nCritical objects I have found:\ndishsponge 3 (countertop 1)\nObjects I have taken:\ndishsponge 3\nNow I have taken the dishsponge (3). Next, I need to go to and put it on the toilet 1."
    },
    {
      "obs": "You put the dishsponge 3 in/on the toilet 1.",
      "act": "go to cabinet 3"
    }
  ]
}