{
  "task": "put some pencil on shelf.",
  "traj": [
    {
      "obs": "You are in the middle of a room. Looking quickly around you, you see a bed 1, a desk 1, a drawer 1, a drawer 2, a drawer 3, a drawer 4, a drawer 5, a drawer 6, a garbagecan 1, a shelf 1, a shelf 2, and a sidetable 1.",
      "act": "go to desk 1",
      "thought": "I am now in/on: the middle of a room\nCritical objects I have found:\nNone\nObjects I have taken:\nNone\nTo solve the task, I need to find and take a pencil, then put it on a shelf. First, I need to find a pencil. A pencil is more likely to appear in or on a desk (1), drawers (1-6), or sidetable (1). I will start by checking the desk 1."
    },
    {
      "obs": "You arrive at loc 9. On the desk 1, you see a alarmclock 1, a cd 1, a creditcard 1, a tissuebox 2, and a tissuebox 3.",
      "act": "go to drawer 1",
      "thought": "I am now in/on: desk 1\nCritical objects I have found:\nNone\nObjects I have taken:\nNone\nOn desk 1, there is no pencil. Next, I need to check drawer 1."
    },
    {
      "obs": "You arrive at loc 19. The drawer 1 is closed.",
      "act": "open drawer 1",
      "thought": "I am now in/on: drawer 1\nCritical objects I have found:\nNone\nObjects I have taken:\nNone\nTo see objects in drawer 1, I have to open it first."
    },
    {
      "obs": "You open the drawer 1. The drawer 1 is open. In it, you see a cellphone 1.",
      "act": "go to shelf 1",
      "thought": "I am now in/on: drawer 1\nCritical objects I have found:\nNone\nObjects I have taken:\nNone\nIn drawer 1, there is no pencil. I need to continue searching for a pencil. However, I mistakenly chose to go to shelf 1 instead of continuing to search the remaining drawers. I need to correct this and continue searching the drawers for a pencil."
    },
    {
      "obs": "You arrive at loc 21. On the shelf 1, you see a box 1, and a houseplant 1.",
      "act": "go to drawer 2",
      "thought": "I am now in/on: shelf 1\nCritical objects I have found:\nNone\nObjects I have taken:\nNone\nOn shelf 1, there is no pencil. I need to continue searching for a pencil. Next, I will check drawer 2."
    },
    {
      "obs": "You arrive at loc 12. The drawer 2 is closed.",
      "act": "open drawer 2",
      "thought": "I am now in/on: drawer 2\nCritical objects I have found:\nNone\nObjects I have taken:\nNone\nTo see objects in drawer 2, I have to open it first."
    },
    {
      "obs": "You open the drawer 2. The drawer 2 is open. In it, you see a pencil 2, and a pencil 3.",
      "act": "take pencil 3 from drawer 2",
      "thought": "I am now in/on: drawer 2\nCritical objects I have found:\npencil 3 (drawer 2)\nObjects I have taken:\nNone\nNow I find pencils (2 and 3). Next, I need to take one of them."
    },
    {
      "obs": "You pick up the pencil 3 from the drawer 2.",
      "act": "go to shelf 1",
      "thought": "I am now in/on: drawer 2\nCritical objects I have found:\npencil 3 (drawer 2)\nObjects I have taken:\npencil 3\nNow I have taken a pencil (3). Next, I need to go to and put it on shelf 1."
    },
    {
      "obs": "You close the drawer 2.",
      "act": "put pencil 3 in/on shelf 1",
      "thought": "I am now in/on: shelf 1\nCritical objects I have found:\npencil 3 (drawer 2)\nObjects I have taken:\npencil 3\nNow I am at shelf 1. Next, I need to put pencil 3 on it."
    },
    {
      "obs": "You put the pencil 3 in/on the shelf 1.",
      "act": "go to desk 1"
    }
  ]
}