{
  "task": "put some keychain on dresser.",
  "traj": [
    {
      "obs": "You are in the middle of a room. Looking quickly around you, you see a bed 1, a drawer 1, a drawer 10, a drawer 11, a drawer 2, a drawer 3, a drawer 4, a drawer 5, a drawer 6, a drawer 7, a drawer 8, a drawer 9, a dresser 1, a garbagecan 1, a laundryhamper 1, a safe 1, and a sidetable 1.",
      "act": "go to drawer 7",
      "thought": "I am now in/on: the middle of a room\nCritical objects I have found:\nNone\nObjects I have taken:\nNone\nTo solve the task, I need to find and take a keychain, then put it on the dresser. First, I need to find a keychain. A keychain is more likely to appear in drawers (1-11), sidetable (1), or perhaps in the safe (1). I can check one by one, starting with drawer 7."
    },
    {
      "obs": "You arrive at loc 11. The drawer 7 is closed.",
      "act": "open drawer 7",
      "thought": "I am now in/on: drawer 7\nCritical objects I have found:\nNone\nObjects I have taken:\nNone\nTo see objects in drawer 7, I have to open it first."
    },
    {
      "obs": "You open the drawer 7. The drawer 7 is open. In it, you see nothing.",
      "act": "go to drawer 9",
      "thought": "I am now in/on: drawer 7\nCritical objects I have found:\nNone\nObjects I have taken:\nNone\nDrawer 7 is empty. Next, I need to check drawer 9."
    },
    {
      "obs": "You arrive at loc 10. The drawer 9 is closed.",
      "act": "open drawer 9",
      "thought": "I am now in/on: drawer 7\nCritical objects I have found:\nNone\nObjects I have taken:\nNone\nDrawer 7 is empty. I am now going to check drawer 9, which is closed, so I need to open it to see if there's a keychain inside."
    },
    {
      "obs": "You open the drawer 9. The drawer 9 is open. In it, you see nothing.",
      "act": "go to drawer 3",
      "thought": "I am now in/on: drawer 9\nCritical objects I have found:\nNone\nObjects I have taken:\nNone\nDrawer 9 is empty. Next, I need to check drawer 3."
    },
    {
      "obs": "You arrive at loc 24. The drawer 3 is closed.",
      "act": "open drawer 3",
      "thought": "I am now in/on: drawer 9\nCritical objects I have found:\nNone\nObjects I have taken:\nNone\nDrawer 9 is empty. Now I will open drawer 3 to see if the keychain is inside."
    },
    {
      "obs": "You open the drawer 3. The drawer 3 is open. In it, you see nothing.",
      "act": "go to safe 1",
      "thought": "I am now in/on: drawer 3\nCritical objects I have found:\nNone\nObjects I have taken:\nNone\nDrawer 3 is empty. Next, I need to check the safe 1, as it might contain valuable items like a keychain."
    },
    {
      "obs": "You arrive at loc 16. The safe 1 is closed.",
      "act": "open safe 1",
      "thought": "I am now in/on: drawer 3\nCritical objects I have found:\nNone\nObjects I have taken:\nNone\nDrawer 3 is empty. Now I will attempt to open safe 1 to see if the keychain is inside."
    },
    {
      "obs": "You open the safe 1. The safe 1 is open. In it, you see a cellphone 2.",
      "act": "go to sidetable 1",
      "thought": "I am now in/on: safe 1\nCritical objects I have found:\nNone\nObjects I have taken:\nNone\nThe safe 1 does not contain a keychain, only a cellphone 2. Next, I need to check the sidetable 1, as it might contain smaller personal items like a keychain."
    },
    {
      "obs": "You arrive at loc 22. On the sidetable 1, you see a cellphone 1, a desklamp 1, a keychain 1, and a pen 1.",
      "act": "take keychain 1 from sidetable 1",
      "thought": "I am now in/on: sidetable 1\nCritical objects I have found:\nkeychain 1 (sidetable 1)\nObjects I have taken:\nNone\nI have found a keychain (1) on the sidetable 1. Next, I need to take it."
    },
    {
      "obs": "You pick up the keychain 1 from the sidetable 1.",
      "act": "go to dresser 1",
      "thought": "I am now in/on: sidetable 1\nCritical objects I have found:\nkeychain 1 (sidetable 1)\nObjects I have taken:\nkeychain 1\nNow that I have the keychain (1), I need to go to the dresser 1 to put it on there as per the task instructions."
    },
    {
      "obs": "You arrive at loc 23. On the dresser 1, you see a alarmclock 1, a bowl 1, a cd 1, a creditcard 1, and a laptop 1.",
      "act": "put keychain 1 in/on dresser 1",
      "thought": "I am now in/on: dresser 1\nCritical objects I have found:\nkeychain 1 (sidetable 1)\nObjects I have taken:\nkeychain 1\nI am at the dresser 1 with the keychain 1. Next, I need to put the keychain 1 on the dresser to complete the task."
    },
    {
      "obs": "You put the keychain 1 in/on the dresser 1.",
      "act": "go to drawer 7"
    }
  ]
}