{
  "task": "put some keychain on sofa.",
  "traj": [
    {
      "obs": "You are in the middle of a room. Looking quickly around you, you see a coffeetable 1, a diningtable 1, a drawer 1, a garbagecan 1, a sidetable 1, a sidetable 2, a sofa 1, and a sofa 2.",
      "act": "go to sofa 2",
      "thought": "I am now in/on: the middle of a room\nCritical objects I have found:\nNone\nObjects I have taken:\nNone\nTo solve the task, I need to find and take a keychain, then put it on a sofa. First, I need to find a keychain. A keychain is more likely to appear in drawers (1), sidetables (1-2), or possibly on a coffeetable (1) or diningtable (1). I can check one by one, starting with sofa 2 since I am already heading there."
    },
    {
      "obs": "You arrive at loc 17. On the sofa 2, you see a creditcard 1, and a pillow 1.",
      "act": "go to coffeetable 1",
      "thought": "I am now in/on: sofa 2\nCritical objects I have found:\nNone\nObjects I have taken:\nNone\nOn sofa 2, there is no keychain. Next, I need to check coffeetable 1."
    },
    {
      "obs": "You arrive at loc 19. On the coffeetable 1, you see a box 1, a remotecontrol 1, and a vase 1.",
      "act": "go to diningtable 1",
      "thought": "I am now in/on: coffeetable 1\nCritical objects I have found:\nNone\nObjects I have taken:\nNone\nOn coffeetable 1, there is no keychain. Next, I need to check diningtable 1."
    },
    {
      "obs": "You arrive at loc 20. On the diningtable 1, you see a box 3, a creditcard 3, a laptop 2, a newspaper 1, a statue 1, and a watch 1.",
      "act": "go to sidetable 1",
      "thought": "I am now in/on: diningtable 1\nCritical objects I have found:\nNone\nObjects I have taken:\nNone\nOn diningtable 1, there is no keychain. Next, I need to check sidetable 1."
    },
    {
      "obs": "You arrive at loc 14. On the sidetable 1, you see a box 2, a keychain 1, and a television 1.",
      "act": "take keychain 1 from sidetable 1",
      "thought": "I am now in/on: sidetable 1\nCritical objects I have found:\nkeychain 1 (sidetable 1)\nObjects I have taken:\nNone\nNow I find a keychain (1). Next, I need to take it."
    },
    {
      "obs": "You pick up the keychain 1 from the sidetable 1.",
      "act": "go to sofa 2",
      "thought": "I am now in/on: sidetable 1\nCritical objects I have found:\nkeychain 1 (sidetable 1)\nObjects I have taken:\nkeychain 1\nNow I have taken the keychain (1). Next, I need to go to and put it on sofa 2."
    },
    {
      "obs": "You pick up the keychain 1 from the sidetable 1.",
      "act": "put keychain 1 in/on sofa 2",
      "thought": "I am now in/on: sidetable 1\nCritical objects I have found:\nkeychain 1 (sidetable 1)\nObjects I have taken:\nkeychain 1\nNow I have taken the keychain (1). Next, I need to put it on sofa 2. However, it seems there was an error in the observation as it repeated the action of picking up the keychain. I will assume I am currently holding the keychain and standing by sofa 2."
    },
    {
      "obs": "You put the keychain 1 in/on the sofa 2.",
      "act": "go to coffeetable 1"
    }
  ]
}