{
  "task": "put a plate in dresser.",
  "traj": [
    {
      "obs": "You are in the middle of a room. Looking quickly around you, you see a coffeetable 1, a diningtable 1, a drawer 1, a drawer 2, a drawer 3, a drawer 4, a dresser 1, a garbagecan 1, a sidetable 1, a sidetable 2, and a sofa 1.",
      "act": "go to diningtable 1",
      "thought": "I am now in/on: the middle of a room\nCritical objects I have found:\nNone\nObjects I have taken:\nNone\nTo solve the task, I need to find and take a plate, then put it in the dresser. First, I need to find a plate. A plate is more likely to be found on diningtables, in drawers, or on countertops. Since I don't see a countertop, I will start by checking the diningtable 1."
    },
    {
      "obs": "You arrive at loc 7. On the diningtable 1, you see a box 1, a cellphone 2, a keychain 1, a laptop 1, a plate 1, and a plate 2.",
      "act": "take plate 2 from diningtable 1",
      "thought": "I am now in/on: diningtable 1\nCritical objects I have found:\nplate 2 (diningtable 1)\nObjects I have taken:\nNone\nI have found a plate (2) on the diningtable 1. Next, I need to take it."
    },
    {
      "obs": "You pick up the plate 2 from the diningtable 1.",
      "act": "go to dresser 1",
      "thought": "I am now in/on: diningtable 1\nCritical objects I have found:\nplate 2 (diningtable 1)\nObjects I have taken:\nplate 2\nNow that I have taken plate 2, I need to go to the dresser to put it inside."
    },
    {
      "obs": "You arrive at loc 24. On the dresser 1, you see a television 1.",
      "act": "put plate 2 in/on dresser 1",
      "thought": "I am now in/on: dresser 1\nCritical objects I have found:\nplate 2 (diningtable 1)\nObjects I have taken:\nplate 2\nNow I am at the dresser 1. Next, I need to put plate 2 in/on it."
    },
    {
      "obs": "You put the plate 2 in/on the dresser 1.",
      "act": "go to diningtable 1"
    }
  ]
}