{
  "task": "put some remotecontrol on dresser.",
  "traj": [
    {
      "obs": "You are in the middle of a room. Looking quickly around you, you see a armchair 1, a armchair 2, a bed 1, a countertop 1, a diningtable 1, a drawer 1, a drawer 2, a dresser 1, a garbagecan 1, a laundryhamper 1, and a sidetable 1.",
      "act": "go to sidetable 1",
      "thought": "I am now in/on: the middle of a room\nCritical objects I have found:\nNone\nObjects I have taken:\nNone\nTo solve the task, I need to find and take a remote control, then put it on the dresser. First, I need to find a remote control. A remote control is more likely to appear on or in furniture like sidetables, drawers, or dressers. I will start by checking the sidetable 1."
    },
    {
      "obs": "You arrive at loc 11. On the sidetable 1, you see a keychain 1, and a pencil 1.",
      "act": "go to armchair 1",
      "thought": "I am now in/on: sidetable 1\nCritical objects I have found:\nNone\nObjects I have taken:\nNone\nOn sidetable 1, there is no remote control. Next, I need to check around the armchairs, as sometimes remote controls are found near seating areas."
    },
    {
      "obs": "You arrive at loc 17. On the armchair 1, you see a remotecontrol 1, and a remotecontrol 2.",
      "act": "take remotecontrol 2 from armchair 1",
      "thought": "I am now in/on: armchair 1\nCritical objects I have found:\nremotecontrol 2 (armchair 1)\nObjects I have taken:\nNone\nI have found a remote control (2) on armchair 1. Next, I need to take it."
    },
    {
      "obs": "You pick up the remotecontrol 2 from the armchair 1.",
      "act": "go to dresser 1",
      "thought": "I am now in/on: armchair 1\nCritical objects I have found:\nremotecontrol 2 (armchair 1)\nObjects I have taken:\nremotecontrol 2\nNow that I have the remote control (2), I need to go to the dresser and put it there."
    },
    {
      "obs": "You arrive at loc 10. On the dresser 1, you see a creditcard 1, a mug 1, and a television 1.",
      "act": "put remotecontrol 2 in/on dresser 1",
      "thought": "I am now in/on: dresser 1\nCritical objects I have found:\nremotecontrol 2 (armchair 1)\nObjects I have taken:\nremotecontrol 2\nNow I am at the dresser 1. Next, I need to put the remote control 2 on it."
    },
    {
      "obs": "You put the remotecontrol 2 in/on the dresser 1.",
      "act": "go to sidetable 1"
    }
  ]
}