{
  "task": "put a candle in cabinet.",
  "traj": [
    {
      "obs": "You are in the middle of a room. Looking quickly around you, you see a cabinet 1, a cabinet 2, a cabinet 3, a countertop 1, a garbagecan 1, a handtowelholder 1, a handtowelholder 2, a sinkbasin 1, a toilet 1, a toiletpaperhanger 1, and a towelholder 1.",
      "act": "go to toilet 1",
      "thought": "I am now in/on: the middle of a room\nCritical objects I have found:\nNone\nObjects I have taken:\nNone\nTo solve the task, I need to find and take a candle, then put it in a cabinet. First, I need to find a candle. A candle is more likely to appear in cabinets (1-3), countertop (1), or sinkbasin (1). I can check one by one, starting with the nearest target that might contain a candle, which is cabinet 1."
    },
    {
      "obs": "You arrive at loc 18. On the toilet 1, you see a toiletpaper 1.",
      "act": "go to countertop 1",
      "thought": "I am now in/on: toilet 1\nCritical objects I have found:\nNone\nObjects I have taken:\nNone\nOn toilet 1, there is no candle. Next, I need to check countertop 1."
    },
    {
      "obs": "You arrive at loc 10. On the countertop 1, you see a candle 1, a cloth 1, and a soapbottle 2.",
      "act": "take candle 1 from countertop 1",
      "thought": "I am now in/on: countertop 1\nCritical objects I have found:\ncandle 1 (countertop 1)\nObjects I have taken:\nNone\nNow I find a candle (1). Next, I need to take it."
    },
    {
      "obs": "You pick up the candle 1 from the countertop 1.",
      "act": "go to cabinet 1",
      "thought": "I am now in/on: countertop 1\nCritical objects I have found:\ncandle 1 (countertop 1)\nObjects I have taken:\ncandle 1\nNow I have taken the candle (1). Next, I need to go to cabinet 1 to put it inside."
    },
    {
      "obs": "You arrive at loc 13. The cabinet 1 is closed.",
      "act": "open cabinet 1",
      "thought": "I am now in/on: cabinet 1\nCritical objects I have found:\ncandle 1 (countertop 1)\nObjects I have taken:\ncandle 1\nNow I am at cabinet 1, but it is closed. I need to open it to put the candle inside."
    },
    {
      "obs": "You open the cabinet 1. The cabinet 1 is open. In it, you see a soapbottle 1, and a spraybottle 1.",
      "act": "put candle 1 in/on cabinet 1",
      "thought": "I am now in/on: cabinet 1\nCritical objects I have found:\ncandle 1 (countertop 1)\nObjects I have taken:\ncandle 1\nNow the cabinet 1 is open and I can put the candle (1) inside it."
    },
    {
      "obs": "You put the candle 1 in/on the cabinet 1.",
      "act": "close cabinet 1"
    }
  ]
}