{
  "task": "put some keychain on dresser.",
  "traj": [
    {
      "obs": "You are in the middle of a room. Looking quickly around you, you see a armchair 1, a armchair 2, a cabinet 1, a cabinet 2, a cabinet 3, a cabinet 4, a coffeetable 1, a drawer 1, a drawer 2, a drawer 3, a drawer 4, a dresser 1, a garbagecan 1, a sidetable 1, and a sofa 1.",
      "act": "go to sidetable 1",
      "thought": "I am now in/on: the middle of a room\nCritical objects I have found:\nNone\nObjects I have taken:\nNone\nTo solve the task, I need to find and take a keychain, then put it on the dresser. First, I need to find a keychain. A keychain is more likely to appear in drawers (1-4), sidetables (1), or cabinets (1-4). I can check one by one, starting with sidetable 1."
    },
    {
      "obs": "You arrive at loc 8. On the sidetable 1, you see a keychain 4.",
      "act": "take keychain 4 from sidetable 1",
      "thought": "I am now in/on: sidetable 1\nCritical objects I have found:\nkeychain 4 (sidetable 1)\nObjects I have taken:\nNone\nI have found a keychain (4) on sidetable 1. Next, I need to take it."
    },
    {
      "obs": "You pick up the keychain 4 from the sidetable 1.",
      "act": "go to dresser 1",
      "thought": "I am now in/on: sidetable 1\nCritical objects I have found:\nkeychain 4 (sidetable 1)\nObjects I have taken:\nkeychain 4\nNow I have taken the keychain (4). Next, I need to go to the dresser and put it on there."
    },
    {
      "obs": "You arrive at loc 18. On the dresser 1, you see a houseplant 1, a laptop 1, and a television 1.",
      "act": "put keychain 4 in/on dresser 1",
      "thought": "I am now in/on: dresser 1\nCritical objects I have found:\nkeychain 4 (sidetable 1)\nObjects I have taken:\nkeychain 4\nNow I am at the dresser 1. Next, I need to put the keychain 4 on it."
    },
    {
      "obs": "You put the keychain 4 in/on the dresser 1.",
      "act": "go to sidetable 1"
    }
  ]
}