{
  "task": "put some spraybottle on toilet.",
  "traj": [
    {
      "obs": "You are in the middle of a room. Looking quickly around you, you see a bathtubbasin 1, a cabinet 1, a cabinet 2, a cabinet 3, a cabinet 4, a countertop 1, a garbagecan 1, a handtowelholder 1, a shelf 1, a sinkbasin 1, a sinkbasin 2, a toilet 1, a toiletpaperhanger 1, a towelholder 1, and a towelholder 2.",
      "act": "go to countertop 1",
      "thought": "I am now in/on: the middle of a room\nCritical objects I have found:\nNone\nObjects I have taken:\nNone\nTo solve the task, I need to find and take a spraybottle, then put it on the toilet. First, I need to find a spraybottle. A spraybottle is more likely to appear in cabinets (1-4), countertop (1), or possibly in the garbagecan (1). I will start by checking the countertop 1."
    },
    {
      "obs": "You arrive at loc 10. On the countertop 1, you see a candle 3, a dishsponge 1, a dishsponge 2, a mirror 1, a showerglass 1, a spraybottle 2, and a toiletpaper 3.",
      "act": "take spraybottle 2 from countertop 1",
      "thought": "I am now in/on: countertop 1\nCritical objects I have found:\nspraybottle 2 (countertop 1)\nObjects I have taken:\nNone\nI have found a spraybottle (2) on the countertop 1. Next, I need to take it."
    },
    {
      "obs": "You pick up the spraybottle 2 from the countertop 1.",
      "act": "go to toilet 1",
      "thought": "I am now in/on: countertop 1\nCritical objects I have found:\nspraybottle 2 (countertop 1)\nObjects I have taken:\nspraybottle 2\nNow that I have the spraybottle (2), I need to go to the toilet and put it there."
    },
    {
      "obs": "You arrive at loc 17. On the toilet 1, you see a soapbottle 3, and a toiletpaper 2.",
      "act": "put spraybottle 2 in/on toilet 1",
      "thought": "I am now in/on: toilet 1\nCritical objects I have found:\nspraybottle 2 (countertop 1)\nObjects I have taken:\nspraybottle 2\nNow I am at the toilet 1. Next, I need to put the spraybottle 2 in/on it."
    },
    {
      "obs": "You put the spraybottle 2 in/on the toilet 1.",
      "act": "go to countertop 1"
    }
  ]
}