{
  "task": "put some cellphone on drawer.",
  "traj": [
    {
      "obs": "You are in the middle of a room. Looking quickly around you, you see a bed 1, a desk 1, a drawer 1, a drawer 2, a drawer 3, a garbagecan 1, a safe 1, a shelf 1, a shelf 2, a shelf 3, a shelf 4, a shelf 5, a sidetable 1, and a sidetable 2.",
      "act": "go to drawer 3",
      "thought": "I am now in/on: the middle of a room\nCritical objects I have found:\nNone\nObjects I have taken:\nNone\nTo solve the task, I need to find and take a cellphone, then put it in/on a drawer. First, I need to find a cellphone. A cellphone is more likely to appear in drawers (1-3), sidetables (1-2), shelves (1-5), or maybe even on the desk. I will start by checking drawer 3."
    },
    {
      "obs": "You arrive at loc 12. The drawer 3 is closed.",
      "act": "open drawer 3",
      "thought": "I am now in/on: drawer 3\nCritical objects I have found:\nNone\nObjects I have taken:\nNone\nTo see objects in drawer 3, I have to open it first."
    },
    {
      "obs": "You open the drawer 3. The drawer 3 is open. In it, you see a creditcard 1.",
      "act": "go to shelf 3",
      "thought": "I am now in/on: drawer 3\nCritical objects I have found:\nNone\nObjects I have taken:\nNone\nIn drawer 3, there is no cellphone. Next, I need to check shelf 3."
    },
    {
      "obs": "You arrive at loc 19. On the shelf 3, you see nothing.",
      "act": "go to sidetable 1",
      "thought": "I am now in/on: shelf 3\nCritical objects I have found:\nNone\nObjects I have taken:\nNone\nOn shelf 3, there is no cellphone. Next, I need to check sidetable 1."
    },
    {
      "obs": "You arrive at loc 11. On the sidetable 1, you see a bowl 1, a cellphone 2, and a keychain 1.",
      "act": "take cellphone 2 from sidetable 1",
      "thought": "I am now in/on: sidetable 1\nCritical objects I have found:\ncellphone 2 (sidetable 1)\nObjects I have taken:\nNone\nNow I find a cellphone (2). Next, I need to take it."
    },
    {
      "obs": "You pick up the cellphone 2 from the sidetable 1.",
      "act": "go to drawer 3",
      "thought": "I am now in/on: sidetable 1\nCritical objects I have found:\ncellphone 2 (sidetable 1)\nObjects I have taken:\ncellphone 2\nNow I have taken the cellphone (2). Next, I need to go to drawer 3 and put it in/on the drawer."
    },
    {
      "obs": "You arrive at loc 12. The drawer 3 is closed.",
      "act": "open drawer 3",
      "thought": "I am now in/on: drawer 3\nCritical objects I have found:\ncellphone 2 (sidetable 1)\nObjects I have taken:\ncellphone 2\nI am at drawer 3, but it is closed. I need to open it again to put the cellphone inside."
    },
    {
      "obs": "You open the drawer 3. The drawer 3 is open. In it, you see a creditcard 1.",
      "act": "put cellphone 2 in/on drawer 3",
      "thought": "I am now in/on: drawer 3\nCritical objects I have found:\ncellphone 2 (sidetable 1)\nObjects I have taken:\ncellphone 2\nNow that drawer 3 is open, I can put the cellphone (2) in/on it to complete the task."
    },
    {
      "obs": "You put the cellphone 2 in/on the drawer 3.",
      "act": "close drawer 3"
    }
  ]
}