{
  "task": "put some candle on drawer.",
  "traj": [
    {
      "obs": "You are in the middle of a room. Looking quickly around you, you see a bathtubbasin 1, a countertop 1, a countertop 2, a drawer 1, a drawer 2, a drawer 3, a drawer 4, a garbagecan 1, a handtowelholder 1, a sinkbasin 1, a toilet 1, a toiletpaperhanger 1, a towelholder 1, and a towelholder 2.",
      "act": "go to toilet 1",
      "thought": "I am now in/on: the middle of a room\nCritical objects I have found:\nNone\nObjects I have taken:\nNone\nTo solve the task, I need to find and take a candle, then put it on a drawer. First, I need to find a candle. A candle is more likely to appear in drawers (1-4), countertop (1-2), or maybe even in the garbagecan (1). I can check one by one, starting with the closest drawer to me."
    },
    {
      "obs": "You arrive at loc 2. On the toilet 1, you see a candle 2, a spraybottle 1, and a toiletpaper 2.",
      "act": "take candle 2 from toilet 1",
      "thought": "I am now in/on: toilet 1\nCritical objects I have found:\ncandle 2 (toilet 1)\nObjects I have taken:\nNone\nI have found a candle (2) on the toilet 1. Next, I need to take it."
    },
    {
      "obs": "You pick up the candle 2 from the toilet 1.",
      "act": "go to drawer 3",
      "thought": "I am now in/on: toilet 1\nCritical objects I have found:\ncandle 2 (toilet 1)\nObjects I have taken:\ncandle 2\nNow I have taken the candle (2). Next, I need to go to a drawer and put it on there. I will start with drawer 3."
    },
    {
      "obs": "You arrive at loc 10. The drawer 3 is closed.",
      "act": "open drawer 3",
      "thought": "I am now in/on: drawer 3\nCritical objects I have found:\ncandle 2 (toilet 1)\nObjects I have taken:\ncandle 2\nTo put the candle on drawer 3, I need to open it first to see if there's space on top of it or if it's a type of drawer that can have items placed on it when opened."
    },
    {
      "obs": "You open the drawer 3. The drawer 3 is open. In it, you see a soapbar 2, and a toiletpaper 1.",
      "act": "put candle 2 in/on drawer 3",
      "thought": "I am now in/on: drawer 3\nCritical objects I have found:\ncandle 2 (toilet 1)\nObjects I have taken:\ncandle 2\nThe drawer 3 is open and I can put the candle 2 in/on it."
    },
    {
      "obs": "You put the candle 2 in/on the drawer 3.",
      "act": "close drawer 3"
    }
  ]
}