{
  "task": "put some book on bed.",
  "traj": [
    {
      "obs": "You are in the middle of a room. Looking quickly around you, you see a bed 1, a desk 1, a drawer 1, a drawer 2, a drawer 3, a drawer 4, a drawer 5, a garbagecan 1, a laundryhamper 1, a shelf 1, and a sidetable 1.",
      "act": "go to desk 1",
      "thought": "I am now in/on: the middle of a room\nCritical objects I have found:\nNone\nObjects I have taken:\nNone\nTo solve the task, I need to find and take a book, then put it on the bed. First, I need to find a book. A book is more likely to appear on a desk (1), in drawers (1-5), on a shelf (1), or on a sidetable (1). I will start by checking the desk 1."
    },
    {
      "obs": "You arrive at loc 1. On the desk 1, you see a alarmclock 2, a book 1, a book 2, a cellphone 2, a desklamp 1, a pen 3, a pencil 2, and a pencil 3.",
      "act": "take book 1 from desk 1",
      "thought": "I am now in/on: desk 1\nCritical objects I have found:\nbook 1 (desk 1)\nObjects I have taken:\nNone\nI have found books on the desk 1. Next, I need to take one of the books."
    },
    {
      "obs": "You pick up the book 1 from the desk 1.",
      "act": "go to bed 1",
      "thought": "I am now in/on: desk 1\nCritical objects I have found:\nbook 1 (desk 1)\nObjects I have taken:\nbook 1\nNow that I have taken book 1, I need to go to the bed to put the book on it."
    },
    {
      "obs": "You arrive at loc 11. On the bed 1, you see a laptop 1, a pillow 1, a pillow 2, and a teddybear 1.",
      "act": "put book 1 in/on bed 1",
      "thought": "I am now in/on: bed 1\nCritical objects I have found:\nbook 1 (desk 1)\nObjects I have taken:\nbook 1\nI am at the bed 1 with book 1. Now I need to put the book on the bed."
    },
    {
      "obs": "You put the book 1 in/on the bed 1.",
      "act": "go to desk 1"
    }
  ]
}