{
  "task": "put some candle on toilet.",
  "traj": [
    {
      "obs": "You are in the middle of a room. Looking quickly around you, you see a bathtubbasin 1, a cabinet 1, a cabinet 2, a cabinet 3, a cabinet 4, a cabinet 5, a countertop 1, a garbagecan 1, a handtowelholder 1, a handtowelholder 2, a sinkbasin 1, a toilet 1, a toiletpaperhanger 1, and a towelholder 1.",
      "act": "go to cabinet 4",
      "thought": "I am now in/on: the middle of a room\nCritical objects I have found:\nNone\nObjects I have taken:\nNone\nTo solve the task, I need to find and take a candle, then put it on the toilet. First, I need to find a candle. A candle is more likely to appear in cabinets (1-5). I can check one by one, starting with cabinet 4."
    },
    {
      "obs": "You arrive at loc 6. The cabinet 4 is closed.",
      "act": "open cabinet 4",
      "thought": "I am now in/on: cabinet 4\nCritical objects I have found:\nNone\nObjects I have taken:\nNone\nTo see objects in cabinet 4, I have to open it first."
    },
    {
      "obs": "You open the cabinet 4. The cabinet 4 is open. In it, you see a soapbottle 1, and a toiletpaper 2.",
      "act": "go to cabinet 2",
      "thought": "I am now in/on: cabinet 4\nCritical objects I have found:\nNone\nObjects I have taken:\nNone\nIn cabinet 4, there is no candle. Next, I need to check cabinet 2."
    },
    {
      "obs": "You arrive at loc 3. The cabinet 2 is closed.",
      "act": "open cabinet 2",
      "thought": "I am now in/on: cabinet 4\nCritical objects I have found:\nNone\nObjects I have taken:\nNone\nIn cabinet 4, there is no candle. Next, I need to check cabinet 2 by opening it."
    },
    {
      "obs": "You open the cabinet 2. The cabinet 2 is open. In it, you see a toiletpaper 1.",
      "act": "go to countertop 1",
      "thought": "I am now in/on: cabinet 2\nCritical objects I have found:\nNone\nObjects I have taken:\nNone\nIn cabinet 2, there is no candle. Next, I need to check countertop 1 for a candle."
    },
    {
      "obs": "You arrive at loc 9. On the countertop 1, you see a candle 1, and a spraybottle 2.",
      "act": "take candle 1 from countertop 1",
      "thought": "I am now in/on: countertop 1\nCritical objects I have found:\ncandle 1 (countertop 1)\nObjects I have taken:\nNone\nNow I find a candle (1). Next, I need to take it."
    },
    {
      "obs": "You pick up the candle 1 from the countertop 1.",
      "act": "go to toilet 1",
      "thought": "I am now in/on: countertop 1\nCritical objects I have found:\ncandle 1 (countertop 1)\nObjects I have taken:\ncandle 1\nNow I have taken the candle (1). Next, I need to go to and put it on the toilet 1."
    },
    {
      "obs": "You arrive at loc 4. On the toilet 1, you see a soapbar 1, and a spraybottle 1.",
      "act": "put candle 1 in/on toilet 1",
      "thought": "I am now in/on: toilet 1\nCritical objects I have found:\ncandle 1 (countertop 1)\nObjects I have taken:\ncandle 1\nNow I am at the toilet 1. Next, I need to put the candle 1 on it."
    },
    {
      "obs": "You put the candle 1 in/on the toilet 1.",
      "act": "go to cabinet 4"
    }
  ]
}