{
  "task": "put some remotecontrol on armchair.",
  "traj": [
    {
      "obs": "You are in the middle of a room. Looking quickly around you, you see a armchair 1, a armchair 2, a coffeetable 1, a coffeetable 2, a diningtable 1, a garbagecan 1, a sidetable 1, a sidetable 2, and a sofa 1.",
      "act": "go to diningtable 1",
      "thought": "I am now in/on: the middle of a room\nCritical objects I have found:\nNone\nObjects I have taken:\nNone\nTo solve the task, I need to find and take a remote control, then put it on an armchair. First, I need to find a remote control. A remote control is more likely to appear on coffee tables, side tables, or dining tables. I will start by checking the dining table 1."
    },
    {
      "obs": "You arrive at loc 1. On the diningtable 1, you see a box 1, a laptop 1, a plate 1, a statue 1, a statue 2, a statue 3, and a tissuebox 2.",
      "act": "go to armchair 2",
      "thought": "I am now in/on: diningtable 1\nCritical objects I have found:\nNone\nObjects I have taken:\nNone\nOn diningtable 1, there is no remote control. Next, I need to check armchair 2 to see if the remote control is there."
    },
    {
      "obs": "You arrive at loc 30. On the armchair 2, you see a creditcard 1.",
      "act": "go to coffeetable 2",
      "thought": "I am now in/on: armchair 2\nCritical objects I have found:\nNone\nObjects I have taken:\nNone\nOn armchair 2, there is no remote control. Next, I need to check coffeetable 2 to see if the remote control is there."
    },
    {
      "obs": "You arrive at loc 20. On the coffeetable 2, you see a keychain 1, a newspaper 1, a remotecontrol 1, a television 1, and a watch 2.",
      "act": "take remotecontrol 1 from coffeetable 2",
      "thought": "I am now in/on: coffeetable 2\nCritical objects I have found:\nremotecontrol 1 (coffeetable 2)\nObjects I have taken:\nNone\nNow I find a remote control (1). Next, I need to take it."
    },
    {
      "obs": "You pick up the remotecontrol 1 from the coffeetable 2.",
      "act": "go to armchair 2",
      "thought": "I am now in/on: coffeetable 2\nCritical objects I have found:\nremotecontrol 1 (coffeetable 2)\nObjects I have taken:\nremotecontrol 1\nNow I have taken the remote control (1). Next, I need to go to and put it on armchair 2."
    },
    {
      "obs": "You pick up the remotecontrol 1 from the coffeetable 2.",
      "act": "put remotecontrol 1 in/on armchair 2",
      "thought": "I am now in/on: coffeetable 2\nCritical objects I have found:\nremotecontrol 1 (coffeetable 2)\nObjects I have taken:\nremotecontrol 1\nNow I have taken the remote control (1). Next, I need to put it on armchair 2."
    },
    {
      "obs": "You put the remotecontrol 1 in/on the armchair 2.",
      "act": "go to diningtable 1"
    }
  ]
}