{
  "task": "put a cellphone in desk.",
  "traj": [
    {
      "obs": "You are in the middle of a room. Looking quickly around you, you see a bed 1, a desk 1, a drawer 1, a drawer 2, a drawer 3, a drawer 4, a drawer 5, a dresser 1, a garbagecan 1, a laundryhamper 1, and a shelf 1.",
      "act": "go to dresser 1",
      "thought": "I am now in/on: the middle of a room\nCritical objects I have found:\nNone\nObjects I have taken:\nNone\nTo solve the task, I need to find and take a cellphone, then put it in the desk. First, I need to find a cellphone. A cellphone is more likely to appear in a dresser (1), drawers (1-5), or perhaps on a shelf (1). I will check one by one, starting with dresser 1."
    },
    {
      "obs": "You arrive at loc 19. On the dresser 1, you see a alarmclock 2, a cellphone 2, a desklamp 1, a mug 1, a mug 2, and a pen 3.",
      "act": "take cellphone 2 from dresser 1",
      "thought": "I am now in/on: dresser 1\nCritical objects I have found:\ncellphone 2 (dresser 1)\nObjects I have taken:\nNone\nI have found a cellphone (2) on dresser 1. Next, I need to take it."
    },
    {
      "obs": "You pick up the cellphone 2 from the dresser 1.",
      "act": "go to desk 1",
      "thought": "I am now in/on: dresser 1\nCritical objects I have found:\ncellphone 2 (dresser 1)\nObjects I have taken:\ncellphone 2\nNow I have taken the cellphone (2). Next, I need to go to the desk and put it there."
    },
    {
      "obs": "You arrive at loc 10. On the desk 1, you see a book 1, a bowl 1, a cd 1, a keychain 1, and a laptop 1.",
      "act": "put cellphone 2 in/on desk 1",
      "thought": "I am now in/on: desk 1\nCritical objects I have found:\ncellphone 2 (dresser 1)\nObjects I have taken:\ncellphone 2\nNow I am at the desk 1. Next, I need to put the cellphone 2 in/on it."
    },
    {
      "obs": "You put the cellphone 2 in/on the desk 1.",
      "act": "go to dresser 1"
    }
  ]
}