{
  "task": "put some creditcard on armchair.",
  "traj": [
    {
      "obs": "You are in the middle of a room. Looking quickly around you, you see a armchair 1, a armchair 2, a coffeetable 1, a diningtable 1, a diningtable 2, a drawer 1, a drawer 2, a garbagecan 1, a sidetable 1, a sidetable 2, a sofa 1, and a tvstand 1.",
      "act": "go to sofa 1",
      "thought": "I am now in/on: the middle of a room\nCritical objects I have found:\nNone\nObjects I have taken:\nNone\nTo solve the task, I need to find and take a credit card, then put it on an armchair. First, I need to find a credit card. A credit card is more likely to appear in drawers (1-2), sidetables (1-2), or maybe on a coffeetable (1) or diningtables (1-2). I can check one by one, starting with the closest likely location, which is sofa 1, as people often leave items on or near where they sit."
    },
    {
      "obs": "You arrive at loc 1. On the sofa 1, you see a creditcard 3, a laptop 1, a laptop 2, a newspaper 1, and a pillow 1.",
      "act": "take creditcard 3 from sofa 1",
      "thought": "I am now in/on: sofa 1\nCritical objects I have found:\ncreditcard 3 (sofa 1)\nObjects I have taken:\nNone\nI have found a credit card (3) on the sofa 1. Next, I need to take it."
    },
    {
      "obs": "You pick up the creditcard 3 from the sofa 1.",
      "act": "go to armchair 2",
      "thought": "I am now in/on: sofa 1\nCritical objects I have found:\ncreditcard 3 (sofa 1)\nObjects I have taken:\ncreditcard 3\nNow I have taken the credit card (3). Next, I need to go to and put it on an armchair. I will choose armchair 2."
    },
    {
      "obs": "You arrive at loc 7. On the armchair 2, you see nothing.",
      "act": "put creditcard 3 in/on armchair 2",
      "thought": "I am now in/on: armchair 2\nCritical objects I have found:\ncreditcard 3 (sofa 1)\nObjects I have taken:\ncreditcard 3\nNow I am at armchair 2 and it is empty. Next, I need to put the credit card (3) on it."
    },
    {
      "obs": "You put the creditcard 3 in/on the armchair 2.",
      "act": "go to sofa 1"
    }
  ]
}