{
  "task": "put some spraybottle on toilet.",
  "traj": [
    {
      "obs": "You are in the middle of a room. Looking quickly around you, you see a bathtubbasin 1, a cabinet 1, a cabinet 2, a cabinet 3, a cabinet 4, a cabinet 5, a countertop 1, a countertop 2, a drawer 1, a drawer 2, a garbagecan 1, a handtowelholder 1, a shelf 1, a shelf 2, a sinkbasin 1, a toilet 1, a toiletpaperhanger 1, and a towelholder 1.",
      "act": "go to drawer 2",
      "thought": "I am now in/on: the middle of a room\nCritical objects I have found:\nNone\nObjects I have taken:\nNone\nTo solve the task, I need to find and take a spraybottle, then put it on the toilet. First, I need to find a spraybottle. A spraybottle is more likely to appear in cabinets (1-5), drawers (1-2), countertops (1-2), or possibly the garbagecan (1). I will start by checking drawer 2."
    },
    {
      "obs": "You arrive at loc 15. On the drawer 2, you see a soapbar 3.",
      "act": "go to cabinet 1",
      "thought": "I am now in/on: drawer 2\nCritical objects I have found:\nNone\nObjects I have taken:\nNone\nIn drawer 2, there is no spraybottle. Next, I need to check cabinet 1."
    },
    {
      "obs": "You arrive at loc 4. The cabinet 1 is closed.",
      "act": "open cabinet 1",
      "thought": "I am now in/on: cabinet 1\nCritical objects I have found:\nNone\nObjects I have taken:\nNone\nTo see objects in cabinet 1, I have to open it first."
    },
    {
      "obs": "You open the cabinet 1. The cabinet 1 is open. In it, you see nothing.",
      "act": "go to toilet 1",
      "thought": "I am now in/on: cabinet 1\nCritical objects I have found:\nNone\nObjects I have taken:\nNone\nCabinet 1 is empty, so there is no spraybottle there. I should not go to the toilet yet as I haven't found a spraybottle. I need to continue searching the other cabinets."
    },
    {
      "obs": "You arrive at loc 8. On the toilet 1, you see a soapbottle 1.",
      "act": "go to countertop 1",
      "thought": "I am now in/on: toilet 1\nCritical objects I have found:\nNone\nObjects I have taken:\nNone\nI mistakenly went to the toilet without having a spraybottle. I need to continue my search for the spraybottle. Next, I will check countertop 1."
    },
    {
      "obs": "You arrive at loc 2. On the countertop 1, you see a candle 2, and a soapbar 1.",
      "act": "go to drawer 1",
      "thought": "I am now in/on: countertop 1\nCritical objects I have found:\nNone\nObjects I have taken:\nNone\nOn countertop 1, there is no spraybottle. Next, I need to check drawer 1."
    },
    {
      "obs": "You arrive at loc 1. On the drawer 1, you see nothing.",
      "act": "go to cabinet 3",
      "thought": "I am now in/on: drawer 1\nCritical objects I have found:\nNone\nObjects I have taken:\nNone\nIn drawer 1, there is no spraybottle. Next, I need to check cabinet 3. Cabinet 2 was skipped, but I can return to it if necessary after checking cabinet 3."
    },
    {
      "obs": "You arrive at loc 10. The cabinet 3 is closed.",
      "act": "open cabinet 3",
      "thought": "I am now in/on: cabinet 3\nCritical objects I have found:\nNone\nObjects I have taken:\nNone\nTo see objects in cabinet 3, I have to open it first."
    },
    {
      "obs": "You open the cabinet 3. The cabinet 3 is open. In it, you see nothing.",
      "act": "go to countertop 2",
      "thought": "I am now in/on: cabinet 3\nCritical objects I have found:\nNone\nObjects I have taken:\nNone\nCabinet 3 is empty, so there is no spraybottle there. I need to continue searching for the spraybottle. Next, I will check countertop 2."
    },
    {
      "obs": "You arrive at loc 14. On the countertop 2, you see a spraybottle 1, a spraybottle 2, a spraybottle 3, and a toiletpaper 1.",
      "act": "take spraybottle 2 from countertop 2",
      "thought": "I am now in/on: countertop 2\nCritical objects I have found:\nspraybottle 2 (countertop 2)\nObjects I have taken:\nNone\nNow I have found a spraybottle (2). Next, I need to take it."
    },
    {
      "obs": "You pick up the spraybottle 2 from the countertop 2.",
      "act": "go to toilet 1",
      "thought": "I am now in/on: countertop 2\nCritical objects I have found:\nspraybottle 2 (countertop 2)\nObjects I have taken:\nspraybottle 2\nNow I have taken the spraybottle (2). Next, I need to go to and put it on the toilet 1."
    },
    {
      "obs": "You arrive at loc 8. On the toilet 1, you see a soapbottle 1.",
      "act": "put spraybottle 2 in/on toilet 1",
      "thought": "I am now in/on: toilet 1\nCritical objects I have found:\nspraybottle 2 (countertop 2)\nObjects I have taken:\nspraybottle 2\nNow I am at the toilet 1. Next, I need to put the spraybottle 2 on it."
    },
    {
      "obs": "You put the spraybottle 2 in/on the toilet 1.",
      "act": "go to drawer 2"
    }
  ]
}