{
  "task": "put some mug on dresser.",
  "traj": [
    {
      "obs": "You are in the middle of a room. Looking quickly around you, you see a armchair 1, a armchair 2, a bed 1, a countertop 1, a diningtable 1, a drawer 1, a drawer 2, a dresser 1, a garbagecan 1, a laundryhamper 1, and a sidetable 1.",
      "act": "go to sidetable 1",
      "thought": "I am now in/on: the middle of a room\nCritical objects I have found:\nNone\nObjects I have taken:\nNone\nTo solve the task, I need to find and take a mug, then put it on the dresser. First, I need to find a mug. A mug is more likely to appear on countertops, dining tables, sidetables, or inside drawers. I will start by checking the sidetable 1."
    },
    {
      "obs": "You arrive at loc 10. On the sidetable 1, you see a alarmclock 1, a cd 1, a keychain 1, and a mug 1.",
      "act": "take mug 1 from sidetable 1",
      "thought": "I am now in/on: sidetable 1\nCritical objects I have found:\nmug 1 (sidetable 1)\nObjects I have taken:\nNone\nI have found a mug (1) on the sidetable 1. Next, I need to take it."
    },
    {
      "obs": "You pick up the mug 1 from the sidetable 1.",
      "act": "go to dresser 1",
      "thought": "I am now in/on: sidetable 1\nCritical objects I have found:\nmug 1 (sidetable 1)\nObjects I have taken:\nmug 1\nNow that I have the mug (1), I need to go to the dresser and put it on there."
    },
    {
      "obs": "You arrive at loc 9. On the dresser 1, you see a pencil 1, a remotecontrol 1, and a television 1.",
      "act": "put mug 1 in/on dresser 1",
      "thought": "I am now in/on: dresser 1\nCritical objects I have found:\nmug 1 (sidetable 1)\nObjects I have taken:\nmug 1\nNow I am at the dresser 1. Next, I need to put the mug 1 on it."
    },
    {
      "obs": "You put the mug 1 in/on the dresser 1.",
      "act": "go to sidetable 1"
    }
  ]
}