{
  "task": "put some glassbottle on diningtable.",
  "traj": [
    {
      "obs": "You are in the middle of a room. Looking quickly around you, you see a cabinet 1, a cabinet 10, a cabinet 2, a cabinet 3, a cabinet 4, a cabinet 5, a cabinet 6, a cabinet 7, a cabinet 8, a cabinet 9, a coffeemachine 1, a countertop 1, a diningtable 1, a drawer 1, a drawer 2, a fridge 1, a garbagecan 1, a microwave 1, a sinkbasin 1, a stoveburner 1, a stoveburner 2, a stoveburner 3, a stoveburner 4, and a toaster 1.",
      "act": "go to cabinet 1",
      "thought": "I am now in/on: the middle of a room\nCritical objects I have found:\nNone\nObjects I have taken:\nNone\nTo solve the task, I need to find and take a glassbottle, then put it on the diningtable. First, I need to find a glassbottle. A glassbottle is more likely to appear in cabinets (1-10), countertop (1), or sinkbasin (1). I can check one by one, starting with cabinet 1."
    },
    {
      "obs": "You arrive at loc 2. The cabinet 1 is closed.",
      "act": "open cabinet 1",
      "thought": "I am now in/on: cabinet 1\nCritical objects I have found:\nNone\nObjects I have taken:\nNone\nTo see objects in cabinet 1, I have to open it first."
    },
    {
      "obs": "You open the cabinet 1. The cabinet 1 is open. In it, you see nothing.",
      "act": "go to sinkbasin 1",
      "thought": "I am now in/on: cabinet 1\nCritical objects I have found:\nNone\nObjects I have taken:\nNone\nCabinet 1 is empty. Next, I need to check sinkbasin 1 for a glassbottle."
    },
    {
      "obs": "You arrive at loc 18. On the sinkbasin 1, you see a apple 3, a egg 3, and a potato 2.",
      "act": "go to microwave 1",
      "thought": "I am now in/on: sinkbasin 1\nCritical objects I have found:\nNone\nObjects I have taken:\nNone\nSinkbasin 1 does not have a glassbottle. I mistakenly went to microwave 1, but I should continue searching the cabinets for a glassbottle. I will correct my action and go to cabinet 2 next."
    },
    {
      "obs": "You arrive at loc 15. The microwave 1 is closed.",
      "act": "open microwave 1",
      "thought": "act: go to cabinet 2\nthink: I am now in/on: microwave 1\nCritical objects I have found:\nNone\nObjects I have taken:\nNone\nI accidentally went to microwave 1 instead of continuing my search for a glassbottle in the cabinets. I need to correct my mistake and go to cabinet 2 next."
    },
    {
      "obs": "You open the microwave 1. The microwave 1 is open. In it, you see a apple 2, and a potato 1.",
      "act": "go to cabinet 9",
      "thought": "act: go to cabinet 2\nthink: I am now in/on: microwave 1\nCritical objects I have found:\nNone\nObjects I have taken:\nNone\nI accidentally opened the microwave instead of continuing my search for a glassbottle in the cabinets. I need to correct my mistake and go to cabinet 2 next."
    },
    {
      "obs": "You arrive at loc 20. On the cabinet 9, you see nothing.",
      "act": "go to countertop 1",
      "thought": "act: go to cabinet 2\nthink: I am now in/on: cabinet 9\nCritical objects I have found:\nNone\nObjects I have taken:\nNone\nCabinet 9 is empty. I need to continue searching for a glassbottle. Next, I will check cabinet 2."
    },
    {
      "obs": "You arrive at loc 24. On the countertop 1, you see a bread 1, a butterknife 2, a butterknife 3, a dishsponge 2, a glassbottle 1, a pen 2, a soapbottle 2, and a spoon 2.",
      "act": "take glassbottle 1 from countertop 1",
      "thought": "I am now in/on: countertop 1\nCritical objects I have found:\nglassbottle 1 (countertop 1)\nObjects I have taken:\nNone\nI have found a glassbottle on the countertop 1. Next, I need to take it."
    },
    {
      "obs": "You pick up the glassbottle 1 from the countertop 1.",
      "act": "go to diningtable 1",
      "thought": "I am now in/on: countertop 1\nCritical objects I have found:\nglassbottle 1 (countertop 1)\nObjects I have taken:\nglassbottle 1\nNow that I have the glassbottle, I need to go to the diningtable to put it there."
    },
    {
      "obs": "You arrive at loc 9. On the diningtable 1, you see a apple 1, a butterknife 1, a dishsponge 1, a egg 1, a fork 1, a knife 1, a knife 2, a pan 1, a pen 1, a plate 1, a plate 2, a soapbottle 1, a spatula 1, a spatula 2, a spatula 3, a spoon 1, a tomato 1, and a winebottle 1.",
      "act": "put glassbottle 1 in/on diningtable 1",
      "thought": "I am now in/on: diningtable 1\nCritical objects I have found:\nglassbottle 1 (countertop 1)\nObjects I have taken:\nglassbottle 1\nNow I am at the diningtable 1. Next, I need to put the glassbottle 1 on it."
    },
    {
      "obs": "You put the glassbottle 1 in/on the diningtable 1.",
      "act": "go to cabinet 1"
    }
  ]
}