{
  "task": "put a statue in coffeetable.",
  "traj": [
    {
      "obs": "You are in the middle of a room. Looking quickly around you, you see a armchair 1, a coffeetable 1, a drawer 1, a drawer 2, a drawer 3, a drawer 4, a dresser 1, a garbagecan 1, a sidetable 1, a sidetable 2, a sidetable 3, and a sofa 1.",
      "act": "go to dresser 1",
      "thought": "I am now in/on: the middle of a room\nCritical objects I have found:\nNone\nObjects I have taken:\nNone\nTo solve the task, I need to find and take a statue, then put it on the coffeetable. First, I need to find a statue. A statue is more likely to appear on surfaces like dressers, sidetables, or drawers. I will start by checking the dresser 1."
    },
    {
      "obs": "You arrive at loc 19. On the dresser 1, you see a book 1, a keychain 1, a remotecontrol 1, and a television 1.",
      "act": "go to coffeetable 1",
      "thought": "I am now in/on: dresser 1\nCritical objects I have found:\nNone\nObjects I have taken:\nNone\nOn dresser 1, there is no statue. Next, I need to check the coffeetable 1, as it is also a surface where a statue might be placed."
    },
    {
      "obs": "You arrive at loc 27. On the coffeetable 1, you see a book 2, a box 1, a keychain 2, a pen 2, a pencil 1, a tissuebox 1, and a tissuebox 2.",
      "act": "go to sidetable 2",
      "thought": "I am now in/on: coffeetable 1\nCritical objects I have found:\nNone\nObjects I have taken:\nNone\nOn coffeetable 1, there is no statue. Next, I need to check sidetable 2, as it is another surface where a statue might be placed."
    },
    {
      "obs": "You arrive at loc 4. On the sidetable 2, you see a creditcard 1, a creditcard 2, a creditcard 3, a laptop 2, and a statue 2.",
      "act": "take statue 2 from sidetable 2",
      "thought": "I am now in/on: sidetable 2\nCritical objects I have found:\nstatue 2 (sidetable 2)\nObjects I have taken:\nNone\nNow I find a statue (2). Next, I need to take it."
    },
    {
      "obs": "You pick up the statue 2 from the sidetable 2.",
      "act": "go to coffeetable 1",
      "thought": "I am now in/on: sidetable 2\nCritical objects I have found:\nstatue 2 (sidetable 2)\nObjects I have taken:\nstatue 2\nNow I have taken the statue (2). Next, I need to go to and put it on the coffeetable 1."
    },
    {
      "obs": "You pick up the statue 2 from the sidetable 2.",
      "act": "put statue 2 in/on coffeetable 1",
      "thought": "I am now in/on: sidetable 2\nCritical objects I have found:\nstatue 2 (sidetable 2)\nObjects I have taken:\nstatue 2\nNow I have taken the statue (2). Next, I need to put it on the coffeetable 1. However, it seems there was an error in the observation as it repeated the action of picking up the statue from the sidetable 2. I will assume I am at the coffeetable 1 and proceed to place the statue on it."
    },
    {
      "obs": "You put the statue 2 in/on the coffeetable 1.",
      "act": "go to dresser 1"
    }
  ]
}