{
  "task": "put a toiletpaper in garbagecan.",
  "traj": [
    {
      "obs": "You are in the middle of a room. Looking quickly around you, you see a bathtubbasin 1, a cabinet 1, a cabinet 2, a cabinet 3, a cabinet 4, a countertop 1, a garbagecan 1, a handtowelholder 1, a shelf 1, a sinkbasin 1, a sinkbasin 2, a toilet 1, a toiletpaperhanger 1, a towelholder 1, and a towelholder 2.",
      "act": "go to garbagecan 1",
      "thought": "I am now in/on: the middle of a room\nCritical objects I have found:\nNone\nObjects I have taken:\nNone\nTo solve the task, I need to find and take a toiletpaper, then put it in the garbagecan. First, I need to find a toiletpaper. A toiletpaper is more likely to appear in cabinets (1-4), on shelves (1), or near the toilet (1). I can check one by one, starting with the toiletpaperhanger 1, as it is the most obvious place to find toiletpaper."
    },
    {
      "obs": "You arrive at loc 23. On the garbagecan 1, you see nothing.",
      "act": "go to toilet 1",
      "thought": "I am now in/on: garbagecan 1\nCritical objects I have found:\nNone\nObjects I have taken:\nNone\nThe garbagecan is empty, which is good for completing the task later. Now, I need to find a toiletpaper. The most logical place to check first is near the toilet, as that's where toiletpaper is usually located."
    },
    {
      "obs": "You arrive at loc 18. On the toilet 1, you see a candle 2, and a soapbottle 2.",
      "act": "go to cabinet 3",
      "thought": "I am now in/on: toilet 1\nCritical objects I have found:\nNone\nObjects I have taken:\nNone\nThere is no toiletpaper on the toilet. Next, I will check cabinet 3, as cabinets are common storage places for toiletpaper in a bathroom."
    },
    {
      "obs": "You arrive at loc 9. The cabinet 3 is closed.",
      "act": "open cabinet 3",
      "thought": "I am now in/on: cabinet 3\nCritical objects I have found:\nNone\nObjects I have taken:\nNone\nTo see objects in cabinet 3, I have to open it first."
    },
    {
      "obs": "You open the cabinet 3. The cabinet 3 is open. In it, you see nothing.",
      "act": "go to cabinet 4",
      "thought": "I am now in/on: cabinet 3\nCritical objects I have found:\nNone\nObjects I have taken:\nNone\nCabinet 3 is empty. Next, I need to check cabinet 4 for toiletpaper."
    },
    {
      "obs": "You arrive at loc 12. The cabinet 4 is closed.",
      "act": "open cabinet 4",
      "thought": "I am now in/on: cabinet 3\nCritical objects I have found:\nNone\nObjects I have taken:\nNone\nCabinet 3 is empty, so I will now attempt to open cabinet 4 to continue searching for toiletpaper."
    },
    {
      "obs": "You open the cabinet 4. The cabinet 4 is open. In it, you see a dishsponge 3, and a spraybottle 3.",
      "act": "go to cabinet 1",
      "thought": "I am now in/on: cabinet 4\nCritical objects I have found:\nNone\nObjects I have taken:\nNone\nCabinet 4 does not contain toiletpaper. I will now check cabinet 1, continuing the search for toiletpaper."
    },
    {
      "obs": "You arrive at loc 7. The cabinet 1 is closed.",
      "act": "open cabinet 1",
      "thought": "I am now in/on: cabinet 4\nCritical objects I have found:\nNone\nObjects I have taken:\nNone\nCabinet 4 did not have toiletpaper. I will now open cabinet 1 to see if the toiletpaper is stored there."
    },
    {
      "obs": "You open the cabinet 1. The cabinet 1 is open. In it, you see a cloth 1, and a spraybottle 2.",
      "act": "go to toiletpaperhanger 1",
      "thought": "I am now in/on: cabinet 1\nCritical objects I have found:\nNone\nObjects I have taken:\nNone\nCabinet 1 does not contain toiletpaper. I will now check the toiletpaperhanger 1, as it is another common place where toiletpaper might be found."
    },
    {
      "obs": "You arrive at loc 21. On the toiletpaperhanger 1, you see a toiletpaper 3.",
      "act": "take toiletpaper 3 from toiletpaperhanger 1",
      "thought": "I am now in/on: toiletpaperhanger 1\nCritical objects I have found:\ntoiletpaper 3 (toiletpaperhanger 1)\nObjects I have taken:\nNone\nI have found a toiletpaper (3) on the toiletpaperhanger 1. Next, I need to take it."
    },
    {
      "obs": "You pick up the toiletpaper 3 from the toiletpaperhanger 1.",
      "act": "go to garbagecan 1",
      "thought": "I am now in/on: toiletpaperhanger 1\nCritical objects I have found:\ntoiletpaper 3 (toiletpaperhanger 1)\nObjects I have taken:\ntoiletpaper 3\nNow that I have the toiletpaper (3), I need to go to the garbagecan 1 to complete the task."
    },
    {
      "obs": "You arrive at loc 23. On the garbagecan 1, you see nothing.",
      "act": "put toiletpaper 3 in/on garbagecan 1",
      "thought": "I am now in/on: garbagecan 1\nCritical objects I have found:\ntoiletpaper 3 (toiletpaperhanger 1)\nObjects I have taken:\ntoiletpaper 3\nNow I am at the garbagecan 1. Next, I need to put the toiletpaper 3 in the garbagecan to complete the task."
    },
    {
      "obs": "You put the toiletpaper 3 in/on the garbagecan 1.",
      "act": "go to toilet 1"
    }
  ]
}