{
  "task": "put a keychain in drawer.",
  "traj": [
    {
      "obs": "You are in the middle of a room. Looking quickly around you, you see a armchair 1, a diningtable 1, a drawer 1, a garbagecan 1, a ottoman 1, a shelf 1, a shelf 2, a shelf 3, a shelf 4, a shelf 5, a shelf 6, a shelf 7, a shelf 8, a sidetable 1, a sofa 1, and a tvstand 1.",
      "act": "go to shelf 8",
      "thought": "I am now in/on: the middle of a room\nCritical objects I have found:\nNone\nObjects I have taken:\nNone\nTo solve the task, I need to find and take a keychain, then put it in the drawer. First, I need to find a keychain. A keychain is more likely to appear on shelves (1-8), sidetables (1), or tvstands (1). I can check one by one, starting with shelf 8."
    },
    {
      "obs": "You arrive at loc 12. On the shelf 8, you see nothing.",
      "act": "go to shelf 5",
      "thought": "I am now in/on: shelf 8\nCritical objects I have found:\nNone\nObjects I have taken:\nNone\nOn shelf 8, there is no keychain. Next, I need to check shelf 5."
    },
    {
      "obs": "You arrive at loc 11. On the shelf 5, you see nothing.",
      "act": "go to shelf 1",
      "thought": "I am now in/on: shelf 5\nCritical objects I have found:\nNone\nObjects I have taken:\nNone\nOn shelf 5, there is no keychain. Next, I need to check shelf 1."
    },
    {
      "obs": "You arrive at loc 10. On the shelf 1, you see nothing.",
      "act": "go to sidetable 1",
      "thought": "I am now in/on: shelf 1\nCritical objects I have found:\nNone\nObjects I have taken:\nNone\nOn shelf 1, there is no keychain. Next, I need to check sidetable 1."
    },
    {
      "obs": "You arrive at loc 21. On the sidetable 1, you see a remotecontrol 1, a remotecontrol 2, and a vase 1.",
      "act": "go to shelf 2",
      "thought": "I am now in/on: sidetable 1\nCritical objects I have found:\nNone\nObjects I have taken:\nNone\nOn sidetable 1, there is no keychain. Next, I need to check shelf 2."
    },
    {
      "obs": "You arrive at loc 8. On the shelf 2, you see nothing.",
      "act": "go to shelf 3",
      "thought": "I am now in/on: shelf 2\nCritical objects I have found:\nNone\nObjects I have taken:\nNone\nOn shelf 2, there is no keychain. Next, I need to check shelf 3."
    },
    {
      "obs": "You arrive at loc 7. On the shelf 3, you see nothing.",
      "act": "go to ottoman 1",
      "thought": "I am now in/on: shelf 3\nCritical objects I have found:\nNone\nObjects I have taken:\nNone\nOn shelf 3, there is no keychain. Next, I need to check ottoman 1, as it might be a place where someone would place a keychain temporarily."
    },
    {
      "obs": "You arrive at loc 16. On the ottoman 1, you see a keychain 4.",
      "act": "take keychain 4 from ottoman 1",
      "thought": "I am now in/on: ottoman 1\nCritical objects I have found:\nkeychain 4 (ottoman 1)\nObjects I have taken:\nNone\nNow I find a keychain (4). Next, I need to take it."
    },
    {
      "obs": "You pick up the keychain 4 from the ottoman 1.",
      "act": "go to drawer 1",
      "thought": "I am now in/on: ottoman 1\nCritical objects I have found:\nkeychain 4 (ottoman 1)\nObjects I have taken:\nkeychain 4\nNow I have taken the keychain (4). Next, I need to go to the drawer and put it in."
    },
    {
      "obs": "You arrive at loc 22. The drawer 1 is closed.",
      "act": "open drawer 1",
      "thought": "I am now in/on: drawer 1\nCritical objects I have found:\nkeychain 4 (ottoman 1)\nObjects I have taken:\nkeychain 4\nTo put the keychain in the drawer, I need to open it first since it is closed."
    },
    {
      "obs": "You open the drawer 1. The drawer 1 is open. In it, you see nothing.",
      "act": "put keychain 4 in/on drawer 1",
      "thought": "I am now in/on: drawer 1\nCritical objects I have found:\nkeychain 4 (ottoman 1)\nObjects I have taken:\nkeychain 4\nNow the drawer is open and I can put the keychain (4) in it."
    },
    {
      "obs": "You put the keychain 4 in/on the drawer 1.",
      "act": "close drawer 1"
    }
  ]
}