{
  "task": "put some dishsponge on cart.",
  "traj": [
    {
      "obs": "You are in the middle of a room. Looking quickly around you, you see a bathtubbasin 1, a cart 1, a garbagecan 1, a handtowelholder 1, a handtowelholder 2, a shelf 1, a shelf 2, a shelf 3, a shelf 4, a sinkbasin 1, a toilet 1, a toiletpaperhanger 1, a towelholder 1, and a towelholder 2.",
      "act": "go to sinkbasin 1",
      "thought": "I am now in/on: the middle of a room\nCritical objects I have found:\nNone\nObjects I have taken:\nNone\nTo solve the task, I need to find and take a dishsponge, then put it on the cart. First, I need to find a dishsponge. A dishsponge is more likely to appear near a sinkbasin, on a shelf, or in a garbagecan. I will start by checking the sinkbasin 1."
    },
    {
      "obs": "You arrive at loc 15. On the sinkbasin 1, you see nothing.",
      "act": "go to shelf 4",
      "thought": "I am now in/on: sinkbasin 1\nCritical objects I have found:\nNone\nObjects I have taken:\nNone\nThere is no dishsponge on sinkbasin 1. Next, I need to check the shelves, starting with shelf 4."
    },
    {
      "obs": "You arrive at loc 18. On the shelf 4, you see nothing.",
      "act": "go to toilet 1",
      "thought": "I am now in/on: shelf 4\nCritical objects I have found:\nNone\nObjects I have taken:\nNone\nThere is no dishsponge on shelf 4. I mistakenly thought to check the toilet next, but I should continue checking the shelves. I will correct my action and go to shelf 3 next."
    },
    {
      "obs": "You arrive at loc 7. On the toilet 1, you see a candle 1, and a spraybottle 1.",
      "act": "go to cart 1",
      "thought": "I am now in/on: toilet 1\nCritical objects I have found:\nNone\nObjects I have taken:\nNone\nI mistakenly went to the toilet instead of continuing to check the shelves for a dishsponge. I need to correct my course of action and go to shelf 3 next to continue my search for the dishsponge."
    },
    {
      "obs": "You arrive at loc 16. On the cart 1, you see a candle 2.",
      "act": "go to bathtubbasin 1",
      "thought": "I am now in/on: cart 1\nCritical objects I have found:\nNone\nObjects I have taken:\nNone\nI mistakenly went to the cart instead of continuing to check the shelves for a dishsponge. I need to correct my course of action and go to shelf 3 next to continue my search for the dishsponge. However, since I am already at the cart, I will first check the bathtubbasin 1 before correcting my mistake."
    },
    {
      "obs": "You arrive at loc 5. On the bathtubbasin 1, you see a cloth 1, and a cloth 2.",
      "act": "go to shelf 1",
      "thought": "I am now in/on: bathtubbasin 1\nCritical objects I have found:\nNone\nObjects I have taken:\nNone\nThere is no dishsponge on bathtubbasin 1. I need to continue my search for the dishsponge by checking the shelves. I will go to shelf 1 next."
    },
    {
      "obs": "You arrive at loc 21. On the shelf 1, you see a dishsponge 2, and a toiletpaper 2.",
      "act": "take dishsponge 2 from shelf 1",
      "thought": "I am now in/on: shelf 1\nCritical objects I have found:\ndishsponge 2 (shelf 1)\nObjects I have taken:\nNone\nI have found a dishsponge (2) on shelf 1. Next, I need to take it."
    },
    {
      "obs": "You pick up the dishsponge 2 from the shelf 1.",
      "act": "go to cart 1",
      "thought": "I am now in/on: shelf 1\nCritical objects I have found:\ndishsponge 2 (shelf 1)\nObjects I have taken:\ndishsponge 2\nNow that I have the dishsponge (2), I need to go to the cart and put it on there."
    },
    {
      "obs": "You pick up the dishsponge 2 from the shelf 1.",
      "act": "put dishsponge 2 in/on cart 1",
      "thought": "I am now in/on: shelf 1\nCritical objects I have found:\ndishsponge 2 (shelf 1)\nObjects I have taken:\ndishsponge 2\nI have the dishsponge (2) and I am heading to the cart to put it on there. However, it seems there was a mistake in the observation as it repeated the action of picking up the dishsponge from the shelf. I will proceed with the intended action of putting the dishsponge on the cart."
    },
    {
      "obs": "You put the dishsponge 2 in/on the cart 1.",
      "act": "go to sinkbasin 1"
    }
  ]
}