{
  "task": "put a creditcard in drawer.",
  "traj": [
    {
      "obs": "You are in the middle of a room. Looking quickly around you, you see a armchair 1, a armchair 2, a cabinet 1, a cabinet 2, a cabinet 3, a cabinet 4, a cabinet 5, a cabinet 6, a cabinet 7, a cabinet 8, a coffeetable 1, a coffeetable 2, a diningtable 1, a drawer 1, a drawer 2, a drawer 3, a drawer 4, a drawer 5, a drawer 6, a drawer 7, a garbagecan 1, a shelf 1, a shelf 10, a shelf 11, a shelf 12, a shelf 13, a shelf 2, a shelf 3, a shelf 4, a shelf 5, a shelf 6, a shelf 7, a shelf 8, a shelf 9, and a sofa 1.",
      "act": "go to shelf 5",
      "thought": "I am now in/on: the middle of a room\nCritical objects I have found:\nNone\nObjects I have taken:\nNone\nTo solve the task, I need to find and take a credit card, then put it in a drawer. First, I need to find a credit card. A credit card is more likely to appear in drawers (1-7), cabinets (1-8), or on shelves (1-13). I can check one by one, starting with shelf 5, which is a common place for small items like credit cards."
    },
    {
      "obs": "You arrive at loc 33. On the shelf 5, you see nothing.",
      "act": "go to sofa 1",
      "thought": "I am now in/on: shelf 5\nCritical objects I have found:\nNone\nObjects I have taken:\nNone\nOn shelf 5, there is no credit card. Next, I need to check around the sofa 1, as sometimes small items like credit cards can be found near seating areas."
    },
    {
      "obs": "You arrive at loc 45. On the sofa 1, you see a creditcard 2, a pillow 1, and a remotecontrol 1.",
      "act": "take creditcard 2 from sofa 1",
      "thought": "I am now in/on: sofa 1\nCritical objects I have found:\ncreditcard 2 (sofa 1)\nObjects I have taken:\nNone\nNow I find a credit card (2). Next, I need to take it."
    },
    {
      "obs": "You pick up the creditcard 2 from the sofa 1.",
      "act": "go to drawer 3",
      "thought": "I am now in/on: sofa 1\nCritical objects I have found:\ncreditcard 2 (sofa 1)\nObjects I have taken:\ncreditcard 2\nNow I have taken the credit card (2). Next, I need to go to a drawer to put it in. I will check drawer 3 first."
    },
    {
      "obs": "You arrive at loc 49. The drawer 3 is closed.",
      "act": "open drawer 3",
      "thought": "I am now in/on: drawer 3\nCritical objects I have found:\ncreditcard 2 (sofa 1)\nObjects I have taken:\ncreditcard 2\nTo put the credit card in drawer 3, I need to open it first since it is closed."
    },
    {
      "obs": "You open the drawer 3. The drawer 3 is open. In it, you see nothing.",
      "act": "put creditcard 2 in/on drawer 3",
      "thought": "I am now in/on: drawer 3\nCritical objects I have found:\ncreditcard 2 (sofa 1)\nObjects I have taken:\ncreditcard 2\nNow that drawer 3 is open and empty, I can put the credit card (2) in it."
    },
    {
      "obs": "You put the creditcard 2 in/on the drawer 3.",
      "act": "close drawer 3"
    }
  ]
}