{
  "task": "put a spraybottle in garbagecan.",
  "traj": [
    {
      "obs": "You are in the middle of a room. Looking quickly around you, you see a countertop 1, a drawer 1, a drawer 2, a drawer 3, a drawer 4, a drawer 5, a drawer 6, a drawer 7, a drawer 8, a garbagecan 1, a handtowelholder 1, a sinkbasin 1, a sinkbasin 2, a toilet 1, a toiletpaperhanger 1, and a towelholder 1.",
      "act": "go to toilet 1",
      "thought": "I am now in/on: the middle of a room\nCritical objects I have found:\nNone\nObjects I have taken:\nNone\nTo solve the task, I need to find and take a spraybottle, then put it in the garbagecan. A spraybottle is more likely to appear in drawers (1-8), countertop (1), or sinkbasins (1-2). I can check one by one, starting with the closest location which could be the countertop 1 or any of the drawers. I will start with the countertop 1."
    },
    {
      "obs": "You arrive at loc 17. On the toilet 1, you see a candle 3, and a dishsponge 2.",
      "act": "go to drawer 4",
      "thought": "I am now in/on: toilet 1\nCritical objects I have found:\nNone\nObjects I have taken:\nNone\nOn toilet 1, there is no spraybottle. Next, I need to check drawer 4, as it is one of the drawers and could contain a spraybottle."
    },
    {
      "obs": "You arrive at loc 7. The drawer 4 is closed.",
      "act": "open drawer 4",
      "thought": "I am now in/on: drawer 4\nCritical objects I have found:\nNone\nObjects I have taken:\nNone\nTo see objects in drawer 4, I have to open it first."
    },
    {
      "obs": "You open the drawer 4. The drawer 4 is open. In it, you see nothing.",
      "act": "go to drawer 5",
      "thought": "I am now in/on: drawer 4\nCritical objects I have found:\nNone\nObjects I have taken:\nNone\nDrawer 4 is empty. Next, I need to check drawer 5 for a spraybottle."
    },
    {
      "obs": "You arrive at loc 5. The drawer 5 is closed.",
      "act": "open drawer 5",
      "thought": "I am now in/on: drawer 5\nCritical objects I have found:\nNone\nObjects I have taken:\nNone\nTo see objects in drawer 5, I have to open it first."
    },
    {
      "obs": "You open the drawer 5. The drawer 5 is open. In it, you see a cloth 1.",
      "act": "go to drawer 7",
      "thought": "I am now in/on: drawer 5\nCritical objects I have found:\nNone\nObjects I have taken:\nNone\nDrawer 5 contains a cloth but no spraybottle. Next, I need to check drawer 7 for a spraybottle."
    },
    {
      "obs": "You arrive at loc 11. On the drawer 7, you see nothing.",
      "act": "go to drawer 3",
      "thought": "I am now in/on: drawer 7\nCritical objects I have found:\nNone\nObjects I have taken:\nNone\nDrawer 7 is empty. Next, I need to check drawer 3 for a spraybottle."
    },
    {
      "obs": "You arrive at loc 6. The drawer 3 is closed.",
      "act": "open drawer 3",
      "thought": "I am now in/on: drawer 3\nCritical objects I have found:\nNone\nObjects I have taken:\nNone\nTo see objects in drawer 3, I have to open it first."
    },
    {
      "obs": "You open the drawer 3. The drawer 3 is open. In it, you see nothing.",
      "act": "go to countertop 1",
      "thought": "I am now in/on: drawer 3\nCritical objects I have found:\nNone\nObjects I have taken:\nNone\nDrawer 3 is empty. Next, I need to check countertop 1 for a spraybottle."
    },
    {
      "obs": "You arrive at loc 14. On the countertop 1, you see a soapbottle 1, a spraybottle 1, and a toiletpaper 2.",
      "act": "take spraybottle 1 from countertop 1",
      "thought": "I am now in/on: countertop 1\nCritical objects I have found:\nspraybottle 1 (countertop 1)\nObjects I have taken:\nNone\nNow I find a spraybottle (1). Next, I need to take it."
    },
    {
      "obs": "You pick up the spraybottle 1 from the countertop 1.",
      "act": "go to garbagecan 1",
      "thought": "I am now in/on: countertop 1\nCritical objects I have found:\nspraybottle 1 (countertop 1)\nObjects I have taken:\nspraybottle 1\nNow I have taken the spraybottle (1). Next, I need to go to the garbagecan to put it in."
    },
    {
      "obs": "You arrive at loc 1. On the garbagecan 1, you see nothing.",
      "act": "put spraybottle 1 in/on garbagecan 1",
      "thought": "I am now in/on: garbagecan 1\nCritical objects I have found:\nspraybottle 1 (countertop 1)\nObjects I have taken:\nspraybottle 1\nNow I am at the garbagecan 1. Next, I need to put the spraybottle 1 in it."
    },
    {
      "obs": "You put the spraybottle 1 in/on the garbagecan 1.",
      "act": "go to toilet 1"
    }
  ]
}