{
  "task": "put some remotecontrol on armchair.",
  "traj": [
    {
      "obs": "You are in the middle of a room. Looking quickly around you, you see a armchair 1, a armchair 2, a armchair 3, a coffeetable 1, a diningtable 1, a diningtable 2, a garbagecan 1, a sofa 1, and a tvstand 1.",
      "act": "go to coffeetable 1",
      "thought": "I am now in/on: the middle of a room\nCritical objects I have found:\nNone\nObjects I have taken:\nNone\nTo solve the task, I need to find and take a remote control, then put it on an armchair. First, I need to find a remote control. A remote control is more likely to appear on surfaces like coffee tables, dining tables, sofas, or TV stands. I will check the coffee table first."
    },
    {
      "obs": "You arrive at loc 8. On the coffeetable 1, you see a box 2, a candle 2, a creditcard 1, a keychain 2, a plate 2, a remotecontrol 3, a remotecontrol 4, and a vase 3.",
      "act": "take remotecontrol 4 from coffeetable 1",
      "thought": "I am now in/on: coffeetable 1\nCritical objects I have found:\nremotecontrol 4 (coffeetable 1)\nObjects I have taken:\nNone\nI have found not one, but two remote controls on the coffee table. I will take one of them, remote control 4, to complete the task."
    },
    {
      "obs": "You pick up the remotecontrol 4 from the coffeetable 1.",
      "act": "go to armchair 3",
      "thought": "I am now in/on: coffeetable 1\nCritical objects I have found:\nremotecontrol 4 (coffeetable 1)\nObjects I have taken:\nremotecontrol 4\nI have taken the remote control 4. Next, I need to go to an armchair and put the remote control on it. I will choose armchair 3 for this task."
    },
    {
      "obs": "You arrive at loc 4. On the armchair 3, you see nothing.",
      "act": "put remotecontrol 4 in/on armchair 3",
      "thought": "I am now in/on: armchair 3\nCritical objects I have found:\nremotecontrol 4 (coffeetable 1)\nObjects I have taken:\nremotecontrol 4\nI am at armchair 3 and it is empty, which is perfect for placing the remote control on it. Now I will complete the task by putting the remote control 4 on armchair 3."
    },
    {
      "obs": "You put the remotecontrol 4 in/on the armchair 3.",
      "act": "go to coffeetable 1"
    }
  ]
}