{
  "task": "put a toiletpaper in toiletpaperhanger.",
  "traj": [
    {
      "obs": "You are in the middle of a room. Looking quickly around you, you see a bathtubbasin 1, a cabinet 1, a cabinet 2, a cabinet 3, a cabinet 4, a countertop 1, a garbagecan 1, a handtowelholder 1, a handtowelholder 2, a shelf 1, a sinkbasin 1, a sinkbasin 2, a toilet 1, a toiletpaperhanger 1, a towelholder 1, and a towelholder 2.",
      "act": "go to cabinet 3",
      "thought": "I am now in/on: the middle of a room\nCritical objects I have found:\nNone\nObjects I have taken:\nNone\nTo solve the task, I need to find and take a toiletpaper, then put it in the toiletpaperhanger. First, I need to find a toiletpaper. A toiletpaper is more likely to appear in cabinets (1-4), shelf (1), or possibly near the sinkbasins (1-2) or the toilet (1). I will check the cabinets first, starting with cabinet 3."
    },
    {
      "obs": "You arrive at loc 8. The cabinet 3 is closed.",
      "act": "open cabinet 3",
      "thought": "I am now in/on: cabinet 3\nCritical objects I have found:\nNone\nObjects I have taken:\nNone\nTo see objects in cabinet 3, I have to open it first."
    },
    {
      "obs": "You open the cabinet 3. The cabinet 3 is open. In it, you see a spraybottle 1.",
      "act": "go to cabinet 4",
      "thought": "I am now in/on: cabinet 3\nCritical objects I have found:\nNone\nObjects I have taken:\nNone\nIn cabinet 3, there is no toiletpaper. Next, I need to check cabinet 4."
    },
    {
      "obs": "You arrive at loc 11. The cabinet 4 is closed.",
      "act": "open cabinet 4",
      "thought": "I am now in/on: cabinet 3\nCritical objects I have found:\nNone\nObjects I have taken:\nNone\nTo see objects in cabinet 4, I have to open it first."
    },
    {
      "obs": "You open the cabinet 4. The cabinet 4 is open. In it, you see nothing.",
      "act": "go to shelf 1",
      "thought": "I am now in/on: cabinet 4\nCritical objects I have found:\nNone\nObjects I have taken:\nNone\nIn cabinet 4, there is no toiletpaper. Next, I need to check shelf 1."
    },
    {
      "obs": "You arrive at loc 2. On the shelf 1, you see a soapbottle 1, a tissuebox 1, a toiletpaper 1, and a toiletpaper 2.",
      "act": "take toiletpaper 1 from shelf 1",
      "thought": "I am now in/on: shelf 1\nCritical objects I have found:\ntoiletpaper 1 (shelf 1)\nObjects I have taken:\nNone\nNow I find toiletpaper (1). Next, I need to take it."
    },
    {
      "obs": "You pick up the toiletpaper 1 from the shelf 1.",
      "act": "go to toiletpaperhanger 1",
      "thought": "I am now in/on: shelf 1\nCritical objects I have found:\ntoiletpaper 1 (shelf 1)\nObjects I have taken:\ntoiletpaper 1\nNow I have taken toiletpaper (1). Next, I need to go to and put it in the toiletpaperhanger."
    },
    {
      "obs": "You arrive at loc 17. On the toiletpaperhanger 1, you see nothing.",
      "act": "put toiletpaper 1 in/on toiletpaperhanger 1",
      "thought": "I am now in/on: toiletpaperhanger 1\nCritical objects I have found:\ntoiletpaper 1 (shelf 1)\nObjects I have taken:\ntoiletpaper 1\nNow I am at the toiletpaperhanger 1. Next, I need to put the toiletpaper 1 in/on it."
    },
    {
      "obs": "You put the toiletpaper 1 in/on the toiletpaperhanger 1.",
      "act": "go to cabinet 3"
    }
  ]
}