{
  "task": "put some spraybottle on garbagecan.",
  "traj": [
    {
      "obs": "You are in the middle of a room. Looking quickly around you, you see a countertop 1, a drawer 1, a drawer 2, a drawer 3, a drawer 4, a drawer 5, a drawer 6, a drawer 7, a drawer 8, a garbagecan 1, a handtowelholder 1, a sinkbasin 1, a sinkbasin 2, a toilet 1, a toiletpaperhanger 1, and a towelholder 1.",
      "act": "go to toilet 1",
      "thought": "I am now in/on: the middle of a room\nCritical objects I have found:\nNone\nObjects I have taken:\nNone\nTo solve the task, I need to find and take a spraybottle, then put it on the garbagecan. First, I need to find a spraybottle. A spraybottle is more likely to appear in drawers (1-8), countertop (1), sinkbasins (1-2), or possibly near the toilet (1). I can check one by one, starting with the toilet 1 since it's mentioned in the task and could be a hint."
    },
    {
      "obs": "You arrive at loc 17. On the toilet 1, you see a candle 1, a soapbar 2, a soapbottle 1, and a spraybottle 3.",
      "act": "take spraybottle 3 from toilet 1",
      "thought": "I am now in/on: toilet 1\nCritical objects I have found:\nspraybottle 3 (toilet 1)\nObjects I have taken:\nNone\nI have found a spraybottle (3) on the toilet 1. Next, I need to take it."
    },
    {
      "obs": "You pick up the spraybottle 3 from the toilet 1.",
      "act": "go to garbagecan 1",
      "thought": "I am now in/on: toilet 1\nCritical objects I have found:\nspraybottle 3 (toilet 1)\nObjects I have taken:\nspraybottle 3\nNow I have taken the spraybottle (3). Next, I need to go to and put it on the garbagecan 1."
    },
    {
      "obs": "You arrive at loc 2. On the garbagecan 1, you see nothing.",
      "act": "put spraybottle 3 in/on garbagecan 1",
      "thought": "I am now in/on: garbagecan 1\nCritical objects I have found:\nspraybottle 3 (toilet 1)\nObjects I have taken:\nspraybottle 3\nNow I am at the garbagecan 1. Next, I need to put the spraybottle 3 on it."
    },
    {
      "obs": "You put the spraybottle 3 in/on the garbagecan 1.",
      "act": "go to toilet 1"
    }
  ]
}