{
  "task": "put a soapbottle in countertop.",
  "traj": [
    {
      "obs": "You are in the middle of a room. Looking quickly around you, you see a cabinet 1, a cabinet 2, a cabinet 3, a cabinet 4, a countertop 1, a garbagecan 1, a handtowelholder 1, a sinkbasin 1, a sinkbasin 2, a toilet 1, a toiletpaperhanger 1, and a towelholder 1.",
      "act": "go to garbagecan 1",
      "thought": "I am now in/on: the middle of a room\nCritical objects I have found:\nNone\nObjects I have taken:\nNone\nTo solve the task, I need to find and take a soapbottle, then put it on the countertop. First, I need to find a soapbottle. A soapbottle is more likely to appear in cabinets (1-4), countertop (1), or sinkbasins (1-2). I will start by checking the garbagecan 1, although it's less likely to find a soapbottle there, it's still possible."
    },
    {
      "obs": "You arrive at loc 8. On the garbagecan 1, you see nothing.",
      "act": "go to countertop 1",
      "thought": "I am now in/on: garbagecan 1\nCritical objects I have found:\nNone\nObjects I have taken:\nNone\nThere is nothing in the garbagecan 1. Next, I will check the countertop 1, as it is one of the likely places to find a soapbottle."
    },
    {
      "obs": "You arrive at loc 7. On the countertop 1, you see a candle 1, and a handtowel 1.",
      "act": "go to cabinet 2",
      "thought": "I am now in/on: countertop 1\nCritical objects I have found:\nNone\nObjects I have taken:\nNone\nThere is no soapbottle on the countertop 1. Next, I will check cabinet 2, as cabinets are common storage places for such items."
    },
    {
      "obs": "You arrive at loc 14. The cabinet 2 is closed.",
      "act": "open cabinet 2",
      "thought": "I am now in/on: cabinet 2\nCritical objects I have found:\nNone\nObjects I have taken:\nNone\nTo see objects in cabinet 2, I have to open it first."
    },
    {
      "obs": "You open the cabinet 2. The cabinet 2 is open. In it, you see a spraybottle 3, and a toiletpaper 1.",
      "act": "go to cabinet 3",
      "thought": "I am now in/on: cabinet 2\nCritical objects I have found:\nNone\nObjects I have taken:\nNone\nIn cabinet 2, there is no soapbottle. Next, I will check cabinet 3, continuing the search for a soapbottle."
    },
    {
      "obs": "You arrive at loc 16. The cabinet 3 is closed.",
      "act": "open cabinet 3",
      "thought": "I am now in/on: cabinet 2\nCritical objects I have found:\nNone\nObjects I have taken:\nNone\nCabinet 2 did not contain a soapbottle. I will now attempt to open cabinet 3 to continue my search for a soapbottle."
    },
    {
      "obs": "You open the cabinet 3. The cabinet 3 is open. In it, you see a cloth 2, and a spraybottle 2.",
      "act": "go to cabinet 4",
      "thought": "I am now in/on: cabinet 3\nCritical objects I have found:\nNone\nObjects I have taken:\nNone\nIn cabinet 3, there is no soapbottle. Next, I will check cabinet 4, as I continue the search for a soapbottle."
    },
    {
      "obs": "You arrive at loc 12. The cabinet 4 is closed.",
      "act": "open cabinet 4",
      "thought": "I am now in/on: cabinet 3\nCritical objects I have found:\nNone\nObjects I have taken:\nNone\nCabinet 3 did not contain a soapbottle. I will now attempt to open cabinet 4 to continue my search for a soapbottle."
    },
    {
      "obs": "You open the cabinet 4. The cabinet 4 is open. In it, you see a soapbar 2.",
      "act": "go to toilet 1",
      "thought": "I am now in/on: cabinet 4\nCritical objects I have found:\nNone\nObjects I have taken:\nNone\nIn cabinet 4, there is no soapbottle, only a soapbar. Next, I will check the toilet 1 area, although it's not a common place for a soapbottle, it's still worth checking before moving on to the sinkbasins."
    },
    {
      "obs": "You arrive at loc 6. On the toilet 1, you see a soapbar 1, a soapbottle 1, and a spraybottle 1.",
      "act": "take soapbottle 1 from toilet 1",
      "thought": "I am now in/on: toilet 1\nCritical objects I have found:\nsoapbottle 1 (toilet 1)\nObjects I have taken:\nNone\nI have found a soapbottle (1) on the toilet 1. Next, I need to take it."
    },
    {
      "obs": "You pick up the soapbottle 1 from the toilet 1.",
      "act": "go to countertop 1",
      "thought": "I am now in/on: toilet 1\nCritical objects I have found:\nsoapbottle 1 (toilet 1)\nObjects I have taken:\nsoapbottle 1\nNow that I have the soapbottle (1), I need to go to the countertop 1 to put it there."
    },
    {
      "obs": "You arrive at loc 7. On the countertop 1, you see a candle 1, and a handtowel 1.",
      "act": "put soapbottle 1 in/on countertop 1",
      "thought": "I am now in/on: countertop 1\nCritical objects I have found:\nsoapbottle 1 (toilet 1)\nObjects I have taken:\nsoapbottle 1\nNow I am at the countertop 1. Next, I need to put the soapbottle 1 in/on it."
    },
    {
      "obs": "You put the soapbottle 1 in/on the countertop 1.",
      "act": "go to garbagecan 1"
    }
  ]
}