{
  "task": "put a book in coffeetable.",
  "traj": [
    {
      "obs": "You are in the middle of a room. Looking quickly around you, you see a armchair 1, a coffeetable 1, a drawer 1, a drawer 2, a drawer 3, a drawer 4, a dresser 1, a garbagecan 1, a sidetable 1, a sidetable 2, a sidetable 3, and a sofa 1.",
      "act": "go to drawer 4",
      "thought": "I am now in/on: the middle of a room\nCritical objects I have found:\nNone\nObjects I have taken:\nNone\nTo solve the task, I need to find and take a book, then put it in the coffeetable. First, I need to find a book. A book is more likely to appear in drawers (1-4), dresser (1), sidetables (1-3), or maybe even the garbagecan (1). I will check one by one, starting with drawer 4."
    },
    {
      "obs": "You arrive at loc 16. The drawer 4 is closed.",
      "act": "open drawer 4",
      "thought": "I am now in/on: drawer 4\nCritical objects I have found:\nNone\nObjects I have taken:\nNone\nTo see objects in drawer 4, I have to open it first."
    },
    {
      "obs": "You open the drawer 4. The drawer 4 is open. In it, you see nothing.",
      "act": "go to dresser 1",
      "thought": "I am now in/on: drawer 4\nCritical objects I have found:\nNone\nObjects I have taken:\nNone\nDrawer 4 is empty, so there is no book here. Next, I need to check dresser 1 for a book."
    },
    {
      "obs": "You arrive at loc 17. On the dresser 1, you see a book 1, a cellphone 1, a remotecontrol 1, and a television 1.",
      "act": "take book 1 from dresser 1",
      "thought": "I am now in/on: dresser 1\nCritical objects I have found:\nbook 1 (dresser 1)\nObjects I have taken:\nNone\nNow I find a book (1). Next, I need to take it."
    },
    {
      "obs": "You pick up the book 1 from the dresser 1.",
      "act": "go to coffeetable 1",
      "thought": "I am now in/on: dresser 1\nCritical objects I have found:\nbook 1 (dresser 1)\nObjects I have taken:\nbook 1\nNow I have taken the book (1). Next, I need to go to the coffeetable to put the book in it."
    },
    {
      "obs": "You arrive at loc 26. On the coffeetable 1, you see a box 1, a creditcard 1, a pen 1, a pencil 1, a tissuebox 1, a tissuebox 2, and a tissuebox 3.",
      "act": "put book 1 in/on coffeetable 1",
      "thought": "I am now in/on: coffeetable 1\nCritical objects I have found:\nbook 1 (dresser 1)\nObjects I have taken:\nbook 1\nNow I am at the coffeetable 1. Next, I need to put the book 1 in/on it."
    },
    {
      "obs": "You put the book 1 in/on the coffeetable 1.",
      "act": "go to drawer 4"
    }
  ]
}