{
  "task": "put some toiletpaper on drawer.",
  "traj": [
    {
      "obs": "You are in the middle of a room. Looking quickly around you, you see a bathtubbasin 1, a countertop 1, a drawer 1, a drawer 2, a drawer 3, a drawer 4, a drawer 5, a drawer 6, a garbagecan 1, a handtowelholder 1, a handtowelholder 2, a sinkbasin 1, a sinkbasin 2, a toilet 1, a toiletpaperhanger 1, a towelholder 1, and a towelholder 2.",
      "act": "go to drawer 1",
      "thought": "I am now in/on: the middle of a room\nCritical objects I have found:\nNone\nObjects I have taken:\nNone\nTo solve the task, I need to find and take some toiletpaper, then put it on a drawer. First, I need to find toiletpaper. Toiletpaper is more likely to appear in drawers (1-6), on the toiletpaperhanger (1), or in the garbagecan (1). I can check one by one, starting with drawer 1."
    },
    {
      "obs": "You arrive at loc 20. The drawer 1 is closed.",
      "act": "open drawer 1",
      "thought": "I am now in/on: drawer 1\nCritical objects I have found:\nNone\nObjects I have taken:\nNone\nTo see objects in drawer 1, I have to open it first."
    },
    {
      "obs": "You open the drawer 1. The drawer 1 is open. In it, you see a candle 2, and a cloth 2.",
      "act": "go to drawer 6",
      "thought": "I am now in/on: drawer 1\nCritical objects I have found:\nNone\nObjects I have taken:\nNone\nIn drawer 1, there is no toiletpaper. Next, I need to check drawer 6."
    },
    {
      "obs": "You arrive at loc 3. The drawer 6 is closed.",
      "act": "open drawer 6",
      "thought": "I am now in/on: drawer 1\nCritical objects I have found:\nNone\nObjects I have taken:\nNone\nIn drawer 1, there is no toiletpaper. Next, I need to check drawer 6 by opening it."
    },
    {
      "obs": "You open the drawer 6. The drawer 6 is open. In it, you see nothing.",
      "act": "go to drawer 2",
      "thought": "I am now in/on: drawer 6\nCritical objects I have found:\nNone\nObjects I have taken:\nNone\nIn drawer 6, there is no toiletpaper. Next, I need to check drawer 2."
    },
    {
      "obs": "You arrive at loc 16. The drawer 2 is closed.",
      "act": "open drawer 2",
      "thought": "I am now in/on: drawer 6\nCritical objects I have found:\nNone\nObjects I have taken:\nNone\nIn drawer 6, there is no toiletpaper. Next, I need to check drawer 2 by opening it."
    },
    {
      "obs": "You open the drawer 2. The drawer 2 is open. In it, you see nothing.",
      "act": "go to toilet 1",
      "thought": "I am now in/on: drawer 2\nCritical objects I have found:\nNone\nObjects I have taken:\nNone\nIn drawer 2, there is no toiletpaper. Next, I need to check the toilet 1 area, as toiletpaper is often found near toilets."
    },
    {
      "obs": "You arrive at loc 7. On the toilet 1, you see a soapbottle 3.",
      "act": "go to drawer 3",
      "thought": "I am now in/on: toilet 1\nCritical objects I have found:\nNone\nObjects I have taken:\nNone\nOn toilet 1, there is no toiletpaper. Next, I need to check drawer 3."
    },
    {
      "obs": "You arrive at loc 24. The drawer 3 is closed.",
      "act": "open drawer 3",
      "thought": "I am now in/on: toilet 1\nCritical objects I have found:\nNone\nObjects I have taken:\nNone\nOn toilet 1, there is no toiletpaper. Next, I need to check drawer 3 by opening it."
    },
    {
      "obs": "You open the drawer 3. The drawer 3 is open. In it, you see nothing.",
      "act": "go to countertop 1",
      "thought": "I am now in/on: drawer 3\nCritical objects I have found:\nNone\nObjects I have taken:\nNone\nIn drawer 3, there is no toiletpaper. Next, I need to check countertop 1."
    },
    {
      "obs": "You arrive at loc 25. On the countertop 1, you see a candle 1, a soapbottle 1, a soapbottle 2, a spraybottle 1, a spraybottle 2, and a toiletpaper 1.",
      "act": "take toiletpaper 1 from countertop 1",
      "thought": "I am now in/on: countertop 1\nCritical objects I have found:\ntoiletpaper 1 (countertop 1)\nObjects I have taken:\nNone\nNow I find some toiletpaper (1). Next, I need to take it."
    },
    {
      "obs": "You pick up the toiletpaper 1 from the countertop 1.",
      "act": "go to drawer 1",
      "thought": "I am now in/on: countertop 1\nCritical objects I have found:\ntoiletpaper 1 (countertop 1)\nObjects I have taken:\ntoiletpaper 1\nNow I have taken the toiletpaper (1). Next, I need to go to and put it on drawer 1."
    },
    {
      "obs": "You arrive at loc 20. The drawer 1 is closed.",
      "act": "open drawer 1",
      "thought": "I am now in/on: countertop 1\nCritical objects I have found:\ntoiletpaper 1 (countertop 1)\nObjects I have taken:\ntoiletpaper 1\nI have the toiletpaper and I am heading to drawer 1 to put it there. However, the drawer is closed, so I need to open it first before I can put the toiletpaper on it."
    },
    {
      "obs": "You open the drawer 1. The drawer 1 is open. In it, you see a candle 2, and a cloth 2.",
      "act": "put toiletpaper 1 in/on drawer 1",
      "thought": "I am now in/on: drawer 1\nCritical objects I have found:\ntoiletpaper 1 (countertop 1)\nObjects I have taken:\ntoiletpaper 1\nNow that drawer 1 is open and I have the toiletpaper (1), I can put it in/on drawer 1."
    },
    {
      "obs": "You put the toiletpaper 1 in/on the drawer 1.",
      "act": "close drawer 1"
    }
  ]
}