{
  "task": "put some statue on coffeetable.",
  "traj": [
    {
      "obs": "You are in the middle of a room. Looking quickly around you, you see a armchair 1, a armchair 2, a coffeetable 1, a coffeetable 2, a diningtable 1, a garbagecan 1, a sidetable 1, a sidetable 2, and a sofa 1.",
      "act": "go to diningtable 1",
      "thought": "I am now in/on: the middle of a room\nCritical objects I have found:\nNone\nObjects I have taken:\nNone\nTo solve the task, I need to find and take a statue, then put it on a coffeetable. First, I need to find a statue. A statue is more likely to appear on surfaces like diningtables, sidetables, or coffeetables. I will check the diningtable 1 first."
    },
    {
      "obs": "You arrive at loc 1. On the diningtable 1, you see a box 1, a candle 2, a newspaper 1, a plate 1, a statue 1, a statue 2, and a watch 1.",
      "act": "take statue 2 from diningtable 1",
      "thought": "I am now in/on: diningtable 1\nCritical objects I have found:\nstatue 2 (diningtable 1)\nObjects I have taken:\nNone\nI have found a statue (2) on the diningtable 1. Next, I need to take it."
    },
    {
      "obs": "You pick up the statue 2 from the diningtable 1.",
      "act": "go to coffeetable 2",
      "thought": "I am now in/on: diningtable 1\nCritical objects I have found:\nstatue 2 (diningtable 1)\nObjects I have taken:\nstatue 2\nNow I have taken the statue (2). Next, I need to go to and put it on coffeetable 2."
    },
    {
      "obs": "You arrive at loc 19. On the coffeetable 2, you see a candle 1, a television 1, and a tissuebox 1.",
      "act": "put statue 2 in/on coffeetable 2",
      "thought": "I am now in/on: coffeetable 2\nCritical objects I have found:\nstatue 2 (diningtable 1)\nObjects I have taken:\nstatue 2\nNow I am at coffeetable 2. Next, I need to put the statue 2 in/on it."
    },
    {
      "obs": "You put the statue 2 in/on the coffeetable 2.",
      "act": "go to diningtable 1"
    }
  ]
}