{
  "task": "put some pen on shelf.",
  "traj": [
    {
      "obs": "You are in the middle of a room. Looking quickly around you, you see a armchair 1, a bed 1, a drawer 1, a drawer 10, a drawer 11, a drawer 12, a drawer 13, a drawer 14, a drawer 15, a drawer 16, a drawer 2, a drawer 3, a drawer 4, a drawer 5, a drawer 6, a drawer 7, a drawer 8, a drawer 9, a dresser 1, a dresser 2, a garbagecan 1, a shelf 1, a shelf 2, a sidetable 1, and a sidetable 2.",
      "act": "go to drawer 15",
      "thought": "I am now in/on: the middle of a room\nCritical objects I have found:\nNone\nObjects I have taken:\nNone\nTo solve the task, I need to find and take a pen, then put it on a shelf. First, I need to find a pen. A pen is more likely to appear in drawers (1-16), dressers (1-2), sidetables (1-2), or maybe even on a shelf (1-2). I can check one by one, starting with drawer 15 as it's one of the closest targets from the middle of the room."
    },
    {
      "obs": "You arrive at loc 30. The drawer 15 is closed.",
      "act": "open drawer 15",
      "thought": "I am now in/on: drawer 15\nCritical objects I have found:\nNone\nObjects I have taken:\nNone\nTo see objects in drawer 15, I have to open it first."
    },
    {
      "obs": "You open the drawer 15. The drawer 15 is open. In it, you see nothing.",
      "act": "go to garbagecan 1",
      "thought": "I am now in/on: drawer 15\nCritical objects I have found:\nNone\nObjects I have taken:\nNone\nDrawer 15 is empty, so there is no pen here. Next, I will check the garbagecan 1, as sometimes pens can be mistakenly thrown away."
    },
    {
      "obs": "You arrive at loc 1. On the garbagecan 1, you see a pen 2.",
      "act": "take pen 2 from garbagecan 1",
      "thought": "I am now in/on: garbagecan 1\nCritical objects I have found:\npen 2 (garbagecan 1)\nObjects I have taken:\nNone\nNow I find a pen (2) in the garbagecan 1. Next, I need to take it."
    },
    {
      "obs": "You pick up the pen 2 from the garbagecan 1.",
      "act": "go to shelf 2",
      "thought": "I am now in/on: garbagecan 1\nCritical objects I have found:\npen 2 (garbagecan 1)\nObjects I have taken:\npen 2\nNow I have taken the pen (2). Next, I need to go to and put it on shelf 2."
    },
    {
      "obs": "You arrive at loc 4. On the shelf 2, you see a creditcard 3.",
      "act": "put pen 2 in/on shelf 2",
      "thought": "I am now in/on: shelf 2\nCritical objects I have found:\npen 2 (garbagecan 1)\nObjects I have taken:\npen 2\nNow I am at shelf 2. Next, I need to put the pen 2 in/on it."
    },
    {
      "obs": "You put the pen 2 in/on the shelf 2.",
      "act": "go to drawer 15"
    }
  ]
}