{
  "task": "put a pillow in armchair.",
  "traj": [
    {
      "obs": "You are in the middle of a room. Looking quickly around you, you see a armchair 1, a coffeetable 1, a garbagecan 1, a shelf 1, a shelf 2, a sidetable 1, a sofa 1, and a sofa 2.",
      "act": "go to armchair 1",
      "thought": "I am now in/on: the middle of a room\nCritical objects I have found:\nNone\nObjects I have taken:\nNone\nTo solve the task, I need to find and take a pillow, then put it in the armchair. First, I need to find a pillow. A pillow is more likely to appear on sofas (1-2), armchairs (1), or shelves (1-2). I can check one by one, starting with armchair 1 since I am already planning to go there."
    },
    {
      "obs": "You arrive at loc 15. On the armchair 1, you see a creditcard 1.",
      "act": "go to sofa 2",
      "thought": "I am now in/on: armchair 1\nCritical objects I have found:\nNone\nObjects I have taken:\nNone\nOn armchair 1, there is no pillow. Next, I need to check sofa 2."
    },
    {
      "obs": "You arrive at loc 17. On the sofa 2, you see a newspaper 1, and a pillow 1.",
      "act": "take pillow 1 from sofa 2",
      "thought": "I am now in/on: sofa 2\nCritical objects I have found:\npillow 1 (sofa 2)\nObjects I have taken:\nNone\nNow I have found a pillow (1) on sofa 2. Next, I need to take it."
    },
    {
      "obs": "You pick up the pillow 1 from the sofa 2.",
      "act": "go to armchair 1",
      "thought": "I am now in/on: sofa 2\nCritical objects I have found:\npillow 1 (sofa 2)\nObjects I have taken:\npillow 1\nNow I have taken the pillow (1). Next, I need to go to and put it in the armchair 1."
    },
    {
      "obs": "You pick up the pillow 1 from the sofa 2.",
      "act": "put pillow 1 in/on armchair 1",
      "thought": "I am now in/on: sofa 2\nCritical objects I have found:\npillow 1 (sofa 2)\nObjects I have taken:\npillow 1\nNow I have taken the pillow (1). Next, I need to put it in the armchair 1. However, it seems there was an error in the observation as it repeated the action of picking up the pillow from sofa 2. I will assume I am currently holding the pillow and standing next to the armchair 1."
    },
    {
      "obs": "You put the pillow 1 in/on the armchair 1.",
      "act": "go to sofa 2"
    }
  ]
}