{
  "task": "put a pillow in armchair.",
  "traj": [
    {
      "obs": "You are in the middle of a room. Looking quickly around you, you see a armchair 1, a coffeetable 1, a garbagecan 1, a shelf 1, a shelf 10, a shelf 11, a shelf 12, a shelf 13, a shelf 14, a shelf 2, a shelf 3, a shelf 4, a shelf 5, a shelf 6, a shelf 7, a shelf 8, a shelf 9, a sofa 1, a tvstand 1, and a tvstand 2.",
      "act": "go to armchair 1",
      "thought": "I am now in/on: the middle of a room\nCritical objects I have found:\nNone\nObjects I have taken:\nNone\nTo solve the task, I need to find and take a pillow, then put it in the armchair. First, I need to find a pillow. A pillow is more likely to appear on furniture such as a sofa, armchair, or shelves. I can check these locations, starting with the armchair since I am already heading there."
    },
    {
      "obs": "You arrive at loc 19. On the armchair 1, you see a keychain 1.",
      "act": "go to sofa 1",
      "thought": "I am now in/on: armchair 1\nCritical objects I have found:\nNone\nObjects I have taken:\nNone\nOn armchair 1, there is no pillow. Next, I need to check sofa 1, as pillows are commonly found on sofas."
    },
    {
      "obs": "You arrive at loc 25. On the sofa 1, you see a box 1, a creditcard 3, a laptop 1, and a pillow 1.",
      "act": "take pillow 1 from sofa 1",
      "thought": "I am now in/on: sofa 1\nCritical objects I have found:\npillow 1 (sofa 1)\nObjects I have taken:\nNone\nNow I have found a pillow (1) on the sofa 1. Next, I need to take it."
    },
    {
      "obs": "You pick up the pillow 1 from the sofa 1.",
      "act": "go to armchair 1",
      "thought": "I am now in/on: sofa 1\nCritical objects I have found:\npillow 1 (sofa 1)\nObjects I have taken:\npillow 1\nNow I have taken the pillow (1). Next, I need to go to the armchair 1 to put the pillow in it."
    },
    {
      "obs": "You pick up the pillow 1 from the sofa 1.",
      "act": "put pillow 1 in/on armchair 1",
      "thought": "I am now in/on: sofa 1\nCritical objects I have found:\npillow 1 (sofa 1)\nObjects I have taken:\npillow 1\nNow I have taken the pillow (1). Next, I need to put the pillow in the armchair 1."
    },
    {
      "obs": "You put the pillow 1 in/on the armchair 1.",
      "act": "go to sofa 1"
    }
  ]
}