{
  "task": "put a tissuebox in dresser.",
  "traj": [
    {
      "obs": "You are in the middle of a room. Looking quickly around you, you see a bed 1, a desk 1, a drawer 1, a drawer 10, a drawer 11, a drawer 12, a drawer 13, a drawer 14, a drawer 15, a drawer 16, a drawer 17, a drawer 2, a drawer 3, a drawer 4, a drawer 5, a drawer 6, a drawer 7, a drawer 8, a drawer 9, a dresser 1, a garbagecan 1, a shelf 1, a shelf 2, a shelf 3, a shelf 4, a shelf 5, and a shelf 6.",
      "act": "go to drawer 17",
      "thought": "I am now in/on: the middle of a room\nCritical objects I have found:\nNone\nObjects I have taken:\nNone\nTo solve the task, I need to find and take a tissuebox, then put it in the dresser. First, I need to find a tissuebox. A tissuebox is more likely to appear in drawers (1-17), dresser (1), or on shelves (1-6). I can check one by one, starting with drawer 17 since it's the last in the sequence and might be less checked."
    },
    {
      "obs": "You arrive at loc 4. On the drawer 17, you see a tissuebox 1.",
      "act": "take tissuebox 1 from drawer 17",
      "thought": "I am now in/on: drawer 17\nCritical objects I have found:\ntissuebox 1 (drawer 17)\nObjects I have taken:\nNone\nI have found a tissuebox (1) in drawer 17. Next, I need to take it."
    },
    {
      "obs": "You pick up the tissuebox 1 from the drawer 17.",
      "act": "go to dresser 1",
      "thought": "I am now in/on: drawer 17\nCritical objects I have found:\ntissuebox 1 (drawer 17)\nObjects I have taken:\ntissuebox 1\nNow I have taken the tissuebox (1). Next, I need to go to the dresser and put it in there."
    },
    {
      "obs": "You arrive at loc 3. On the dresser 1, you see a alarmclock 1, a cd 1, a desklamp 1, a keychain 2, and a pencil 3.",
      "act": "put tissuebox 1 in/on dresser 1",
      "thought": "I am now in/on: dresser 1\nCritical objects I have found:\ntissuebox 1 (drawer 17)\nObjects I have taken:\ntissuebox 1\nNow I am at the dresser 1. Next, I need to put the tissuebox 1 in/on it."
    },
    {
      "obs": "You put the tissuebox 1 in/on the dresser 1.",
      "act": "go to drawer 17"
    }
  ]
}