{
  "task": "put some cellphone on armchair.",
  "traj": [
    {
      "obs": "You are in the middle of a room. Looking quickly around you, you see a armchair 1, a bed 1, a diningtable 1, a drawer 1, a drawer 2, a garbagecan 1, a sidetable 1, and a sidetable 2.",
      "act": "go to sidetable 1",
      "thought": "I am now in/on: the middle of a room\nCritical objects I have found:\nNone\nObjects I have taken:\nNone\nTo solve the task, I need to find and take a cellphone, then put it on the armchair. First, I need to find a cellphone. A cellphone is more likely to appear on sidetables (1-2), diningtable (1), or in drawers (1-2). I will check one by one, starting with sidetable 1."
    },
    {
      "obs": "You arrive at loc 8. On the sidetable 1, you see a creditcard 2, a pen 3, and a pencil 1.",
      "act": "go to sidetable 2",
      "thought": "I am now in/on: sidetable 1\nCritical objects I have found:\nNone\nObjects I have taken:\nNone\nOn sidetable 1, there is no cellphone. Next, I need to check sidetable 2."
    },
    {
      "obs": "You arrive at loc 7. On the sidetable 2, you see a cd 2.",
      "act": "go to drawer 1",
      "thought": "I am now in/on: sidetable 2\nCritical objects I have found:\nNone\nObjects I have taken:\nNone\nOn sidetable 2, there is no cellphone. Next, I need to check drawer 1."
    },
    {
      "obs": "You arrive at loc 4. The drawer 1 is closed.",
      "act": "open drawer 1",
      "thought": "I am now in/on: sidetable 2\nCritical objects I have found:\nNone\nObjects I have taken:\nNone\nTo see objects in drawer 1, I have to open it first."
    },
    {
      "obs": "You open the drawer 1. The drawer 1 is open. In it, you see a cellphone 2.",
      "act": "take cellphone 2 from drawer 1",
      "thought": "I am now in/on: drawer 1\nCritical objects I have found:\ncellphone 2 (drawer 1)\nObjects I have taken:\nNone\nNow I find a cellphone (2) in drawer 1. Next, I need to take it."
    },
    {
      "obs": "You pick up the cellphone 2 from the drawer 1.",
      "act": "go to armchair 1",
      "thought": "I am now in/on: drawer 1\nCritical objects I have found:\ncellphone 2 (drawer 1)\nObjects I have taken:\ncellphone 2\nNow I have taken the cellphone (2). Next, I need to go to the armchair and put the cellphone on it."
    },
    {
      "obs": "You arrive at loc 3. On the armchair 1, you see a keychain 1, and a keychain 2.",
      "act": "put cellphone 2 in/on armchair 1",
      "thought": "I am now in/on: armchair 1\nCritical objects I have found:\ncellphone 2 (drawer 1)\nObjects I have taken:\ncellphone 2\nNow I am at the armchair 1. Next, I need to put the cellphone 2 on it."
    },
    {
      "obs": "You put the cellphone 2 in/on the armchair 1.",
      "act": "go to sidetable 1"
    }
  ]
}