{
  "task": "put a soapbottle in garbagecan.",
  "traj": [
    {
      "obs": "You are in the middle of a room. Looking quickly around you, you see a cabinet 1, a cabinet 2, a cabinet 3, a cabinet 4, a countertop 1, a garbagecan 1, a handtowelholder 1, a sinkbasin 1, a sinkbasin 2, a toilet 1, a toiletpaperhanger 1, and a towelholder 1.",
      "act": "go to cabinet 1",
      "thought": "I am now in/on: the middle of a room\nCritical objects I have found:\nNone\nObjects I have taken:\nNone\nTo solve the task, I need to find and take a soapbottle, then put it in the garbagecan. First, I need to find a soapbottle. A soapbottle is more likely to appear in cabinets (1-4) or on the countertop (1). I will check one by one, starting with cabinet 1."
    },
    {
      "obs": "You arrive at loc 10. The cabinet 1 is closed.",
      "act": "open cabinet 1",
      "thought": "I am now in/on: cabinet 1\nCritical objects I have found:\nNone\nObjects I have taken:\nNone\nTo see objects in cabinet 1, I have to open it first."
    },
    {
      "obs": "You open the cabinet 1. The cabinet 1 is open. In it, you see a toiletpaper 1.",
      "act": "go to countertop 1",
      "thought": "I am now in/on: cabinet 1\nCritical objects I have found:\nNone\nObjects I have taken:\nNone\nIn cabinet 1, there is no soapbottle. Next, I need to check the countertop 1."
    },
    {
      "obs": "You arrive at loc 5. On the countertop 1, you see a toiletpaper 2.",
      "act": "go to cabinet 2",
      "thought": "I am now in/on: countertop 1\nCritical objects I have found:\nNone\nObjects I have taken:\nNone\nOn countertop 1, there is no soapbottle. Next, I need to check cabinet 2."
    },
    {
      "obs": "You arrive at loc 12. The cabinet 2 is closed.",
      "act": "open cabinet 2",
      "thought": "I am now in/on: countertop 1\nCritical objects I have found:\nNone\nObjects I have taken:\nNone\nTo see objects in cabinet 2, I have to open it next."
    },
    {
      "obs": "You open the cabinet 2. The cabinet 2 is open. In it, you see a cloth 2.",
      "act": "go to cabinet 3",
      "thought": "I am now in/on: cabinet 2\nCritical objects I have found:\nNone\nObjects I have taken:\nNone\nIn cabinet 2, there is no soapbottle. Next, I need to check cabinet 3."
    },
    {
      "obs": "You arrive at loc 11. The cabinet 3 is closed.",
      "act": "open cabinet 3",
      "thought": "I am now in/on: cabinet 2\nCritical objects I have found:\nNone\nObjects I have taken:\nNone\nTo see objects in cabinet 3, I have to open it next."
    },
    {
      "obs": "You open the cabinet 3. The cabinet 3 is open. In it, you see a spraybottle 1.",
      "act": "go to garbagecan 1",
      "thought": "I am now in/on: cabinet 3\nCritical objects I have found:\nNone\nObjects I have taken:\nNone\nIn cabinet 3, there is no soapbottle. I have not yet checked cabinet 4, but I mistakenly directed to go to the garbagecan. I need to correct this and check cabinet 4 for the soapbottle."
    },
    {
      "obs": "You arrive at loc 14. On the garbagecan 1, you see nothing.",
      "act": "go to cabinet 4",
      "thought": "I am now in/on: garbagecan 1\nCritical objects I have found:\nNone\nObjects I have taken:\nNone\nIn the garbagecan 1, there is nothing. I need to check cabinet 4 for the soapbottle, as it is the last cabinet I haven't checked yet."
    },
    {
      "obs": "You arrive at loc 11. The cabinet 4 is closed.",
      "act": "open cabinet 4",
      "thought": "I am now in/on: garbagecan 1\nCritical objects I have found:\nNone\nObjects I have taken:\nNone\nTo see objects in cabinet 4, I have to open it next. This is the last cabinet to check for a soapbottle."
    },
    {
      "obs": "You open the cabinet 4. The cabinet 4 is open. In it, you see a cloth 1, and a soapbottle 1.",
      "act": "take soapbottle 1 from cabinet 4",
      "thought": "I am now in/on: cabinet 4\nCritical objects I have found:\nsoapbottle 1 (cabinet 4)\nObjects I have taken:\nNone\nNow I find a soapbottle (1). Next, I need to take it."
    },
    {
      "obs": "You pick up the soapbottle 1 from the cabinet 4.",
      "act": "go to garbagecan 1",
      "thought": "I am now in/on: cabinet 4\nCritical objects I have found:\nsoapbottle 1 (cabinet 4)\nObjects I have taken:\nsoapbottle 1\nNow I have taken the soapbottle (1). Next, I need to go to the garbagecan to put it in."
    },
    {
      "obs": "You close the cabinet 4.",
      "act": "put soapbottle 1 in/on garbagecan 1",
      "thought": "I am now in/on: garbagecan 1\nCritical objects I have found:\nsoapbottle 1 (cabinet 4)\nObjects I have taken:\nsoapbottle 1\nNow I am at the garbagecan 1. Next, I need to put the soapbottle 1 in the garbagecan."
    },
    {
      "obs": "You put the soapbottle 1 in/on the garbagecan 1.",
      "act": "go to cabinet 1"
    }
  ]
}