{
  "task": "put some handtowel on cabinet.",
  "traj": [
    {
      "obs": "You are in the middle of a room. Looking quickly around you, you see a bathtubbasin 1, a cabinet 1, a cabinet 2, a cabinet 3, a cabinet 4, a cabinet 5, a cabinet 6, a cabinet 7, a cabinet 8, a cabinet 9, a countertop 1, a countertop 2, a drawer 1, a garbagecan 1, a handtowelholder 1, a sinkbasin 1, a toilet 1, a toiletpaperhanger 1, and a towelholder 1.",
      "act": "go to cabinet 1",
      "thought": "I am now in/on: the middle of a room\nCritical objects I have found:\nNone\nObjects I have taken:\nNone\nTo solve the task, I need to find and take a handtowel, then put it on a cabinet. First, I need to find a handtowel. A handtowel is more likely to appear on a handtowelholder, in a cabinet, or on a countertop. I can check one by one, starting with cabinet 1."
    },
    {
      "obs": "You arrive at loc 8. The cabinet 1 is closed.",
      "act": "open cabinet 1",
      "thought": "I am now in/on: cabinet 1\nCritical objects I have found:\nNone\nObjects I have taken:\nNone\nTo see objects in cabinet 1, I have to open it first."
    },
    {
      "obs": "You open the cabinet 1. The cabinet 1 is open. In it, you see a soapbottle 3, and a toiletpaper 2.",
      "act": "go to cabinet 9",
      "thought": "I am now in/on: cabinet 1\nCritical objects I have found:\nNone\nObjects I have taken:\nNone\nIn cabinet 1, there is no handtowel. Next, I need to check cabinet 9, as it is the last in the sequence and might contain items not used frequently."
    },
    {
      "obs": "You arrive at loc 13. The cabinet 9 is closed.",
      "act": "open cabinet 9",
      "thought": "I am now in/on: cabinet 1\nCritical objects I have found:\nNone\nObjects I have taken:\nNone\nIn cabinet 1, there is no handtowel. I am now going to check cabinet 9, as it might contain less frequently used items such as spare handtowels."
    },
    {
      "obs": "You open the cabinet 9. The cabinet 9 is open. In it, you see nothing.",
      "act": "go to bathtubbasin 1",
      "thought": "I am now in/on: cabinet 9\nCritical objects I have found:\nNone\nObjects I have taken:\nNone\nIn cabinet 9, there is no handtowel. Next, I need to check other likely places where a handtowel might be found. I will check the bathtubbasin 1, as towels are sometimes left there after use."
    },
    {
      "obs": "You arrive at loc 20. On the bathtubbasin 1, you see nothing.",
      "act": "go to handtowelholder 1",
      "thought": "I am now in/on: bathtubbasin 1\nCritical objects I have found:\nNone\nObjects I have taken:\nNone\nIn bathtubbasin 1, there is no handtowel. Next, I need to check handtowelholder 1, as this is a common place to find a handtowel."
    },
    {
      "obs": "You arrive at loc 11. On the handtowelholder 1, you see a handtowel 1.",
      "act": "take handtowel 1 from handtowelholder 1",
      "thought": "I am now in/on: handtowelholder 1\nCritical objects I have found:\nhandtowel 1 (handtowelholder 1)\nObjects I have taken:\nNone\nNow I find a handtowel (1). Next, I need to take it."
    },
    {
      "obs": "You pick up the handtowel 1 from the handtowelholder 1.",
      "act": "go to cabinet 1",
      "thought": "I am now in/on: handtowelholder 1\nCritical objects I have found:\nhandtowel 1 (handtowelholder 1)\nObjects I have taken:\nhandtowel 1\nNow I have taken the handtowel (1). Next, I need to go to a cabinet and put it on the cabinet. I will start with cabinet 1 since it is already open."
    },
    {
      "obs": "You arrive at loc 8. The cabinet 1 is closed.",
      "act": "open cabinet 1",
      "thought": "I am now in/on: handtowelholder 1\nCritical objects I have found:\nhandtowel 1 (handtowelholder 1)\nObjects I have taken:\nhandtowel 1\nI have the handtowel (1) and need to put it on a cabinet. I was heading to cabinet 1, but it seems to have closed again. I need to open it to put the handtowel on it."
    },
    {
      "obs": "You open the cabinet 1. The cabinet 1 is open. In it, you see a soapbottle 3, and a toiletpaper 2.",
      "act": "put handtowel 1 in/on cabinet 1",
      "thought": "I am now in/on: cabinet 1\nCritical objects I have found:\nhandtowel 1 (handtowelholder 1)\nObjects I have taken:\nhandtowel 1\nI have the handtowel (1) and cabinet 1 is open. Now I need to put the handtowel in/on cabinet 1."
    },
    {
      "obs": "You put the handtowel 1 in/on the cabinet 1.",
      "act": "close cabinet 1"
    }
  ]
}