{
  "task": "put some keychain on sidetable.",
  "traj": [
    {
      "obs": "You are in the middle of a room. Looking quickly around you, you see a armchair 1, a bed 1, a cabinet 1, a cabinet 2, a cabinet 3, a cabinet 4, a drawer 1, a drawer 2, a drawer 3, a drawer 4, a drawer 5, a drawer 6, a dresser 1, a garbagecan 1, a sidetable 1, and a sidetable 2.",
      "act": "go to armchair 1",
      "thought": "I am now in/on: the middle of a room\nCritical objects I have found:\nNone\nObjects I have taken:\nNone\nTo solve the task, I need to find and take a keychain, then put it on a sidetable. First, I need to find a keychain. A keychain is more likely to appear in drawers (1-6), dresser (1), or perhaps on sidetables (1-2). I can check one by one, starting with the closest likely location, which could be the drawers."
    },
    {
      "obs": "You arrive at loc 14. On the armchair 1, you see a laptop 1.",
      "act": "go to drawer 5",
      "thought": "I am now in/on: armchair 1\nCritical objects I have found:\nNone\nObjects I have taken:\nNone\nOn armchair 1, there is no keychain. Next, I need to check drawer 5, as it is one of the likely places to find a keychain."
    },
    {
      "obs": "You arrive at loc 3. On the drawer 5, you see nothing.",
      "act": "go to sidetable 1",
      "thought": "I am now in/on: drawer 5\nCritical objects I have found:\nNone\nObjects I have taken:\nNone\nIn drawer 5, there is no keychain. Next, I need to check sidetable 1, as it is another likely place to find a keychain."
    },
    {
      "obs": "You arrive at loc 5. On the sidetable 1, you see a alarmclock 3, and a creditcard 2.",
      "act": "go to drawer 2",
      "thought": "I am now in/on: sidetable 1\nCritical objects I have found:\nNone\nObjects I have taken:\nNone\nOn sidetable 1, there is no keychain. Next, I need to check drawer 2, as it is another likely place to find a keychain."
    },
    {
      "obs": "You arrive at loc 9. The drawer 2 is closed.",
      "act": "open drawer 2",
      "thought": "I am now in/on: sidetable 1\nCritical objects I have found:\nNone\nObjects I have taken:\nNone\nDrawer 2 is closed and could contain a keychain. I need to open it to check its contents."
    },
    {
      "obs": "You open the drawer 2. The drawer 2 is open. In it, you see nothing.",
      "act": "go to dresser 1",
      "thought": "I am now in/on: drawer 2\nCritical objects I have found:\nNone\nObjects I have taken:\nNone\nDrawer 2 is open, but there is no keychain inside. Next, I need to check dresser 1, as it is another likely place to find a keychain."
    },
    {
      "obs": "You arrive at loc 7. On the dresser 1, you see a alarmclock 1, a alarmclock 2, a book 1, a cd 1, a cellphone 1, a keychain 1, a keychain 2, a mug 1, a pen 1, a pen 2, and a pencil 1.",
      "act": "take keychain 2 from dresser 1",
      "thought": "I am now in/on: dresser 1\nCritical objects I have found:\nkeychain 2 (dresser 1)\nObjects I have taken:\nNone\nI have found keychains on dresser 1. Next, I need to take one of them."
    },
    {
      "obs": "You pick up the keychain 2 from the dresser 1.",
      "act": "go to sidetable 1",
      "thought": "I am now in/on: dresser 1\nCritical objects I have found:\nkeychain 2 (dresser 1)\nObjects I have taken:\nkeychain 2\nNow that I have taken keychain 2, I need to put it on sidetable 1 as per the task instructions."
    },
    {
      "obs": "You arrive at loc 5. On the sidetable 1, you see a alarmclock 3, and a creditcard 2.",
      "act": "put keychain 2 in/on sidetable 1",
      "thought": "I am now in/on: sidetable 1\nCritical objects I have found:\nkeychain 2 (dresser 1)\nObjects I have taken:\nkeychain 2\nI am at sidetable 1 with the keychain 2. Now I need to put the keychain 2 on sidetable 1 to complete the task."
    },
    {
      "obs": "You put the keychain 2 in/on the sidetable 1.",
      "act": "go to armchair 1"
    }
  ]
}