{
  "task": "put a soapbottle in countertop.",
  "traj": [
    {
      "obs": "You are in the middle of a room. Looking quickly around you, you see a cabinet 1, a cabinet 2, a cabinet 3, a cabinet 4, a countertop 1, a garbagecan 1, a handtowelholder 1, a sinkbasin 1, a sinkbasin 2, a toilet 1, a toiletpaperhanger 1, and a towelholder 1.",
      "act": "go to garbagecan 1",
      "thought": "I am now in/on: the middle of a room\nCritical objects I have found:\nNone\nObjects I have taken:\nNone\nTo solve the task, I need to find and take a soapbottle, then put it on the countertop. First, I need to find a soapbottle. A soapbottle is more likely to appear in cabinets (1-4), countertop (1), or sinkbasins (1-2). I will start by checking the garbagecan 1, as it is also a common place for various items to be found."
    },
    {
      "obs": "You arrive at loc 8. On the garbagecan 1, you see a soapbar 2, and a toiletpaper 1.",
      "act": "go to countertop 1",
      "thought": "I am now in/on: garbagecan 1\nCritical objects I have found:\nNone\nObjects I have taken:\nNone\nIn the garbagecan 1, there is no soapbottle. Next, I need to check the countertop 1."
    },
    {
      "obs": "You arrive at loc 7. On the countertop 1, you see a candle 2, a handtowel 1, and a soapbar 1.",
      "act": "go to cabinet 2",
      "thought": "I am now in/on: countertop 1\nCritical objects I have found:\nNone\nObjects I have taken:\nNone\nOn the countertop 1, there is no soapbottle. Next, I need to check cabinet 2."
    },
    {
      "obs": "You arrive at loc 12. The cabinet 2 is closed.",
      "act": "open cabinet 2",
      "thought": "I am now in/on: countertop 1\nCritical objects I have found:\nNone\nObjects I have taken:\nNone\nThe countertop 1 does not have a soapbottle. I will now attempt to open cabinet 2 to see if a soapbottle is inside."
    },
    {
      "obs": "You open the cabinet 2. The cabinet 2 is open. In it, you see a candle 3, and a soapbottle 4.",
      "act": "take soapbottle 4 from cabinet 2",
      "thought": "I am now in/on: cabinet 2\nCritical objects I have found:\nsoapbottle 4 (cabinet 2)\nObjects I have taken:\nNone\nNow I have found a soapbottle (4) in cabinet 2. Next, I need to take it."
    },
    {
      "obs": "You pick up the soapbottle 4 from the cabinet 2.",
      "act": "go to countertop 1",
      "thought": "I am now in/on: cabinet 2\nCritical objects I have found:\nsoapbottle 4 (cabinet 2)\nObjects I have taken:\nsoapbottle 4\nNow I have taken the soapbottle (4). Next, I need to go to the countertop 1 to put it there."
    },
    {
      "obs": "You close the cabinet 2.",
      "act": "put soapbottle 4 in/on countertop 1",
      "thought": "I am now in/on: countertop 1\nCritical objects I have found:\nsoapbottle 4 (cabinet 2)\nObjects I have taken:\nsoapbottle 4\nNow I am at the countertop 1. Next, I need to put the soapbottle 4 on it."
    },
    {
      "obs": "You put the soapbottle 4 in/on the countertop 1.",
      "act": "go to garbagecan 1"
    }
  ]
}