{
  "task": "put a creditcard in sofa.",
  "traj": [
    {
      "obs": "You are in the middle of a room. Looking quickly around you, you see a armchair 1, a diningtable 1, a drawer 1, a drawer 2, a drawer 3, a drawer 4, a garbagecan 1, a shelf 1, a sidetable 1, a sidetable 2, a sidetable 3, and a sofa 1.",
      "act": "go to drawer 4",
      "thought": "I am now in/on: the middle of a room\nCritical objects I have found:\nNone\nObjects I have taken:\nNone\nTo solve the task, I need to find and take a creditcard, then put it in the sofa. First, I need to find a creditcard. A creditcard is more likely to appear in drawers (1-4), sidetables (1-3), or maybe on a shelf (1). I can check one by one, starting with drawer 4."
    },
    {
      "obs": "You arrive at loc 22. The drawer 4 is closed.",
      "act": "open drawer 4",
      "thought": "I am now in/on: drawer 4\nCritical objects I have found:\nNone\nObjects I have taken:\nNone\nTo see objects in drawer 4, I have to open it first."
    },
    {
      "obs": "You open the drawer 4. The drawer 4 is open. In it, you see nothing.",
      "act": "go to sidetable 2",
      "thought": "I am now in/on: drawer 4\nCritical objects I have found:\nNone\nObjects I have taken:\nNone\nDrawer 4 is empty, so there is no creditcard here. Next, I will check sidetable 2."
    },
    {
      "obs": "You arrive at loc 18. On the sidetable 2, you see a houseplant 1, a keychain 1, and a statue 2.",
      "act": "go to armchair 1",
      "thought": "I am now in/on: sidetable 2\nCritical objects I have found:\nNone\nObjects I have taken:\nNone\nOn sidetable 2, there is no creditcard. Next, I need to check armchair 1, although it's less likely to find a creditcard there compared to other drawers or sidetables."
    },
    {
      "obs": "You arrive at loc 2. On the armchair 1, you see a creditcard 1, and a pillow 1.",
      "act": "take creditcard 1 from armchair 1",
      "thought": "I am now in/on: armchair 1\nCritical objects I have found:\ncreditcard 1 (armchair 1)\nObjects I have taken:\nNone\nI have found a creditcard (1) on armchair 1. Next, I need to take it."
    },
    {
      "obs": "You pick up the creditcard 1 from the armchair 1.",
      "act": "go to sofa 1",
      "thought": "I am now in/on: armchair 1\nCritical objects I have found:\ncreditcard 1 (armchair 1)\nObjects I have taken:\ncreditcard 1\nNow I have taken the creditcard (1). Next, I need to go to and put it in the sofa 1."
    },
    {
      "obs": "You arrive at loc 5. On the sofa 1, you see a laptop 1, a newspaper 1, and a remotecontrol 3.",
      "act": "put creditcard 1 in/on sofa 1",
      "thought": "I am now in/on: sofa 1\nCritical objects I have found:\ncreditcard 1 (armchair 1)\nObjects I have taken:\ncreditcard 1\nNow I am at the sofa 1. Next, I need to put the creditcard 1 in/on it."
    },
    {
      "obs": "You put the creditcard 1 in/on the sofa 1.",
      "act": "go to drawer 4"
    }
  ]
}