{
  "task": "put a cellphone in bed.",
  "traj": [
    {
      "obs": "You are in the middle of a room. Looking quickly around you, you see a bed 1, a desk 1, a drawer 1, a drawer 2, a drawer 3, a drawer 4, a drawer 5, a garbagecan 1, a laundryhamper 1, a shelf 1, and a sidetable 1.",
      "act": "go to desk 1",
      "thought": "I am now in/on: the middle of a room\nCritical objects I have found:\nNone\nObjects I have taken:\nNone\nTo solve the task, I need to find and take a cellphone, then put it in the bed. First, I need to find a cellphone. A cellphone is more likely to appear on a desk (1), in drawers (1-5), on a sidetable (1), or possibly in a garbagecan (1). I will start by checking the desk 1."
    },
    {
      "obs": "You arrive at loc 1. On the desk 1, you see a cellphone 1, a creditcard 1, a desklamp 1, and a pen 1.",
      "act": "take cellphone 1 from desk 1",
      "thought": "I am now in/on: desk 1\nCritical objects I have found:\ncellphone 1 (desk 1)\nObjects I have taken:\nNone\nI have found a cellphone (1) on the desk 1. Next, I need to take it."
    },
    {
      "obs": "You pick up the cellphone 1 from the desk 1.",
      "act": "go to bed 1",
      "thought": "I am now in/on: desk 1\nCritical objects I have found:\ncellphone 1 (desk 1)\nObjects I have taken:\ncellphone 1\nNow that I have the cellphone (1), I need to go to the bed and put it there."
    },
    {
      "obs": "You arrive at loc 10. On the bed 1, you see a laptop 1, a laptop 2, a pillow 1, and a teddybear 1.",
      "act": "put cellphone 1 in/on bed 1",
      "thought": "I am now in/on: bed 1\nCritical objects I have found:\ncellphone 1 (desk 1)\nObjects I have taken:\ncellphone 1\nI am at the bed 1 with the cellphone 1. Now, I need to put the cellphone in/on the bed."
    },
    {
      "obs": "You put the cellphone 1 in/on the bed 1.",
      "act": "go to desk 1"
    }
  ]
}