{
  "task": "put a candle in toilet.",
  "traj": [
    {
      "obs": "You are in the middle of a room. Looking quickly around you, you see a bathtubbasin 1, a drawer 1, a drawer 2, a garbagecan 1, a handtowelholder 1, a sidetable 1, a sinkbasin 1, a toilet 1, a toiletpaperhanger 1, and a towelholder 1.",
      "act": "go to toilet 1",
      "thought": "I am now in/on: the middle of a room\nCritical objects I have found:\nNone\nObjects I have taken:\nNone\nTo solve the task, I need to find and take a candle, then put it in the toilet. First, I need to find a candle. A candle is more likely to appear in drawers (1-2), sidetable (1), or sinkbasin (1). I can check one by one, starting with drawer 1."
    },
    {
      "obs": "You arrive at loc 11. On the toilet 1, you see a soapbar 2, a soapbottle 2, and a spraybottle 2.",
      "act": "go to drawer 1",
      "thought": "I am now in/on: toilet 1\nCritical objects I have found:\nNone\nObjects I have taken:\nNone\nOn toilet 1, there is no candle. Next, I need to check drawer 1 for a candle."
    },
    {
      "obs": "You arrive at loc 1. On the drawer 1, you see a toiletpaper 1.",
      "act": "go to sidetable 1",
      "thought": "I am now in/on: drawer 1\nCritical objects I have found:\nNone\nObjects I have taken:\nNone\nIn drawer 1, there is no candle. Next, I need to check sidetable 1 for a candle."
    },
    {
      "obs": "You arrive at loc 2. On the sidetable 1, you see a candle 1, a candle 2, a candle 3, a spraybottle 1, and a tissuebox 1.",
      "act": "take candle 3 from sidetable 1",
      "thought": "I am now in/on: sidetable 1\nCritical objects I have found:\ncandle 3 (sidetable 1)\nObjects I have taken:\nNone\nI have found candles on sidetable 1. Next, I need to take one of the candles."
    },
    {
      "obs": "You pick up the candle 3 from the sidetable 1.",
      "act": "go to toilet 1",
      "thought": "I am now in/on: sidetable 1\nCritical objects I have found:\ncandle 3 (sidetable 1)\nObjects I have taken:\ncandle 3\nNow that I have taken candle 3, I need to go to the toilet to complete the task."
    },
    {
      "obs": "You pick up the candle 3 from the sidetable 1.",
      "act": "put candle 3 in/on toilet 1",
      "thought": "I am now in/on: sidetable 1\nCritical objects I have found:\ncandle 3 (sidetable 1)\nObjects I have taken:\ncandle 3\nNow I have the candle 3 and need to put it in the toilet to complete the task. I should go to the toilet 1."
    },
    {
      "obs": "You put the candle 3 in/on the toilet 1.",
      "act": "go to drawer 1"
    }
  ]
}