{
  "task": "put a creditcard in diningtable.",
  "traj": [
    {
      "obs": "You are in the middle of a room. Looking quickly around you, you see a bed 1, a diningtable 1, a drawer 1, a drawer 2, a drawer 3, a drawer 4, a garbagecan 1, a sidetable 1, and a sidetable 2.",
      "act": "go to sidetable 2",
      "thought": "I am now in/on: the middle of a room\nCritical objects I have found:\nNone\nObjects I have taken:\nNone\nTo solve the task, I need to find and take a credit card, then put it on the dining table. A credit card is more likely to be found in drawers or on side tables. I will start by checking sidetable 2."
    },
    {
      "obs": "You arrive at loc 3. On the sidetable 2, you see a keychain 1, and a pen 2.",
      "act": "go to drawer 3",
      "thought": "I am now in/on: sidetable 2\nCritical objects I have found:\nNone\nObjects I have taken:\nNone\nOn sidetable 2, there is no credit card. Next, I need to check drawer 3."
    },
    {
      "obs": "You arrive at loc 4. On the drawer 3, you see a cd 1.",
      "act": "go to drawer 1",
      "thought": "I am now in/on: drawer 3\nCritical objects I have found:\nNone\nObjects I have taken:\nNone\nIn drawer 3, there is no credit card. Next, I need to check drawer 1."
    },
    {
      "obs": "You arrive at loc 14. The drawer 1 is closed.",
      "act": "open drawer 1",
      "thought": "I am now in/on: drawer 3\nCritical objects I have found:\nNone\nObjects I have taken:\nNone\nDrawer 3 did not contain a credit card. Now I need to open drawer 1 to check for a credit card inside."
    },
    {
      "obs": "You open the drawer 1. The drawer 1 is open. In it, you see nothing.",
      "act": "go to diningtable 1",
      "thought": "I am now in/on: drawer 1\nCritical objects I have found:\nNone\nObjects I have taken:\nNone\nDrawer 1 is empty and does not contain a credit card. Next, I need to check the dining table 1, as it's another place where a credit card might be found."
    },
    {
      "obs": "You arrive at loc 8. On the diningtable 1, you see a alarmclock 1, a cd 2, a cd 3, a cellphone 1, a keychain 2, a keychain 3, a mug 1, a pen 1, a pencil 1, and a pencil 2.",
      "act": "go to sidetable 1",
      "thought": "I am now in/on: diningtable 1\nCritical objects I have found:\nNone\nObjects I have taken:\nNone\nOn diningtable 1, there is no credit card. Next, I need to check sidetable 1."
    },
    {
      "obs": "You arrive at loc 10. On the sidetable 1, you see a creditcard 1, and a creditcard 3.",
      "act": "take creditcard 3 from sidetable 1",
      "thought": "I am now in/on: sidetable 1\nCritical objects I have found:\ncreditcard 3 (sidetable 1)\nObjects I have taken:\nNone\nI have found a credit card (3) on sidetable 1. Next, I need to take it."
    },
    {
      "obs": "You pick up the creditcard 3 from the sidetable 1.",
      "act": "go to diningtable 1",
      "thought": "I am now in/on: sidetable 1\nCritical objects I have found:\ncreditcard 3 (sidetable 1)\nObjects I have taken:\ncreditcard 3\nNow that I have the credit card (3), I need to go to the dining table 1 to put it there."
    },
    {
      "obs": "You pick up the creditcard 3 from the sidetable 1.",
      "act": "put creditcard 3 in/on diningtable 1",
      "thought": "I am now in/on: diningtable 1\nCritical objects I have found:\ncreditcard 3 (sidetable 1)\nObjects I have taken:\ncreditcard 3\nI am at the dining table 1 with the credit card (3). Now I need to put the credit card on the dining table."
    },
    {
      "obs": "You put the creditcard 3 in/on the diningtable 1.",
      "act": "go to sidetable 2"
    }
  ]
}