{
  "task": "put some cd on diningtable.",
  "traj": [
    {
      "obs": "You are in the middle of a room. Looking quickly around you, you see a armchair 1, a armchair 2, a bed 1, a countertop 1, a diningtable 1, a drawer 1, a drawer 2, a dresser 1, a garbagecan 1, a laundryhamper 1, and a sidetable 1.",
      "act": "go to sidetable 1",
      "thought": "I am now in/on: the middle of a room\nCritical objects I have found:\nNone\nObjects I have taken:\nNone\nTo solve the task, I need to find and take a CD, then put it on the diningtable. First, I need to find a CD. A CD is more likely to appear in places like drawers, dressers, or sidetables. I will start by checking the sidetable 1."
    },
    {
      "obs": "You arrive at loc 10. On the sidetable 1, you see a alarmclock 2, a book 1, and a cd 2.",
      "act": "take cd 2 from sidetable 1",
      "thought": "I am now in/on: sidetable 1\nCritical objects I have found:\ncd 2 (sidetable 1)\nObjects I have taken:\nNone\nI have found a CD (2) on the sidetable 1. Next, I need to take it."
    },
    {
      "obs": "You pick up the cd 2 from the sidetable 1.",
      "act": "go to diningtable 1",
      "thought": "I am now in/on: sidetable 1\nCritical objects I have found:\ncd 2 (sidetable 1)\nObjects I have taken:\ncd 2\nNow I have taken the CD (2). Next, I need to go to the diningtable 1 to put it there."
    },
    {
      "obs": "You arrive at loc 11. On the diningtable 1, you see a alarmclock 1, a bowl 1, a bowl 2, a cellphone 1, a creditcard 1, a keychain 2, a laptop 1, a pen 1, and a pencil 1.",
      "act": "put cd 2 in/on diningtable 1",
      "thought": "I am now in/on: diningtable 1\nCritical objects I have found:\ncd 2 (sidetable 1)\nObjects I have taken:\ncd 2\nNow I am at the diningtable 1. Next, I need to put the CD (2) in/on it."
    },
    {
      "obs": "You put the cd 2 in/on the diningtable 1.",
      "act": "go to sidetable 1"
    }
  ]
}