{
  "task": "put a laptop in ottoman.",
  "traj": [
    {
      "obs": "You are in the middle of a room. Looking quickly around you, you see a armchair 1, a coffeetable 1, a diningtable 1, a drawer 1, a drawer 2, a drawer 3, a drawer 4, a drawer 5, a drawer 6, a drawer 7, a garbagecan 1, a ottoman 1, a sidetable 1, and a sofa 1.",
      "act": "go to sofa 1",
      "thought": "I am now in/on: the middle of a room\nCritical objects I have found:\nNone\nObjects I have taken:\nNone\nTo solve the task, I need to find and take a laptop, then put it in the ottoman. First, I need to find a laptop. A laptop is more likely to be found on or in furniture like a sofa, coffeetable, diningtable, sidetable, or drawers. I will start by checking the sofa."
    },
    {
      "obs": "You arrive at loc 14. On the sofa 1, you see a book 2, a creditcard 2, and a newspaper 2.",
      "act": "go to ottoman 1",
      "thought": "I am now in/on: sofa 1\nCritical objects I have found:\nNone\nObjects I have taken:\nNone\nOn sofa 1, there is no laptop. Next, I need to check the ottoman 1, as the task specifies that the laptop should be put in the ottoman, it might already be there."
    },
    {
      "obs": "You arrive at loc 25. On the ottoman 1, you see a keychain 2.",
      "act": "go to diningtable 1",
      "thought": "I am now in/on: ottoman 1\nCritical objects I have found:\nNone\nObjects I have taken:\nNone\nOn ottoman 1, there is no laptop. Next, I need to check the diningtable 1."
    },
    {
      "obs": "You arrive at loc 17. On the diningtable 1, you see a bowl 1, a laptop 2, a newspaper 1, a plate 1, a plate 2, a remotecontrol 3, and a vase 1.",
      "act": "take laptop 2 from diningtable 1",
      "thought": "I am now in/on: diningtable 1\nCritical objects I have found:\nlaptop 2 (diningtable 1)\nObjects I have taken:\nNone\nI have found a laptop (2) on the diningtable 1. Next, I need to take it."
    },
    {
      "obs": "You pick up the laptop 2 from the diningtable 1.",
      "act": "go to ottoman 1",
      "thought": "I am now in/on: diningtable 1\nCritical objects I have found:\nlaptop 2 (diningtable 1)\nObjects I have taken:\nlaptop 2\nNow that I have the laptop (2), I need to go to the ottoman 1 to put it in as per the task."
    },
    {
      "obs": "You pick up the laptop 2 from the diningtable 1.",
      "act": "put laptop 2 in/on ottoman 1",
      "thought": "I am now in/on: diningtable 1\nCritical objects I have found:\nlaptop 2 (diningtable 1)\nObjects I have taken:\nlaptop 2\nI have the laptop (2) and I am heading to the ottoman 1 to complete the task."
    },
    {
      "obs": "You put the laptop 2 in/on the ottoman 1.",
      "act": "go to sofa 1"
    }
  ]
}