{
  "task": "put a toiletpaper in shelf.",
  "traj": [
    {
      "obs": "You are in the middle of a room. Looking quickly around you, you see a bathtubbasin 1, a garbagecan 1, a handtowelholder 1, a shelf 1, a shelf 2, a shelf 3, a sinkbasin 1, a toilet 1, a toiletpaperhanger 1, and a towelholder 1.",
      "act": "go to toiletpaperhanger 1",
      "thought": "I am now in/on: the middle of a room\nCritical objects I have found:\nNone\nObjects I have taken:\nNone\nTo solve the task, I need to find and take a toiletpaper, then put it in a shelf. First, I need to find a toiletpaper. A toiletpaper is likely to be found on or near the toiletpaperhanger, so I will check there first."
    },
    {
      "obs": "You arrive at loc 14. On the toiletpaperhanger 1, you see a toiletpaper 1.",
      "act": "take toiletpaper 1 from toiletpaperhanger 1",
      "thought": "I am now in/on: toiletpaperhanger 1\nCritical objects I have found:\ntoiletpaper 1 (toiletpaperhanger 1)\nObjects I have taken:\nNone\nI have found a toiletpaper (1) on the toiletpaperhanger 1. Next, I need to take it."
    },
    {
      "obs": "You pick up the toiletpaper 1 from the toiletpaperhanger 1.",
      "act": "go to shelf 2",
      "thought": "I am now in/on: toiletpaperhanger 1\nCritical objects I have found:\ntoiletpaper 1 (toiletpaperhanger 1)\nObjects I have taken:\ntoiletpaper 1\nNow I have taken the toiletpaper (1). Next, I need to go to a shelf and put it there. I will check shelf 2 first."
    },
    {
      "obs": "You arrive at loc 11. On the shelf 2, you see a soapbottle 1, and a spraybottle 1.",
      "act": "put toiletpaper 1 in/on shelf 2",
      "thought": "I am now in/on: shelf 2\nCritical objects I have found:\ntoiletpaper 1 (toiletpaperhanger 1)\nObjects I have taken:\ntoiletpaper 1\nNow I am at shelf 2. Next, I need to put the toiletpaper 1 in/on it."
    },
    {
      "obs": "You put the toiletpaper 1 in/on the shelf 2.",
      "act": "go to toiletpaperhanger 1"
    }
  ]
}