{
  "task": "put a tissuebox in toilet.",
  "traj": [
    {
      "obs": "You are in the middle of a room. Looking quickly around you, you see a bathtubbasin 1, a cabinet 1, a cabinet 2, a cabinet 3, a cabinet 4, a countertop 1, a garbagecan 1, a handtowelholder 1, a handtowelholder 2, a shelf 1, a sinkbasin 1, a sinkbasin 2, a toilet 1, a toiletpaperhanger 1, a towelholder 1, and a towelholder 2.",
      "act": "go to cabinet 3",
      "thought": "I am now in/on: the middle of a room\nCritical objects I have found:\nNone\nObjects I have taken:\nNone\nTo solve the task, I need to find and take a tissuebox, then put it in the toilet. First, I need to find a tissuebox. A tissuebox is more likely to appear in cabinets (1-4), countertop (1), shelf (1), or sinkbasins (1-2). I will check one by one, starting with cabinet 3."
    },
    {
      "obs": "You arrive at loc 7. The cabinet 3 is closed.",
      "act": "open cabinet 3",
      "thought": "I am now in/on: cabinet 3\nCritical objects I have found:\nNone\nObjects I have taken:\nNone\nTo see objects in cabinet 3, I have to open it first."
    },
    {
      "obs": "You open the cabinet 3. The cabinet 3 is open. In it, you see nothing.",
      "act": "go to cabinet 4",
      "thought": "I am now in/on: cabinet 3\nCritical objects I have found:\nNone\nObjects I have taken:\nNone\nCabinet 3 is empty. Next, I need to check cabinet 4 for a tissuebox."
    },
    {
      "obs": "You arrive at loc 10. The cabinet 4 is closed.",
      "act": "open cabinet 4",
      "thought": "I am now in/on: cabinet 3\nCritical objects I have found:\nNone\nObjects I have taken:\nNone\nCabinet 3 is empty. Now I need to open cabinet 4 to check for a tissuebox."
    },
    {
      "obs": "You open the cabinet 4. The cabinet 4 is open. In it, you see a soapbottle 2, and a tissuebox 4.",
      "act": "take tissuebox 4 from cabinet 4",
      "thought": "I am now in/on: cabinet 4\nCritical objects I have found:\ntissuebox 4 (cabinet 4)\nObjects I have taken:\nNone\nNow I have found a tissuebox (4) in cabinet 4. Next, I need to take it."
    },
    {
      "obs": "You pick up the tissuebox 4 from the cabinet 4.",
      "act": "go to toilet 1",
      "thought": "I am now in/on: cabinet 4\nCritical objects I have found:\ntissuebox 4 (cabinet 4)\nObjects I have taken:\ntissuebox 4\nNow I have taken the tissuebox (4). Next, I need to go to the toilet and put it there."
    },
    {
      "obs": "You arrive at loc 18. On the toilet 1, you see nothing.",
      "act": "put tissuebox 4 in/on toilet 1",
      "thought": "I am now in/on: toilet 1\nCritical objects I have found:\ntissuebox 4 (cabinet 4)\nObjects I have taken:\ntissuebox 4\nNow I am at the toilet 1. Next, I need to put the tissuebox 4 in/on it."
    },
    {
      "obs": "You put the tissuebox 4 in/on the toilet 1.",
      "act": "go to cabinet 3"
    }
  ]
}