{
  "task": "put a plate in dresser.",
  "traj": [
    {
      "obs": "You are in the middle of a room. Looking quickly around you, you see a coffeetable 1, a diningtable 1, a drawer 1, a drawer 2, a drawer 3, a drawer 4, a dresser 1, a garbagecan 1, a sidetable 1, a sidetable 2, and a sofa 1.",
      "act": "go to diningtable 1",
      "thought": "I am now in/on: the middle of a room\nCritical objects I have found:\nNone\nObjects I have taken:\nNone\nTo solve the task, I need to find and take a plate, then put it in the dresser. First, I need to find a plate. A plate is more likely to be found on diningtables, in drawers, or on countertops (if there were any). I will start by checking the diningtable 1."
    },
    {
      "obs": "You arrive at loc 6. On the diningtable 1, you see a box 1, a cellphone 2, a creditcard 1, a laptop 1, a plate 1, a plate 2, a remotecontrol 1, and a statue 2.",
      "act": "take plate 1 from diningtable 1",
      "thought": "I am now in/on: diningtable 1\nCritical objects I have found:\nplate 1 (diningtable 1)\nObjects I have taken:\nNone\nI have found a plate (1) on the diningtable 1. Next, I need to take it."
    },
    {
      "obs": "You pick up the plate 1 from the diningtable 1.",
      "act": "go to dresser 1",
      "thought": "I am now in/on: diningtable 1\nCritical objects I have found:\nplate 1 (diningtable 1)\nObjects I have taken:\nplate 1\nNow that I have taken plate 1, I need to put it in the dresser. I will go to dresser 1 next."
    },
    {
      "obs": "You arrive at loc 23. On the dresser 1, you see a statue 1, and a television 1.",
      "act": "put plate 1 in/on dresser 1",
      "thought": "I am now in/on: dresser 1\nCritical objects I have found:\nplate 1 (diningtable 1)\nObjects I have taken:\nplate 1\nNow I am at the dresser 1. Next, I need to put the plate 1 in/on it."
    },
    {
      "obs": "You put the plate 1 in/on the dresser 1.",
      "act": "go to diningtable 1"
    }
  ]
}