{
  "task": "put a toiletpaper in drawer.",
  "traj": [
    {
      "obs": "You are in the middle of a room. Looking quickly around you, you see a bathtubbasin 1, a countertop 1, a drawer 1, a drawer 2, a drawer 3, a drawer 4, a drawer 5, a drawer 6, a garbagecan 1, a handtowelholder 1, a handtowelholder 2, a sinkbasin 1, a sinkbasin 2, a toilet 1, a toiletpaperhanger 1, a towelholder 1, and a towelholder 2.",
      "act": "go to drawer 1",
      "thought": "I am now in/on: the middle of a room\nCritical objects I have found:\nNone\nObjects I have taken:\nNone\nTo solve the task, I need to find and take a toiletpaper, then put it in a drawer. First, I need to find a toiletpaper. A toiletpaper is more likely to appear near a toilet, on a toiletpaperhanger, or in a drawer or cabinet where such supplies are usually stored. I will start by checking drawer 1."
    },
    {
      "obs": "You arrive at loc 20. The drawer 1 is closed.",
      "act": "open drawer 1",
      "thought": "I am now in/on: drawer 1\nCritical objects I have found:\nNone\nObjects I have taken:\nNone\nTo see objects in drawer 1, I have to open it first."
    },
    {
      "obs": "You open the drawer 1. The drawer 1 is open. In it, you see nothing.",
      "act": "go to drawer 6",
      "thought": "I am now in/on: drawer 1\nCritical objects I have found:\nNone\nObjects I have taken:\nNone\nDrawer 1 is empty. Next, I need to check drawer 6, as it might contain toiletpaper or other bathroom supplies."
    },
    {
      "obs": "You arrive at loc 3. The drawer 6 is closed.",
      "act": "open drawer 6",
      "thought": "I am now in/on: drawer 1\nCritical objects I have found:\nNone\nObjects I have taken:\nNone\nDrawer 1 is empty. I will now open drawer 6 to see if there is toiletpaper inside."
    },
    {
      "obs": "You open the drawer 6. The drawer 6 is open. In it, you see a soapbar 1.",
      "act": "go to drawer 2",
      "thought": "I am now in/on: drawer 6\nCritical objects I have found:\nNone\nObjects I have taken:\nNone\nDrawer 6 contains a soapbar but no toiletpaper. Next, I need to check drawer 2 for toiletpaper."
    },
    {
      "obs": "You arrive at loc 15. The drawer 2 is closed.",
      "act": "open drawer 2",
      "thought": "I am now in/on: drawer 6\nCritical objects I have found:\nNone\nObjects I have taken:\nNone\nDrawer 6 did not have toiletpaper. I will now open drawer 2 to see if there is toiletpaper inside."
    },
    {
      "obs": "You open the drawer 2. The drawer 2 is open. In it, you see nothing.",
      "act": "go to toilet 1",
      "thought": "I am now in/on: drawer 2\nCritical objects I have found:\nNone\nObjects I have taken:\nNone\nDrawer 2 is empty. I will now check near the toilet, as toiletpaper is often found in close proximity to it."
    },
    {
      "obs": "You arrive at loc 7. On the toilet 1, you see a candle 2, a soapbottle 2, and a spraybottle 1.",
      "act": "go to drawer 3",
      "thought": "I am now in/on: toilet 1\nCritical objects I have found:\nNone\nObjects I have taken:\nNone\nThe toilet area did not have toiletpaper. Next, I need to check drawer 3 for toiletpaper."
    },
    {
      "obs": "You arrive at loc 24. The drawer 3 is closed.",
      "act": "open drawer 3",
      "thought": "I am now in/on: toilet 1\nCritical objects I have found:\nNone\nObjects I have taken:\nNone\nThe toilet area did not have toiletpaper. I will now open drawer 3 to see if there is toiletpaper inside."
    },
    {
      "obs": "You open the drawer 3. The drawer 3 is open. In it, you see nothing.",
      "act": "go to countertop 1",
      "thought": "I am now in/on: drawer 3\nCritical objects I have found:\nNone\nObjects I have taken:\nNone\nDrawer 3 is empty. Next, I need to check the countertop for toiletpaper, as sometimes items are temporarily placed there."
    },
    {
      "obs": "You arrive at loc 25. On the countertop 1, you see a candle 1, a cloth 1, a toiletpaper 1, and a toiletpaper 2.",
      "act": "take toiletpaper 1 from countertop 1",
      "thought": "I am now in/on: countertop 1\nCritical objects I have found:\ntoiletpaper 1 (countertop 1)\nObjects I have taken:\nNone\nI have found toiletpaper on the countertop. Next, I need to take one."
    },
    {
      "obs": "You pick up the toiletpaper 1 from the countertop 1.",
      "act": "go to drawer 1",
      "thought": "I am now in/on: countertop 1\nCritical objects I have found:\ntoiletpaper 1 (countertop 1)\nObjects I have taken:\ntoiletpaper 1\nNow that I have taken toiletpaper 1, I need to put it in a drawer. I will go to drawer 1 to put the toiletpaper inside."
    },
    {
      "obs": "You arrive at loc 20. The drawer 1 is closed.",
      "act": "open drawer 1",
      "thought": "I am now in/on: countertop 1\nCritical objects I have found:\ntoiletpaper 1 (countertop 1)\nObjects I have taken:\ntoiletpaper 1\nI am holding toiletpaper 1 and need to put it in a drawer. I am at drawer 1, but it is closed. I need to open it again to put the toiletpaper inside."
    },
    {
      "obs": "You open the drawer 1. The drawer 1 is open. In it, you see nothing.",
      "act": "put toiletpaper 1 in/on drawer 1",
      "thought": "I am now in/on: drawer 1\nCritical objects I have found:\ntoiletpaper 1 (countertop 1)\nObjects I have taken:\ntoiletpaper 1\nNow that drawer 1 is open and I have the toiletpaper 1, I need to put it inside the drawer."
    },
    {
      "obs": "You put the toiletpaper 1 in/on the drawer 1.",
      "act": "close drawer 1"
    }
  ]
}