{
  "task": "put some candle on cabinet.",
  "traj": [
    {
      "obs": "You are in the middle of a room. Looking quickly around you, you see a cabinet 1, a cabinet 2, a cabinet 3, a countertop 1, a garbagecan 1, a handtowelholder 1, a handtowelholder 2, a sinkbasin 1, a toilet 1, a toiletpaperhanger 1, and a towelholder 1.",
      "act": "go to toilet 1",
      "thought": "I am now in/on: the middle of a room\nCritical objects I have found:\nNone\nObjects I have taken:\nNone\nTo solve the task, I need to find and take a candle, then put it on a cabinet. First, I need to find a candle. A candle is more likely to appear in cabinets (1-3), countertop (1), or possibly near the sinkbasin (1). I can check one by one, starting with the nearest target which is not specified in the task. Since the toilet is not a likely place to find a candle, I will start with cabinet 1."
    },
    {
      "obs": "You arrive at loc 17. On the toilet 1, you see a candle 1, a soapbottle 2, a soapbottle 3, a spraybottle 2, and a toiletpaper 2.",
      "act": "take candle 1 from toilet 1",
      "thought": "I am now in/on: toilet 1\nCritical objects I have found:\ncandle 1 (toilet 1)\nObjects I have taken:\nNone\nSurprisingly, I found a candle (1) on the toilet 1. Next, I need to take it."
    },
    {
      "obs": "You pick up the candle 1 from the toilet 1.",
      "act": "go to cabinet 2",
      "thought": "I am now in/on: toilet 1\nCritical objects I have found:\ncandle 1 (toilet 1)\nObjects I have taken:\ncandle 1\nNow I have taken the candle (1). Next, I need to go to a cabinet and put it on there. I will start with cabinet 2."
    },
    {
      "obs": "You arrive at loc 13. The cabinet 2 is closed.",
      "act": "open cabinet 2",
      "thought": "I am now in/on: cabinet 2\nCritical objects I have found:\ncandle 1 (toilet 1)\nObjects I have taken:\ncandle 1\nBefore I can put the candle on cabinet 2, I need to open it to ensure it's the correct target."
    },
    {
      "obs": "You open the cabinet 2. The cabinet 2 is open. In it, you see nothing.",
      "act": "put candle 1 in/on cabinet 2",
      "thought": "I am now in/on: cabinet 2\nCritical objects I have found:\ncandle 1 (toilet 1)\nObjects I have taken:\ncandle 1\nNow that cabinet 2 is open and empty, I can put the candle on it."
    },
    {
      "obs": "You put the candle 1 in/on the cabinet 2.",
      "act": "close cabinet 2"
    }
  ]
}