{
  "task": "put a remotecontrol in armchair.",
  "traj": [
    {
      "obs": "You are in the middle of a room. Looking quickly around you, you see a armchair 1, a armchair 2, a coffeetable 1, a coffeetable 2, a garbagecan 1, a shelf 1, a shelf 2, a shelf 3, a shelf 4, a shelf 5, a shelf 6, a shelf 7, a shelf 8, a sofa 1, and a tvstand 1.",
      "act": "go to shelf 3",
      "thought": "I am now in/on: the middle of a room\nCritical objects I have found:\nNone\nObjects I have taken:\nNone\nTo solve the task, I need to find and take a remote control, then put it in the armchair. First, I need to find a remote control. A remote control is more likely to appear on shelves, coffeetables, or a tvstand. I will check one by one, starting with shelf 3."
    },
    {
      "obs": "You arrive at loc 12. On the shelf 3, you see nothing.",
      "act": "go to shelf 8",
      "thought": "I am now in/on: shelf 3\nCritical objects I have found:\nNone\nObjects I have taken:\nNone\nOn shelf 3, there is no remote control. Next, I need to check shelf 8."
    },
    {
      "obs": "You arrive at loc 2. On the shelf 8, you see a vase 3.",
      "act": "go to shelf 5",
      "thought": "I am now in/on: shelf 8\nCritical objects I have found:\nNone\nObjects I have taken:\nNone\nOn shelf 8, there is no remote control. Next, I need to check shelf 5."
    },
    {
      "obs": "You arrive at loc 16. On the shelf 5, you see nothing.",
      "act": "go to armchair 2",
      "thought": "I am now in/on: shelf 5\nCritical objects I have found:\nNone\nObjects I have taken:\nNone\nOn shelf 5, there is no remote control. I mistakenly chose to go to armchair 2 instead of continuing my search for the remote control. I need to correct this and continue searching the remaining shelves, coffeetables, or the tvstand."
    },
    {
      "obs": "You arrive at loc 5. On the armchair 2, you see nothing.",
      "act": "go to shelf 6",
      "thought": "I am now in/on: armchair 2\nCritical objects I have found:\nNone\nObjects I have taken:\nNone\nOn armchair 2, there is no remote control. I need to continue my search for the remote control. Next, I will check shelf 6."
    },
    {
      "obs": "You arrive at loc 16. On the shelf 6, you see nothing.",
      "act": "go to armchair 1",
      "thought": "I am now in/on: shelf 6\nCritical objects I have found:\nNone\nObjects I have taken:\nNone\nOn shelf 6, there is no remote control. I mistakenly chose to go to armchair 1 instead of continuing my search for the remote control. I need to correct this and continue searching the remaining shelves, coffeetables, or the tvstand."
    },
    {
      "obs": "You arrive at loc 15. On the armchair 1, you see nothing.",
      "act": "go to shelf 7",
      "thought": "I am now in/on: armchair 1\nCritical objects I have found:\nNone\nObjects I have taken:\nNone\nOn armchair 1, there is no remote control. I need to continue my search for the remote control. Next, I will check shelf 7."
    },
    {
      "obs": "You arrive at loc 8. On the shelf 7, you see nothing.",
      "act": "go to coffeetable 2",
      "thought": "I am now in/on: shelf 7\nCritical objects I have found:\nNone\nObjects I have taken:\nNone\nOn shelf 7, there is no remote control. I need to continue my search for the remote control. Next, I will check coffeetable 2."
    },
    {
      "obs": "You arrive at loc 11. On the coffeetable 2, you see a box 1, a box 2, a laptop 2, and a statue 1.",
      "act": "go to shelf 4",
      "thought": "I am now in/on: coffeetable 2\nCritical objects I have found:\nNone\nObjects I have taken:\nNone\nOn coffeetable 2, there is no remote control. I need to continue my search for the remote control. Next, I will check shelf 4."
    },
    {
      "obs": "You arrive at loc 17. On the shelf 4, you see nothing.",
      "act": "go to coffeetable 1",
      "thought": "I am now in/on: shelf 4\nCritical objects I have found:\nNone\nObjects I have taken:\nNone\nOn shelf 4, there is no remote control. I need to continue my search for the remote control. Next, I will check coffeetable 1."
    },
    {
      "obs": "You arrive at loc 4. On the coffeetable 1, you see a houseplant 1, a keychain 1, and a remotecontrol 1.",
      "act": "take remotecontrol 1 from coffeetable 1",
      "thought": "I am now in/on: coffeetable 1\nCritical objects I have found:\nremotecontrol 1 (coffeetable 1)\nObjects I have taken:\nNone\nI have found a remote control on coffeetable 1. Next, I need to take it."
    },
    {
      "obs": "You pick up the remotecontrol 1 from the coffeetable 1.",
      "act": "go to armchair 2",
      "thought": "I am now in/on: coffeetable 1\nCritical objects I have found:\nremotecontrol 1 (coffeetable 1)\nObjects I have taken:\nremotecontrol 1\nNow that I have the remote control, I need to put it in an armchair. I will go to armchair 2 to complete the task."
    },
    {
      "obs": "You arrive at loc 5. On the armchair 2, you see nothing.",
      "act": "put remotecontrol 1 in/on armchair 2",
      "thought": "I am now in/on: armchair 2\nCritical objects I have found:\nremotecontrol 1 (coffeetable 1)\nObjects I have taken:\nremotecontrol 1\nNow I am at armchair 2. Next, I need to put the remote control in/on it to complete the task."
    },
    {
      "obs": "You put the remotecontrol 1 in/on the armchair 2.",
      "act": "go to shelf 3"
    }
  ]
}