{
  "task": "put some peppershaker on sidetable.",
  "traj": [
    {
      "obs": "You are in the middle of a room. Looking quickly around you, you see a cabinet 1, a cabinet 2, a cabinet 3, a cabinet 4, a coffeemachine 1, a countertop 1, a diningtable 1, a diningtable 2, a diningtable 3, a drawer 1, a fridge 1, a garbagecan 1, a microwave 1, a sidetable 1, a sinkbasin 1, a stoveburner 1, a stoveburner 2, a stoveburner 3, a stoveburner 4, and a toaster 1.",
      "act": "go to cabinet 3",
      "thought": "I am now in/on: the middle of a room\nCritical objects I have found:\nNone\nObjects I have taken:\nNone\nTo solve the task, I need to find and take a peppershaker, then put it on the sidetable. First, I need to find a peppershaker. A peppershaker is more likely to appear in cabinets (1-4), diningtables (1-3), sidetables (1), countertops (1), or sinkbasins (1). I can check one by one, starting with cabinet 3."
    },
    {
      "obs": "You arrive at loc 16. The cabinet 3 is closed.",
      "act": "open cabinet 3",
      "thought": "I am now in/on: cabinet 3\nCritical objects I have found:\nNone\nObjects I have taken:\nNone\nTo see objects in cabinet 3, I have to open it first."
    },
    {
      "obs": "You open the cabinet 3. The cabinet 3 is open. In it, you see a cup 1, and a soapbottle 1.",
      "act": "go to diningtable 3",
      "thought": "I am now in/on: cabinet 3\nCritical objects I have found:\nNone\nObjects I have taken:\nNone\nIn cabinet 3, there is no peppershaker. Next, I need to check diningtable 3."
    },
    {
      "obs": "You arrive at loc 29. On the diningtable 3, you see a bread 1, a dishsponge 2, a fork 3, a knife 3, a lettuce 2, a lettuce 3, a saltshaker 3, and a spatula 1.",
      "act": "go to cabinet 2",
      "thought": "I am now in/on: diningtable 3\nCritical objects I have found:\nNone\nObjects I have taken:\nNone\nOn diningtable 3, there is no peppershaker. Next, I need to check cabinet 2."
    },
    {
      "obs": "You arrive at loc 26. The cabinet 2 is closed.",
      "act": "open cabinet 2",
      "thought": "I am now in/on: diningtable 3\nCritical objects I have found:\nNone\nObjects I have taken:\nNone\nTo see objects in cabinet 2, I have to open it first."
    },
    {
      "obs": "You open the cabinet 2. The cabinet 2 is open. In it, you see a bowl 2.",
      "act": "go to drawer 1",
      "thought": "I am now in/on: cabinet 2\nCritical objects I have found:\nNone\nObjects I have taken:\nNone\nIn cabinet 2, there is no peppershaker. Next, I need to check drawer 1, as peppershakers can sometimes be found in drawers where utensils are kept."
    },
    {
      "obs": "You arrive at loc 19. The drawer 1 is closed.",
      "act": "open drawer 1",
      "thought": "I am now in/on: cabinet 2\nCritical objects I have found:\nNone\nObjects I have taken:\nNone\nIn cabinet 2, there is no peppershaker. Next, I need to open drawer 1 to check for a peppershaker inside."
    },
    {
      "obs": "You open the drawer 1. The drawer 1 is open. In it, you see a fork 1, a knife 1, and a knife 2.",
      "act": "go to diningtable 2",
      "thought": "I am now in/on: drawer 1\nCritical objects I have found:\nNone\nObjects I have taken:\nNone\nIn drawer 1, there is no peppershaker. Next, I need to check diningtable 2."
    },
    {
      "obs": "You arrive at loc 12. On the diningtable 2, you see a dishsponge 3, a fork 2, a plate 1, and a plate 2.",
      "act": "go to cabinet 4",
      "thought": "I am now in/on: diningtable 2\nCritical objects I have found:\nNone\nObjects I have taken:\nNone\nOn diningtable 2, there is no peppershaker. Next, I need to check cabinet 4."
    },
    {
      "obs": "You arrive at loc 15. The cabinet 4 is closed.",
      "act": "open cabinet 4",
      "thought": "I am now in/on: diningtable 2\nCritical objects I have found:\nNone\nObjects I have taken:\nNone\nTo see objects in cabinet 4, I have to open it first."
    },
    {
      "obs": "You open the cabinet 4. The cabinet 4 is open. In it, you see a peppershaker 1.",
      "act": "take peppershaker 1 from cabinet 4",
      "thought": "I am now in/on: cabinet 4\nCritical objects I have found:\npeppershaker 1 (cabinet 4)\nObjects I have taken:\nNone\nNow I find a peppershaker (1). Next, I need to take it."
    },
    {
      "obs": "You pick up the peppershaker 1 from the cabinet 4.",
      "act": "go to sidetable 1",
      "thought": "I am now in/on: cabinet 4\nCritical objects I have found:\npeppershaker 1 (cabinet 4)\nObjects I have taken:\npeppershaker 1\nNow I have taken the peppershaker (1). Next, I need to go to the sidetable and put it there."
    },
    {
      "obs": "You arrive at loc 20. On the sidetable 1, you see a apple 1, a apple 3, a cup 2, a egg 1, a potato 1, and a spoon 1.",
      "act": "put peppershaker 1 in/on sidetable 1",
      "thought": "I am now in/on: sidetable 1\nCritical objects I have found:\npeppershaker 1 (cabinet 4)\nObjects I have taken:\npeppershaker 1\nNow I am at the sidetable 1. Next, I need to put the peppershaker 1 in/on it."
    },
    {
      "obs": "You put the peppershaker 1 in/on the sidetable 1.",
      "act": "go to cabinet 3"
    }
  ]
}