{
  "task": "put some statue on coffeetable.",
  "traj": [
    {
      "obs": "You are in the middle of a room. Looking quickly around you, you see a armchair 1, a armchair 2, a cabinet 1, a cabinet 2, a cabinet 3, a cabinet 4, a cabinet 5, a cabinet 6, a cabinet 7, a cabinet 8, a coffeetable 1, a coffeetable 2, a diningtable 1, a drawer 1, a drawer 2, a drawer 3, a drawer 4, a drawer 5, a drawer 6, a drawer 7, a garbagecan 1, a shelf 1, a shelf 10, a shelf 11, a shelf 12, a shelf 13, a shelf 2, a shelf 3, a shelf 4, a shelf 5, a shelf 6, a shelf 7, a shelf 8, a shelf 9, and a sofa 1.",
      "act": "go to shelf 5",
      "thought": "I am now in/on: the middle of a room\nCritical objects I have found:\nNone\nObjects I have taken:\nNone\nTo solve the task, I need to find and take a statue, then put it on a coffeetable. First, I need to find a statue. A statue is more likely to appear on shelves or cabinets. I will start by checking shelf 5."
    },
    {
      "obs": "You arrive at loc 33. On the shelf 5, you see a vase 2.",
      "act": "go to shelf 13",
      "thought": "I am now in/on: shelf 5\nCritical objects I have found:\nNone\nObjects I have taken:\nNone\nOn shelf 5, there is no statue. Next, I need to check shelf 13, as it's the last in the sequence and might contain decorative items like a statue."
    },
    {
      "obs": "You arrive at loc 13. On the shelf 13, you see a statue 7.",
      "act": "take statue 7 from shelf 13",
      "thought": "I am now in/on: shelf 13\nCritical objects I have found:\nstatue 7 (shelf 13)\nObjects I have taken:\nNone\nNow I find a statue (7). Next, I need to take it."
    },
    {
      "obs": "You pick up the statue 7 from the shelf 13.",
      "act": "go to coffeetable 1",
      "thought": "I am now in/on: shelf 13\nCritical objects I have found:\nstatue 7 (shelf 13)\nObjects I have taken:\nstatue 7\nNow I have taken the statue (7). Next, I need to go to and put it on coffeetable 1."
    },
    {
      "obs": "You arrive at loc 39. On the coffeetable 1, you see nothing.",
      "act": "put statue 7 in/on coffeetable 1",
      "thought": "I am now in/on: coffeetable 1\nCritical objects I have found:\nstatue 7 (shelf 13)\nObjects I have taken:\nstatue 7\nNow I am at coffeetable 1 and it is empty. Next, I need to put the statue 7 on it."
    },
    {
      "obs": "You put the statue 7 in/on the coffeetable 1.",
      "act": "go to shelf 5"
    }
  ]
}