{
  "task": "put a cloth in countertop.",
  "traj": [
    {
      "obs": "You are in the middle of a room. Looking quickly around you, you see a bathtubbasin 1, a cabinet 1, a cabinet 2, a cabinet 3, a cabinet 4, a cabinet 5, a cabinet 6, a cabinet 7, a cabinet 8, a cabinet 9, a countertop 1, a countertop 2, a drawer 1, a garbagecan 1, a handtowelholder 1, a sinkbasin 1, a toilet 1, a toiletpaperhanger 1, and a towelholder 1.",
      "act": "go to cabinet 1",
      "thought": "I am now in/on: the middle of a room\nCritical objects I have found:\nNone\nObjects I have taken:\nNone\nTo solve the task, I need to find and take a cloth, then put it on a countertop. Cloths are likely to be found in cabinets, drawers, or possibly on countertops. I will start by checking cabinet 1."
    },
    {
      "obs": "You arrive at loc 8. The cabinet 1 is closed.",
      "act": "open cabinet 1",
      "thought": "I am now in/on: cabinet 1\nCritical objects I have found:\nNone\nObjects I have taken:\nNone\nTo see objects in cabinet 1, I have to open it first."
    },
    {
      "obs": "You open the cabinet 1. The cabinet 1 is open. In it, you see nothing.",
      "act": "go to cabinet 9",
      "thought": "I am now in/on: cabinet 1\nCritical objects I have found:\nNone\nObjects I have taken:\nNone\nCabinet 1 is empty. I will continue searching for a cloth by checking cabinet 9 next."
    },
    {
      "obs": "You arrive at loc 13. The cabinet 9 is closed.",
      "act": "open cabinet 9",
      "thought": "I am now in/on: cabinet 1\nCritical objects I have found:\nNone\nObjects I have taken:\nNone\nCabinet 1 is empty. I will now open cabinet 9 to look for a cloth."
    },
    {
      "obs": "You open the cabinet 9. The cabinet 9 is open. In it, you see a cloth 4.",
      "act": "take cloth 4 from cabinet 9",
      "thought": "I am now in/on: cabinet 9\nCritical objects I have found:\ncloth 4 (cabinet 9)\nObjects I have taken:\nNone\nI have found a cloth (4) in cabinet 9. Next, I need to take it."
    },
    {
      "obs": "You pick up the cloth 4 from the cabinet 9.",
      "act": "go to countertop 1",
      "thought": "I am now in/on: cabinet 9\nCritical objects I have found:\ncloth 4 (cabinet 9)\nObjects I have taken:\ncloth 4\nNow I have taken the cloth (4). Next, I need to go to and put it on countertop 1."
    },
    {
      "obs": "You arrive at loc 5. On the countertop 1, you see a papertowelroll 1, and a sink 1.",
      "act": "put cloth 4 in/on countertop 1",
      "thought": "I am now in/on: countertop 1\nCritical objects I have found:\ncloth 4 (cabinet 9)\nObjects I have taken:\ncloth 4\nNow I am at countertop 1. Next, I need to put the cloth 4 on it."
    },
    {
      "obs": "You put the cloth 4 in/on the countertop 1.",
      "act": "go to cabinet 1"
    }
  ]
}