{
  "task": "put a candle in toilet.",
  "traj": [
    {
      "obs": "You are in the middle of a room. Looking quickly around you, you see a bathtubbasin 1, a garbagecan 1, a handtowelholder 1, a shelf 1, a shelf 2, a shelf 3, a sinkbasin 1, a toilet 1, a toiletpaperhanger 1, and a towelholder 1.",
      "act": "go to shelf 2",
      "thought": "I am now in/on: the middle of a room\nCritical objects I have found:\nNone\nObjects I have taken:\nNone\nTo solve the task, I need to find and take a candle, then put it in the toilet. First, I need to find a candle. A candle is more likely to appear on shelves (1-3), sinkbasin (1), or bathtubbasin (1). I will check one by one, starting with shelf 2."
    },
    {
      "obs": "You arrive at loc 12. On the shelf 2, you see a candle 1, a soapbar 1, a soapbottle 1, and a tissuebox 1.",
      "act": "take candle 1 from shelf 2",
      "thought": "I am now in/on: shelf 2\nCritical objects I have found:\ncandle 1 (shelf 2)\nObjects I have taken:\nNone\nNow I find a candle (1). Next, I need to take it."
    },
    {
      "obs": "You pick up the candle 1 from the shelf 2.",
      "act": "go to toilet 1",
      "thought": "I am now in/on: shelf 2\nCritical objects I have found:\ncandle 1 (shelf 2)\nObjects I have taken:\ncandle 1\nNow I have taken the candle (1). Next, I need to go to and put it in the toilet."
    },
    {
      "obs": "You arrive at loc 10. On the toilet 1, you see a soapbar 3, a toiletpaper 2, and a toiletpaper 3.",
      "act": "put candle 1 in/on toilet 1",
      "thought": "I am now in/on: toilet 1\nCritical objects I have found:\ncandle 1 (shelf 2)\nObjects I have taken:\ncandle 1\nNow I am at the toilet 1. Next, I need to put the candle 1 in/on it."
    },
    {
      "obs": "You put the candle 1 in/on the toilet 1.",
      "act": "go to shelf 2"
    }
  ]
}