{
  "task": "put some remotecontrol on armchair.",
  "traj": [
    {
      "obs": "You are in the middle of a room. Looking quickly around you, you see a armchair 1, a armchair 2, a coffeetable 1, a coffeetable 2, a garbagecan 1, a shelf 1, a shelf 2, a shelf 3, a shelf 4, a shelf 5, a shelf 6, a shelf 7, a shelf 8, a sofa 1, and a tvstand 1.",
      "act": "go to shelf 3",
      "thought": "I am now in/on: the middle of a room\nCritical objects I have found:\nNone\nObjects I have taken:\nNone\nTo solve the task, I need to find and take a remote control, then put it on an armchair. First, I need to find a remote control. A remote control is more likely to appear on shelves, coffeetables, or a tvstand. I will check the shelves first, starting with shelf 3."
    },
    {
      "obs": "You arrive at loc 13. On the shelf 3, you see a watch 2.",
      "act": "go to shelf 8",
      "thought": "I am now in/on: shelf 3\nCritical objects I have found:\nNone\nObjects I have taken:\nNone\nOn shelf 3, there is no remote control. Next, I need to check shelf 8."
    },
    {
      "obs": "You arrive at loc 2. On the shelf 8, you see nothing.",
      "act": "go to shelf 5",
      "thought": "I am now in/on: shelf 8\nCritical objects I have found:\nNone\nObjects I have taken:\nNone\nOn shelf 8, there is no remote control. Next, I need to check shelf 5."
    },
    {
      "obs": "You arrive at loc 17. On the shelf 5, you see nothing.",
      "act": "go to shelf 1",
      "thought": "I am now in/on: shelf 5\nCritical objects I have found:\nNone\nObjects I have taken:\nNone\nOn shelf 5, there is no remote control. Next, I need to check shelf 1."
    },
    {
      "obs": "You arrive at loc 19. On the shelf 1, you see a creditcard 1, and a vase 2.",
      "act": "go to shelf 6",
      "thought": "I am now in/on: shelf 1\nCritical objects I have found:\nNone\nObjects I have taken:\nNone\nOn shelf 1, there is no remote control. Next, I need to check shelf 6."
    },
    {
      "obs": "You arrive at loc 17. On the shelf 6, you see nothing.",
      "act": "go to armchair 2",
      "thought": "I am now in/on: shelf 6\nCritical objects I have found:\nNone\nObjects I have taken:\nNone\nOn shelf 6, there is no remote control. I have checked several shelves and have not found the remote control yet. I will now check armchair 2 to see if the remote control is there."
    },
    {
      "obs": "You arrive at loc 5. On the armchair 2, you see nothing.",
      "act": "go to armchair 1",
      "thought": "I am now in/on: armchair 2\nCritical objects I have found:\nNone\nObjects I have taken:\nNone\nOn armchair 2, there is no remote control. Next, I need to check armchair 1."
    },
    {
      "obs": "You arrive at loc 16. On the armchair 1, you see nothing.",
      "act": "go to shelf 4",
      "thought": "I am now in/on: armchair 1\nCritical objects I have found:\nNone\nObjects I have taken:\nNone\nOn armchair 1, there is no remote control. Next, I need to check shelf 4."
    },
    {
      "obs": "You arrive at loc 18. On the shelf 4, you see nothing.",
      "act": "go to coffeetable 2",
      "thought": "I am now in/on: shelf 4\nCritical objects I have found:\nNone\nObjects I have taken:\nNone\nOn shelf 4, there is no remote control. Next, I need to check coffeetable 2."
    },
    {
      "obs": "You arrive at loc 12. On the coffeetable 2, you see a box 1, a laptop 2, a laptop 3, a remotecontrol 3, and a statue 2.",
      "act": "take remotecontrol 3 from coffeetable 2",
      "thought": "I am now in/on: coffeetable 2\nCritical objects I have found:\nremotecontrol 3 (coffeetable 2)\nObjects I have taken:\nNone\nNow I find a remote control (3). Next, I need to take it."
    },
    {
      "obs": "You pick up the remotecontrol 3 from the coffeetable 2.",
      "act": "go to armchair 2",
      "thought": "I am now in/on: coffeetable 2\nCritical objects I have found:\nremotecontrol 3 (coffeetable 2)\nObjects I have taken:\nremotecontrol 3\nNow I have taken the remote control (3). Next, I need to go to and put it on armchair 2."
    },
    {
      "obs": "You pick up the remotecontrol 3 from the coffeetable 2.",
      "act": "put remotecontrol 3 in/on armchair 2",
      "thought": "I am now in/on: coffeetable 2\nCritical objects I have found:\nremotecontrol 3 (coffeetable 2)\nObjects I have taken:\nremotecontrol 3\nI have taken the remote control (3) and I am currently at the coffeetable 2. I need to go to armchair 2 to complete the task."
    },
    {
      "obs": "You put the remotecontrol 3 in/on the armchair 2.",
      "act": "go to shelf 3"
    }
  ]
}