{
  "task": "put a cellphone in armchair.",
  "traj": [
    {
      "obs": "You are in the middle of a room. Looking quickly around you, you see a armchair 1, a bed 1, a diningtable 1, a drawer 1, a drawer 2, a garbagecan 1, a sidetable 1, and a sidetable 2.",
      "act": "go to sidetable 1",
      "thought": "I am now in/on: the middle of a room\nCritical objects I have found:\nNone\nObjects I have taken:\nNone\nTo solve the task, I need to find and take a cellphone, then put it in the armchair. First, I need to find a cellphone. A cellphone is more likely to appear on sidetables (1-2), diningtable (1), or in drawers (1-2). I will check one by one, starting with sidetable 1."
    },
    {
      "obs": "You arrive at loc 8. On the sidetable 1, you see a cellphone 3, a pen 3, and a tissuebox 3.",
      "act": "take cellphone 3 from sidetable 1",
      "thought": "I am now in/on: sidetable 1\nCritical objects I have found:\ncellphone 3 (sidetable 1)\nObjects I have taken:\nNone\nI have found a cellphone (3) on sidetable 1. Next, I need to take it."
    },
    {
      "obs": "You pick up the cellphone 3 from the sidetable 1.",
      "act": "go to armchair 1",
      "thought": "I am now in/on: sidetable 1\nCritical objects I have found:\ncellphone 3 (sidetable 1)\nObjects I have taken:\ncellphone 3\nNow that I have the cellphone (3), I need to go to the armchair to put it there. Let's move to the armchair 1."
    },
    {
      "obs": "You arrive at loc 3. On the armchair 1, you see nothing.",
      "act": "put cellphone 3 in/on armchair 1",
      "thought": "I am now in/on: armchair 1\nCritical objects I have found:\ncellphone 3 (sidetable 1)\nObjects I have taken:\ncellphone 3\nI am at the armchair 1 and it is empty. Now I need to put the cellphone 3 in/on the armchair 1."
    },
    {
      "obs": "You put the cellphone 3 in/on the armchair 1.",
      "act": "go to sidetable 1"
    }
  ]
}