{
  "task": "put a toiletpaper in toilet.",
  "traj": [
    {
      "obs": "You are in the middle of a room. Looking quickly around you, you see a bathtubbasin 1, a drawer 1, a drawer 2, a garbagecan 1, a handtowelholder 1, a sidetable 1, a sinkbasin 1, a toilet 1, a toiletpaperhanger 1, and a towelholder 1.",
      "act": "go to toiletpaperhanger 1",
      "thought": "I am now in/on: the middle of a room\nCritical objects I have found:\nNone\nObjects I have taken:\nNone\nTo solve the task, I need to find and take a toiletpaper, then put it in the toilet. First, I need to find a toiletpaper. A toiletpaper is most likely to be found on or near the toiletpaperhanger. I will start by checking toiletpaperhanger 1."
    },
    {
      "obs": "You arrive at loc 14. On the toiletpaperhanger 1, you see nothing.",
      "act": "go to toilet 1",
      "thought": "I am now in/on: toiletpaperhanger 1\nCritical objects I have found:\nNone\nObjects I have taken:\nNone\nThere is no toiletpaper on the toiletpaperhanger 1. Next, I need to check the toilet 1, as sometimes toiletpaper might be placed on or near the toilet itself."
    },
    {
      "obs": "You arrive at loc 11. On the toilet 1, you see a candle 2, a candle 3, a spraybottle 2, and a spraybottle 3.",
      "act": "go to garbagecan 1",
      "thought": "I am now in/on: toilet 1\nCritical objects I have found:\nNone\nObjects I have taken:\nNone\nThere is no toiletpaper on the toilet 1. Next, I need to check the garbagecan 1, as sometimes toiletpaper might be discarded or placed near the garbagecan."
    },
    {
      "obs": "You arrive at loc 13. On the garbagecan 1, you see a toiletpaper 2.",
      "act": "take toiletpaper 2 from garbagecan 1",
      "thought": "I am now in/on: garbagecan 1\nCritical objects I have found:\ntoiletpaper 2 (garbagecan 1)\nObjects I have taken:\nNone\nNow I have found a toiletpaper (2) in the garbagecan 1. Next, I need to take it."
    },
    {
      "obs": "You pick up the toiletpaper 2 from the garbagecan 1.",
      "act": "go to toilet 1",
      "thought": "I am now in/on: garbagecan 1\nCritical objects I have found:\ntoiletpaper 2 (garbagecan 1)\nObjects I have taken:\ntoiletpaper 2\nNow I have taken the toiletpaper (2). Next, I need to go to the toilet 1 to put it in."
    },
    {
      "obs": "You pick up the toiletpaper 2 from the garbagecan 1.",
      "act": "put toiletpaper 2 in/on toilet 1",
      "thought": "I am now in/on: garbagecan 1\nCritical objects I have found:\ntoiletpaper 2 (garbagecan 1)\nObjects I have taken:\ntoiletpaper 2\nNow I have taken the toiletpaper (2). Next, I need to put it in/on the toilet 1."
    },
    {
      "obs": "You put the toiletpaper 2 in/on the toilet 1.",
      "act": "go to toiletpaperhanger 1"
    }
  ]
}