{
  "task": "put some keychain on desk.",
  "traj": [
    {
      "obs": "You are in the middle of a room. Looking quickly around you, you see a bed 1, a bed 2, a desk 1, a drawer 1, a drawer 2, a drawer 3, a garbagecan 1, a laundryhamper 1, and a shelf 1.",
      "act": "go to shelf 1",
      "thought": "I am now in/on: the middle of a room\nCritical objects I have found:\nNone\nObjects I have taken:\nNone\nTo solve the task, I need to find and take a keychain, then put it on the desk. First, I need to find a keychain. A keychain is more likely to appear in drawers (1-3), on a shelf (1), or possibly in a garbagecan (1). I will check one by one, starting with shelf 1."
    },
    {
      "obs": "You arrive at loc 4. On the shelf 1, you see a book 3, a desklamp 1, a keychain 2, a keychain 3, a pen 1, and a statue 1.",
      "act": "take keychain 3 from shelf 1",
      "thought": "I am now in/on: shelf 1\nCritical objects I have found:\nkeychain 3 (shelf 1)\nObjects I have taken:\nNone\nI have found keychains on shelf 1. Next, I need to take one of them."
    },
    {
      "obs": "You pick up the keychain 3 from the shelf 1.",
      "act": "go to desk 1",
      "thought": "I am now in/on: shelf 1\nCritical objects I have found:\nkeychain 3 (shelf 1)\nObjects I have taken:\nkeychain 3\nNow I have taken keychain 3. Next, I need to go to the desk and put it on there."
    },
    {
      "obs": "You arrive at loc 1. On the desk 1, you see a alarmclock 1, a alarmclock 2, a book 1, a bowl 1, a bowl 2, a cd 1, a cd 2, a cd 3, a creditcard 1, a creditcard 2, a mug 1, a mug 2, a pen 2, a pencil 2, and a statue 2.",
      "act": "put keychain 3 in/on desk 1",
      "thought": "I am now in/on: desk 1\nCritical objects I have found:\nkeychain 3 (shelf 1)\nObjects I have taken:\nkeychain 3\nNow I am at the desk 1. Next, I need to put the keychain 3 on it."
    },
    {
      "obs": "You put the keychain 3 in/on the desk 1.",
      "act": "go to shelf 1"
    }
  ]
}