{
  "task": "put some candle on toilet.",
  "traj": [
    {
      "obs": "You are in the middle of a room. Looking quickly around you, you see a bathtubbasin 1, a cabinet 1, a cabinet 2, a cabinet 3, a cabinet 4, a countertop 1, a drawer 1, a drawer 2, a drawer 3, a drawer 4, a dresser 1, a garbagecan 1, a handtowelholder 1, a sinkbasin 1, a sinkbasin 2, a toilet 1, a toiletpaperhanger 1, and a towelholder 1.",
      "act": "go to cabinet 1",
      "thought": "I am now in/on: the middle of a room\nCritical objects I have found:\nNone\nObjects I have taken:\nNone\nTo solve the task, I need to find and take a candle, then put it on the toilet. First, I need to find a candle. A candle is more likely to appear in cabinets (1-4), drawers (1-4), or on the countertop (1). I will check one by one, starting with cabinet 1."
    },
    {
      "obs": "You arrive at loc 11. The cabinet 1 is closed.",
      "act": "open cabinet 1",
      "thought": "I am now in/on: cabinet 1\nCritical objects I have found:\nNone\nObjects I have taken:\nNone\nTo see objects in cabinet 1, I have to open it first."
    },
    {
      "obs": "You open the cabinet 1. The cabinet 1 is open. In it, you see a candle 3.",
      "act": "take candle 3 from cabinet 1",
      "thought": "I am now in/on: cabinet 1\nCritical objects I have found:\ncandle 3 (cabinet 1)\nObjects I have taken:\nNone\nNow I find a candle (3). Next, I need to take it."
    },
    {
      "obs": "You pick up the candle 3 from the cabinet 1.",
      "act": "go to toilet 1",
      "thought": "I am now in/on: cabinet 1\nCritical objects I have found:\ncandle 3 (cabinet 1)\nObjects I have taken:\ncandle 3\nNow I have taken a candle (3). Next, I need to go to and put it on the toilet 1."
    },
    {
      "obs": "You arrive at loc 16. On the toilet 1, you see a spraybottle 2.",
      "act": "put candle 3 in/on toilet 1",
      "thought": "I am now in/on: toilet 1\nCritical objects I have found:\ncandle 3 (cabinet 1)\nObjects I have taken:\ncandle 3\nNow I am at the toilet 1. Next, I need to put the candle 3 on it."
    },
    {
      "obs": "You put the candle 3 in/on the toilet 1.",
      "act": "go to cabinet 1"
    }
  ]
}