{
  "task": "put a toiletpaper in toiletpaperhanger.",
  "traj": [
    {
      "obs": "You are in the middle of a room. Looking quickly around you, you see a bathtubbasin 1, a cabinet 1, a cabinet 2, a cabinet 3, a cabinet 4, a countertop 1, a garbagecan 1, a handtowelholder 1, a sinkbasin 1, a sinkbasin 2, a toilet 1, a toiletpaperhanger 1, and a towelholder 1.",
      "act": "go to cabinet 4",
      "thought": "I am now in/on: the middle of a room\nCritical objects I have found:\nNone\nObjects I have taken:\nNone\nTo solve the task, I need to find and take a toiletpaper, then put it in the toiletpaperhanger. First, I need to find a toiletpaper. A toiletpaper is more likely to appear in cabinets (1-4), countertop (1), or possibly near the toilet (1) or sinkbasins (1-2). I will check the cabinets first, starting with cabinet 4."
    },
    {
      "obs": "You arrive at loc 9. The cabinet 4 is closed.",
      "act": "open cabinet 4",
      "thought": "I am now in/on: cabinet 4\nCritical objects I have found:\nNone\nObjects I have taken:\nNone\nTo see objects in cabinet 4, I have to open it first."
    },
    {
      "obs": "You open the cabinet 4. The cabinet 4 is open. In it, you see a soapbottle 2.",
      "act": "go to countertop 1",
      "thought": "I am now in/on: cabinet 4\nCritical objects I have found:\nNone\nObjects I have taken:\nNone\nIn cabinet 4, there is no toiletpaper. Next, I need to check countertop 1."
    },
    {
      "obs": "You arrive at loc 4. On the countertop 1, you see a mirror 1.",
      "act": "go to cabinet 2",
      "thought": "I am now in/on: countertop 1\nCritical objects I have found:\nNone\nObjects I have taken:\nNone\nOn countertop 1, there is no toiletpaper. Next, I need to check cabinet 2."
    },
    {
      "obs": "You arrive at loc 10. The cabinet 2 is closed.",
      "act": "open cabinet 2",
      "thought": "I am now in/on: cabinet 2\nCritical objects I have found:\nNone\nObjects I have taken:\nNone\nTo see objects in cabinet 2, I have to open it first."
    },
    {
      "obs": "You open the cabinet 2. The cabinet 2 is open. In it, you see a candle 3.",
      "act": "go to cabinet 1",
      "thought": "I am now in/on: cabinet 2\nCritical objects I have found:\nNone\nObjects I have taken:\nNone\nIn cabinet 2, there is no toiletpaper. Next, I need to check cabinet 1."
    },
    {
      "obs": "You arrive at loc 8. The cabinet 1 is closed.",
      "act": "open cabinet 1",
      "thought": "I am now in/on: cabinet 1\nCritical objects I have found:\nNone\nObjects I have taken:\nNone\nTo see objects in cabinet 1, I have to open it first."
    },
    {
      "obs": "You open the cabinet 1. The cabinet 1 is open. In it, you see a spraybottle 1, a spraybottle 2, and a spraybottle 3.",
      "act": "go to garbagecan 1",
      "thought": "I am now in/on: cabinet 1\nCritical objects I have found:\nNone\nObjects I have taken:\nNone\nIn cabinet 1, there is no toiletpaper. Next, I need to check the garbagecan 1."
    },
    {
      "obs": "You arrive at loc 16. On the garbagecan 1, you see a toiletpaper 1.",
      "act": "take toiletpaper 1 from garbagecan 1",
      "thought": "I am now in/on: garbagecan 1\nCritical objects I have found:\ntoiletpaper 1 (garbagecan 1)\nObjects I have taken:\nNone\nNow I find a toiletpaper (1). Next, I need to take it."
    },
    {
      "obs": "You pick up the toiletpaper 1 from the garbagecan 1.",
      "act": "go to toiletpaperhanger 1",
      "thought": "I am now in/on: garbagecan 1\nCritical objects I have found:\ntoiletpaper 1 (garbagecan 1)\nObjects I have taken:\ntoiletpaper 1\nNow I have taken the toiletpaper (1). Next, I need to go to and put it in the toiletpaperhanger 1."
    },
    {
      "obs": "You arrive at loc 11. On the toiletpaperhanger 1, you see nothing.",
      "act": "put toiletpaper 1 in/on toiletpaperhanger 1",
      "thought": "I am now in/on: toiletpaperhanger 1\nCritical objects I have found:\ntoiletpaper 1 (garbagecan 1)\nObjects I have taken:\ntoiletpaper 1\nNow I am at the toiletpaperhanger 1. Next, I need to put the toiletpaper 1 in/on it."
    },
    {
      "obs": "You put the toiletpaper 1 in/on the toiletpaperhanger 1.",
      "act": "go to cabinet 4"
    }
  ]
}