{
  "task": "put some book on sidetable.",
  "traj": [
    {
      "obs": "You are in the middle of a room. Looking quickly around you, you see a bed 1, a diningtable 1, a drawer 1, a drawer 2, a drawer 3, a drawer 4, a garbagecan 1, a sidetable 1, and a sidetable 2.",
      "act": "go to sidetable 2",
      "thought": "I am now in/on: the middle of a room\nCritical objects I have found:\nNone\nObjects I have taken:\nNone\nTo solve the task, I need to find and take a book, then put it on a sidetable. First, I need to find a book. A book is more likely to appear in drawers (1-4), sidetables (1-2), or on the diningtable (1). I can check one by one, starting with sidetable 2 since it's also the target location for placing the book."
    },
    {
      "obs": "You arrive at loc 2. On the sidetable 2, you see a creditcard 2, a keychain 1, a pen 2, and a pen 3.",
      "act": "go to diningtable 1",
      "thought": "I am now in/on: sidetable 2\nCritical objects I have found:\nNone\nObjects I have taken:\nNone\nOn sidetable 2, there is no book. Next, I need to check diningtable 1."
    },
    {
      "obs": "You arrive at loc 7. On the diningtable 1, you see a alarmclock 1, a book 2, a cd 1, a laptop 1, a mug 1, a pen 1, a pencil 1, and a pencil 2.",
      "act": "take book 2 from diningtable 1",
      "thought": "I am now in/on: diningtable 1\nCritical objects I have found:\nbook 2 (diningtable 1)\nObjects I have taken:\nNone\nNow I find a book (2) on diningtable 1. Next, I need to take it."
    },
    {
      "obs": "You pick up the book 2 from the diningtable 1.",
      "act": "go to sidetable 2",
      "thought": "I am now in/on: diningtable 1\nCritical objects I have found:\nbook 2 (diningtable 1)\nObjects I have taken:\nbook 2\nNow I have taken the book (2). Next, I need to go to sidetable 2 to put the book on it."
    },
    {
      "obs": "You pick up the book 2 from the diningtable 1.",
      "act": "put book 2 in/on sidetable 2",
      "thought": "I am now in/on: diningtable 1\nCritical objects I have found:\nbook 2 (diningtable 1)\nObjects I have taken:\nbook 2\nNow I have taken the book (2). Next, I need to put the book on sidetable 2."
    },
    {
      "obs": "You put the book 2 in/on the sidetable 2.",
      "act": "go to diningtable 1"
    }
  ]
}