{
  "task": "put some remotecontrol on armchair.",
  "traj": [
    {
      "obs": "You are in the middle of a room. Looking quickly around you, you see a armchair 1, a armchair 2, a cabinet 1, a cabinet 2, a cabinet 3, a cabinet 4, a cabinet 5, a cabinet 6, a cabinet 7, a cabinet 8, a coffeetable 1, a coffeetable 2, a diningtable 1, a drawer 1, a drawer 2, a drawer 3, a drawer 4, a drawer 5, a drawer 6, a drawer 7, a garbagecan 1, a shelf 1, a shelf 10, a shelf 11, a shelf 12, a shelf 13, a shelf 2, a shelf 3, a shelf 4, a shelf 5, a shelf 6, a shelf 7, a shelf 8, a shelf 9, and a sofa 1.",
      "act": "go to shelf 5",
      "thought": "I am now in/on: the middle of a room\nCritical objects I have found:\nNone\nObjects I have taken:\nNone\nTo solve the task, I need to find and take a remote control, then put it on an armchair. First, I need to find a remote control. A remote control is more likely to appear on shelves, coffeetables, or in drawers. I can check one by one, starting with shelf 5."
    },
    {
      "obs": "You arrive at loc 34. On the shelf 5, you see a vase 3.",
      "act": "go to sofa 1",
      "thought": "I am now in/on: shelf 5\nCritical objects I have found:\nNone\nObjects I have taken:\nNone\nOn shelf 5, there is no remote control. Next, I need to check the sofa 1, as remote controls are often found near where people sit."
    },
    {
      "obs": "You arrive at loc 45. On the sofa 1, you see a keychain 2, and a remotecontrol 2.",
      "act": "take remotecontrol 2 from sofa 1",
      "thought": "I am now in/on: sofa 1\nCritical objects I have found:\nremotecontrol 2 (sofa 1)\nObjects I have taken:\nNone\nNow I find a remote control (2). Next, I need to take it."
    },
    {
      "obs": "You pick up the remotecontrol 2 from the sofa 1.",
      "act": "go to armchair 2",
      "thought": "I am now in/on: sofa 1\nCritical objects I have found:\nremotecontrol 2 (sofa 1)\nObjects I have taken:\nremotecontrol 2\nNow I have taken the remote control (2). Next, I need to go to an armchair and put it on there. I will go to armchair 2."
    },
    {
      "obs": "You arrive at loc 3. On the armchair 2, you see nothing.",
      "act": "put remotecontrol 2 in/on armchair 2",
      "thought": "I am now in/on: armchair 2\nCritical objects I have found:\nremotecontrol 2 (sofa 1)\nObjects I have taken:\nremotecontrol 2\nNow I am at armchair 2. Next, I need to put the remote control 2 on it."
    },
    {
      "obs": "You put the remotecontrol 2 in/on the armchair 2.",
      "act": "go to shelf 5"
    }
  ]
}