{
  "task": "put some pencil on desk.",
  "traj": [
    {
      "obs": "You are in the middle of a room. Looking quickly around you, you see a bed 1, a desk 1, a drawer 1, a drawer 2, a drawer 3, a garbagecan 1, a laundryhamper 1, a shelf 1, a shelf 2, and a sidetable 1.",
      "act": "go to sidetable 1",
      "thought": "I am now in/on: the middle of a room\nCritical objects I have found:\nNone\nObjects I have taken:\nNone\nTo solve the task, I need to find and take a pencil, then put it on the desk. First, I need to find a pencil. A pencil is more likely to appear in desk (1), drawers (1-3), sidetable (1), or shelf (1-2). I can check one by one, starting with sidetable 1."
    },
    {
      "obs": "You arrive at loc 21. On the sidetable 1, you see a alarmclock 1, a alarmclock 2, a cd 2, a desklamp 1, a pencil 1, and a pencil 2.",
      "act": "take pencil 1 from sidetable 1",
      "thought": "I am now in/on: sidetable 1\nCritical objects I have found:\npencil 1 (sidetable 1)\nObjects I have taken:\nNone\nI have found pencils on the sidetable 1. Next, I need to take one of them."
    },
    {
      "obs": "You pick up the pencil 1 from the sidetable 1.",
      "act": "go to desk 1",
      "thought": "I am now in/on: sidetable 1\nCritical objects I have found:\npencil 1 (sidetable 1)\nObjects I have taken:\npencil 1\nNow I have taken a pencil (1). Next, I need to go to and put it on desk 1."
    },
    {
      "obs": "You arrive at loc 1. On the desk 1, you see a alarmclock 3, a bowl 1, a cellphone 1, a laptop 1, a pen 2, a pen 3, and a remotecontrol 1.",
      "act": "put pencil 1 in/on desk 1",
      "thought": "I am now in/on: desk 1\nCritical objects I have found:\npencil 1 (sidetable 1)\nObjects I have taken:\npencil 1\nNow I am at the desk 1. Next, I need to put the pencil 1 on it."
    },
    {
      "obs": "You put the pencil 1 in/on the desk 1.",
      "act": "go to sidetable 1"
    }
  ]
}