{
  "task": "put a cellphone in shelf.",
  "traj": [
    {
      "obs": "You are in the middle of a room. Looking quickly around you, you see a bed 1, a desk 1, a drawer 1, a drawer 2, a drawer 3, a drawer 4, a drawer 5, a drawer 6, a garbagecan 1, a shelf 1, a shelf 2, and a sidetable 1.",
      "act": "go to desk 1",
      "thought": "I am now in/on: the middle of a room\nCritical objects I have found:\nNone\nObjects I have taken:\nNone\nTo solve the task, I need to find and take a cellphone, then put it in a shelf. First, I need to find a cellphone. A cellphone is more likely to appear on a desk, in drawers, or on a sidetable. I will start by checking the desk 1."
    },
    {
      "obs": "You arrive at loc 9. On the desk 1, you see a cellphone 1, a cellphone 2, a laptop 1, a mug 2, a pencil 2, a tissuebox 1, and a tissuebox 2.",
      "act": "take cellphone 1 from desk 1",
      "thought": "I am now in/on: desk 1\nCritical objects I have found:\ncellphone 1 (desk 1)\nObjects I have taken:\nNone\nI have found a cellphone (1) on the desk 1. Next, I need to take it."
    },
    {
      "obs": "You pick up the cellphone 1 from the desk 1.",
      "act": "go to shelf 1",
      "thought": "I am now in/on: desk 1\nCritical objects I have found:\ncellphone 1 (desk 1)\nObjects I have taken:\ncellphone 1\nNow I have taken the cellphone (1). Next, I need to go to and put it in a shelf. I will start by checking shelf 1."
    },
    {
      "obs": "You arrive at loc 20. On the shelf 1, you see a box 1, a houseplant 1, a mug 1, and a pencil 3.",
      "act": "put cellphone 1 in/on shelf 1",
      "thought": "I am now in/on: shelf 1\nCritical objects I have found:\ncellphone 1 (desk 1)\nObjects I have taken:\ncellphone 1\nNow I am at shelf 1. Next, I need to put the cellphone 1 in/on it."
    },
    {
      "obs": "You put the cellphone 1 in/on the shelf 1.",
      "act": "go to desk 1"
    }
  ]
}