{
  "task": "put some remotecontrol on armchair.",
  "traj": [
    {
      "obs": "You are in the middle of a room. Looking quickly around you, you see a armchair 1, a armchair 2, a coffeetable 1, a coffeetable 2, a garbagecan 1, a shelf 1, a shelf 2, a shelf 3, a shelf 4, a shelf 5, a shelf 6, a shelf 7, a shelf 8, a sofa 1, and a tvstand 1.",
      "act": "go to shelf 3",
      "thought": "I am now in/on: the middle of a room\nCritical objects I have found:\nNone\nObjects I have taken:\nNone\nTo solve the task, I need to find and take a remote control, then put it on an armchair. First, I need to find a remote control. A remote control is more likely to appear on shelves (1-8), coffeetables (1-2), or a tvstand (1). I can check one by one, starting with shelf 3."
    },
    {
      "obs": "You arrive at loc 12. On the shelf 3, you see nothing.",
      "act": "go to coffeetable 2",
      "thought": "I am now in/on: shelf 3\nCritical objects I have found:\nNone\nObjects I have taken:\nNone\nOn shelf 3, there is no remote control. Next, I need to check coffeetable 2."
    },
    {
      "obs": "You arrive at loc 11. On the coffeetable 2, you see a box 1, a keychain 1, and a laptop 1.",
      "act": "go to shelf 5",
      "thought": "I am now in/on: coffeetable 2\nCritical objects I have found:\nNone\nObjects I have taken:\nNone\nOn coffeetable 2, there is no remote control. Next, I need to check shelf 5."
    },
    {
      "obs": "You arrive at loc 16. On the shelf 5, you see a watch 1.",
      "act": "go to armchair 1",
      "thought": "I am now in/on: shelf 5\nCritical objects I have found:\nNone\nObjects I have taken:\nNone\nOn shelf 5, there is no remote control. Next, I need to check armchair 1, as it's possible the remote control is already there."
    },
    {
      "obs": "You arrive at loc 15. On the armchair 1, you see nothing.",
      "act": "go to shelf 6",
      "thought": "I am now in/on: armchair 1\nCritical objects I have found:\nNone\nObjects I have taken:\nNone\nOn armchair 1, there is no remote control. Next, I need to check shelf 6."
    },
    {
      "obs": "You arrive at loc 16. On the shelf 6, you see nothing.",
      "act": "go to armchair 2",
      "thought": "I am now in/on: shelf 6\nCritical objects I have found:\nNone\nObjects I have taken:\nNone\nOn shelf 6, there is no remote control. Next, I need to check armchair 2, as it's possible the remote control is already there."
    },
    {
      "obs": "You arrive at loc 5. On the armchair 2, you see a creditcard 1.",
      "act": "go to shelf 7",
      "thought": "I am now in/on: armchair 2\nCritical objects I have found:\nNone\nObjects I have taken:\nNone\nOn armchair 2, there is no remote control. Next, I need to check shelf 7."
    },
    {
      "obs": "You arrive at loc 7. On the shelf 7, you see a vase 2.",
      "act": "go to shelf 4",
      "thought": "I am now in/on: shelf 7\nCritical objects I have found:\nNone\nObjects I have taken:\nNone\nOn shelf 7, there is no remote control. Next, I need to check shelf 4."
    },
    {
      "obs": "You arrive at loc 17. On the shelf 4, you see nothing.",
      "act": "go to sofa 1",
      "thought": "I am now in/on: shelf 4\nCritical objects I have found:\nNone\nObjects I have taken:\nNone\nOn shelf 4, there is no remote control. Next, I need to check sofa 1, as it's possible the remote control is nearby."
    },
    {
      "obs": "You arrive at loc 3. On the sofa 1, you see a pillow 1, a pillow 2, a remotecontrol 1, and a remotecontrol 2.",
      "act": "take remotecontrol 2 from sofa 1",
      "thought": "I am now in/on: sofa 1\nCritical objects I have found:\nremotecontrol 2 (sofa 1)\nObjects I have taken:\nNone\nNow I find a remote control (2). Next, I need to take it."
    },
    {
      "obs": "You pick up the remotecontrol 2 from the sofa 1.",
      "act": "go to armchair 2",
      "thought": "I am now in/on: sofa 1\nCritical objects I have found:\nremotecontrol 2 (sofa 1)\nObjects I have taken:\nremotecontrol 2\nNow I have taken remote control 2. Next, I need to go to and put it on armchair 2."
    },
    {
      "obs": "You pick up the remotecontrol 2 from the sofa 1.",
      "act": "put remotecontrol 2 in/on armchair 2",
      "thought": "I am now in/on: sofa 1\nCritical objects I have found:\nremotecontrol 2 (sofa 1)\nObjects I have taken:\nremotecontrol 2\n\nI have taken remote control 2 from the sofa 1. My next action is to put it on armchair 2."
    },
    {
      "obs": "You put the remotecontrol 2 in/on the armchair 2.",
      "act": "go to shelf 3"
    }
  ]
}