{
  "task": "put some cd on shelf.",
  "traj": [
    {
      "obs": "You are in the middle of a room. Looking quickly around you, you see a bed 1, a bed 2, a diningtable 1, a drawer 1, a drawer 2, a garbagecan 1, a shelf 1, a shelf 10, a shelf 11, a shelf 12, a shelf 13, a shelf 14, a shelf 2, a shelf 3, a shelf 4, a shelf 5, a shelf 6, a shelf 7, a shelf 8, a shelf 9, and a sidetable 1.",
      "act": "go to shelf 5",
      "thought": "I am now in/on: the middle of a room\nCritical objects I have found:\nNone\nObjects I have taken:\nNone\nTo solve the task, I need to find and take a CD, then put it on a shelf. First, I need to find a CD. A CD is more likely to appear on shelves, in drawers, or on sidetables. I will start by checking shelf 5."
    },
    {
      "obs": "You arrive at loc 29. On the shelf 5, you see a mug 1.",
      "act": "go to shelf 1",
      "thought": "I am now in/on: shelf 5\nCritical objects I have found:\nNone\nObjects I have taken:\nNone\nOn shelf 5, there is no CD. Next, I need to check shelf 1."
    },
    {
      "obs": "You arrive at loc 16. On the shelf 1, you see nothing.",
      "act": "go to shelf 6",
      "thought": "I am now in/on: shelf 1\nCritical objects I have found:\nNone\nObjects I have taken:\nNone\nOn shelf 1, there is no CD. Next, I need to check shelf 6."
    },
    {
      "obs": "You arrive at loc 31. On the shelf 6, you see nothing.",
      "act": "go to shelf 14",
      "thought": "I am now in/on: shelf 6\nCritical objects I have found:\nNone\nObjects I have taken:\nNone\nOn shelf 6, there is no CD. Next, I need to check shelf 14."
    },
    {
      "obs": "You arrive at loc 10. On the shelf 14, you see nothing.",
      "act": "go to shelf 3",
      "thought": "I am now in/on: shelf 14\nCritical objects I have found:\nNone\nObjects I have taken:\nNone\nOn shelf 14, there is no CD. Next, I need to check shelf 3."
    },
    {
      "obs": "You arrive at loc 32. On the shelf 3, you see a bowl 2.",
      "act": "go to shelf 8",
      "thought": "I am now in/on: shelf 3\nCritical objects I have found:\nNone\nObjects I have taken:\nNone\nOn shelf 3, there is no CD. Next, I need to check shelf 8."
    },
    {
      "obs": "You arrive at loc 28. On the shelf 8, you see nothing.",
      "act": "go to diningtable 1",
      "thought": "I am now in/on: shelf 8\nCritical objects I have found:\nNone\nObjects I have taken:\nNone\nOn shelf 8, there is no CD. Next, I need to check diningtable 1."
    },
    {
      "obs": "You arrive at loc 22. On the diningtable 1, you see a alarmclock 1, a alarmclock 2, a book 1, a bowl 1, a cd 1, a cellphone 1, a creditcard 1, a creditcard 2, and a watch 1.",
      "act": "take cd 1 from diningtable 1",
      "thought": "I am now in/on: diningtable 1\nCritical objects I have found:\ncd 1 (diningtable 1)\nObjects I have taken:\nNone\nI have found a CD on diningtable 1. Next, I need to take it."
    },
    {
      "obs": "You pick up the cd 1 from the diningtable 1.",
      "act": "go to shelf 5",
      "thought": "I am now in/on: diningtable 1\nCritical objects I have found:\ncd 1 (diningtable 1)\nObjects I have taken:\ncd 1\nNow that I have the CD, I need to put it on a shelf. I will go to shelf 5 to place the CD there."
    },
    {
      "obs": "You arrive at loc 29. On the shelf 5, you see a mug 1.",
      "act": "put cd 1 in/on shelf 5",
      "thought": "I am now in/on: shelf 5\nCritical objects I have found:\ncd 1 (diningtable 1)\nObjects I have taken:\ncd 1\nI am at shelf 5 and I have the CD. Now I need to put the CD on the shelf."
    },
    {
      "obs": "You put the cd 1 in/on the shelf 5.",
      "act": "go to shelf 1"
    }
  ]
}