{
  "task": "put some soapbottle on toilet.",
  "traj": [
    {
      "obs": "You are in the middle of a room. Looking quickly around you, you see a cabinet 1, a cabinet 2, a cabinet 3, a cabinet 4, a countertop 1, a garbagecan 1, a handtowelholder 1, a handtowelholder 2, a sinkbasin 1, a sinkbasin 2, a toilet 1, a toiletpaperhanger 1, and a towelholder 1.",
      "act": "go to garbagecan 1",
      "thought": "I am now in/on: the middle of a room\nCritical objects I have found:\nNone\nObjects I have taken:\nNone\nTo solve the task, I need to find and take a soapbottle, then put it on the toilet. First, I need to find a soapbottle. A soapbottle is more likely to appear in cabinets (1-4), countertop (1), or sinkbasin (1-2). I will start by checking the garbagecan 1, although it's less likely to find a soapbottle there, it's still possible."
    },
    {
      "obs": "You arrive at loc 9. On the garbagecan 1, you see a soapbottle 1.",
      "act": "take soapbottle 1 from garbagecan 1",
      "thought": "I am now in/on: garbagecan 1\nCritical objects I have found:\nsoapbottle 1 (garbagecan 1)\nObjects I have taken:\nNone\nI have found a soapbottle (1) in the garbagecan 1. Next, I need to take it."
    },
    {
      "obs": "You pick up the soapbottle 1 from the garbagecan 1.",
      "act": "go to toilet 1",
      "thought": "I am now in/on: garbagecan 1\nCritical objects I have found:\nsoapbottle 1 (garbagecan 1)\nObjects I have taken:\nsoapbottle 1\nNow I have taken the soapbottle (1). Next, I need to go to and put it on the toilet 1."
    },
    {
      "obs": "You arrive at loc 6. On the toilet 1, you see a cloth 1.",
      "act": "put soapbottle 1 in/on toilet 1",
      "thought": "I am now in/on: toilet 1\nCritical objects I have found:\nsoapbottle 1 (garbagecan 1)\nObjects I have taken:\nsoapbottle 1\nNow I am at the toilet 1. Next, I need to put the soapbottle 1 on it."
    },
    {
      "obs": "You put the soapbottle 1 in/on the toilet 1.",
      "act": "go to garbagecan 1"
    }
  ]
}