{
  "task": "put some toiletpaper on toilet.",
  "traj": [
    {
      "obs": "You are in the middle of a room. Looking quickly around you, you see a bathtubbasin 1, a drawer 1, a drawer 2, a garbagecan 1, a handtowelholder 1, a sidetable 1, a sinkbasin 1, a toilet 1, a toiletpaperhanger 1, and a towelholder 1.",
      "act": "go to toiletpaperhanger 1",
      "thought": "I am now in/on: the middle of a room\nCritical objects I have found:\nNone\nObjects I have taken:\nNone\nTo solve the task, I need to find and take some toiletpaper, then put it on the toilet. First, I need to find toiletpaper. Toiletpaper is most likely to be found on or near the toiletpaperhanger, in drawers, or in the garbagecan. I will start by checking the toiletpaperhanger 1."
    },
    {
      "obs": "You arrive at loc 15. On the toiletpaperhanger 1, you see a toiletpaper 3.",
      "act": "take toiletpaper 3 from toiletpaperhanger 1",
      "thought": "I am now in/on: toiletpaperhanger 1\nCritical objects I have found:\ntoiletpaper 3 (toiletpaperhanger 1)\nObjects I have taken:\nNone\nI have found some toiletpaper (3) on the toiletpaperhanger 1. Next, I need to take it."
    },
    {
      "obs": "You pick up the toiletpaper 3 from the toiletpaperhanger 1.",
      "act": "go to toilet 1",
      "thought": "I am now in/on: toiletpaperhanger 1\nCritical objects I have found:\ntoiletpaper 3 (toiletpaperhanger 1)\nObjects I have taken:\ntoiletpaper 3\nNow that I have taken the toiletpaper (3), I need to go to the toilet and put it there."
    },
    {
      "obs": "You arrive at loc 12. On the toilet 1, you see a candle 2, a soapbar 3, and a soapbottle 3.",
      "act": "put toiletpaper 3 in/on toilet 1",
      "thought": "I am now in/on: toilet 1\nCritical objects I have found:\ntoiletpaper 3 (toiletpaperhanger 1)\nObjects I have taken:\ntoiletpaper 3\nI am at the toilet 1 with the toiletpaper 3. Now I need to put the toiletpaper 3 on the toilet."
    },
    {
      "obs": "You put the toiletpaper 3 in/on the toilet 1.",
      "act": "go to toiletpaperhanger 1"
    }
  ]
}