{
  "task": "put some remotecontrol on sofa.",
  "traj": [
    {
      "obs": "You are in the middle of a room. Looking quickly around you, you see a armchair 1, a coffeetable 1, a drawer 1, a drawer 2, a drawer 3, a drawer 4, a drawer 5, a drawer 6, a drawer 7, a garbagecan 1, a sidetable 1, a sidetable 2, a sidetable 3, a sofa 1, a sofa 2, and a tvstand 1.",
      "act": "go to sidetable 1",
      "thought": "I am now in/on: the middle of a room\nCritical objects I have found:\nNone\nObjects I have taken:\nNone\nTo solve the task, I need to find and take a remote control, then put it on a sofa. First, I need to find a remote control. A remote control is more likely to appear on sidetables (1-3), coffeetable (1), tvstand (1), or in drawers (1-7). I can check one by one, starting with sidetable 1."
    },
    {
      "obs": "You arrive at loc 10. On the sidetable 1, you see a remotecontrol 1, and a statue 1.",
      "act": "take remotecontrol 1 from sidetable 1",
      "thought": "I am now in/on: sidetable 1\nCritical objects I have found:\nremotecontrol 1 (sidetable 1)\nObjects I have taken:\nNone\nI have found a remote control (1) on sidetable 1. Next, I need to take it."
    },
    {
      "obs": "You pick up the remotecontrol 1 from the sidetable 1.",
      "act": "go to sofa 1",
      "thought": "I am now in/on: sidetable 1\nCritical objects I have found:\nremotecontrol 1 (sidetable 1)\nObjects I have taken:\nremotecontrol 1\nNow that I have the remote control (1), I need to put it on a sofa. I will go to sofa 1 to complete the task."
    },
    {
      "obs": "You arrive at loc 12. On the sofa 1, you see a box 1.",
      "act": "put remotecontrol 1 in/on sofa 1",
      "thought": "I am now in/on: sofa 1\nCritical objects I have found:\nremotecontrol 1 (sidetable 1)\nObjects I have taken:\nremotecontrol 1\nI am at sofa 1 and I have the remote control (1). Now I need to put the remote control on the sofa to complete the task."
    },
    {
      "obs": "You put the remotecontrol 1 in/on the sofa 1.",
      "act": "go to sidetable 1"
    }
  ]
}