{
  "task": "put a bread in microwave.",
  "traj": [
    {
      "obs": "You are in the middle of a room. Looking quickly around you, you see a cabinet 1, a cabinet 10, a cabinet 11, a cabinet 2, a cabinet 3, a cabinet 4, a cabinet 5, a cabinet 6, a cabinet 7, a cabinet 8, a cabinet 9, a coffeemachine 1, a countertop 1, a countertop 2, a diningtable 1, a drawer 1, a drawer 2, a drawer 3, a fridge 1, a garbagecan 1, a microwave 1, a sinkbasin 1, a stoveburner 1, a stoveburner 2, a stoveburner 3, a stoveburner 4, and a toaster 1.",
      "act": "go to countertop 1",
      "thought": "I am now in/on: the middle of a room\nCritical objects I have found:\nNone\nObjects I have taken:\nNone\nTo solve the task, I need to find and take a bread, then put it in the microwave. First, I need to find a bread. Bread is more likely to appear on countertops (1-2), diningtable (1), or inside cabinets (1-11). I will start by checking countertop 1."
    },
    {
      "obs": "You arrive at loc 24. On the countertop 1, you see a bowl 1, a bread 1, a butterknife 2, a cup 1, a dishsponge 2, a fork 2, a pan 1, a plate 1, a soapbottle 2, a spoon 1, and a winebottle 2.",
      "act": "take bread 1 from countertop 1",
      "thought": "I am now in/on: countertop 1\nCritical objects I have found:\nbread 1 (countertop 1)\nObjects I have taken:\nNone\nI have found a bread (1) on countertop 1. Next, I need to take it."
    },
    {
      "obs": "You pick up the bread 1 from the countertop 1.",
      "act": "go to microwave 1",
      "thought": "I am now in/on: countertop 1\nCritical objects I have found:\nbread 1 (countertop 1)\nObjects I have taken:\nbread 1\nNow that I have the bread (1), I need to go to the microwave to put it in. Next, I will move to the microwave 1."
    },
    {
      "obs": "You arrive at loc 32. The microwave 1 is closed.",
      "act": "open microwave 1",
      "thought": "I am now in/on: microwave 1\nCritical objects I have found:\nbread 1 (countertop 1)\nObjects I have taken:\nbread 1\nThe microwave is closed. Before I can put the bread in, I need to open the microwave."
    },
    {
      "obs": "You open the microwave 1. The microwave 1 is open. In it, you see nothing.",
      "act": "put bread 1 in/on microwave 1",
      "thought": "I am now in/on: microwave 1\nCritical objects I have found:\nbread 1 (countertop 1)\nObjects I have taken:\nbread 1\nThe microwave is now open and empty. I can proceed to put the bread (1) in the microwave."
    },
    {
      "obs": "You put the bread 1 in/on the microwave 1.",
      "act": "close microwave 1"
    }
  ]
}