{
  "task": "put some statue on coffeetable.",
  "traj": [
    {
      "obs": "You are in the middle of a room. Looking quickly around you, you see a coffeetable 1, a diningtable 1, a drawer 1, a garbagecan 1, a sidetable 1, a sidetable 2, a sofa 1, and a sofa 2.",
      "act": "go to coffeetable 1",
      "thought": "I am now in/on: the middle of a room\nCritical objects I have found:\nNone\nObjects I have taken:\nNone\nTo solve the task, I need to find and take a statue, then put it on the coffeetable. First, I need to find a statue. A statue is more likely to appear on surfaces like sidetables, diningtables, or coffeetables. I will start by checking the coffeetable since that is also my target location for placing the statue."
    },
    {
      "obs": "You arrive at loc 21. On the coffeetable 1, you see a box 3.",
      "act": "go to diningtable 1",
      "thought": "I am now in/on: coffeetable 1\nCritical objects I have found:\nNone\nObjects I have taken:\nNone\nOn the coffeetable 1, there is no statue. Next, I need to check the diningtable 1 to see if there is a statue there."
    },
    {
      "obs": "You arrive at loc 23. On the diningtable 1, you see a creditcard 2, a laptop 1, a newspaper 1, a newspaper 2, a plate 1, a remotecontrol 2, a remotecontrol 3, a statue 2, and a vase 2.",
      "act": "take statue 2 from diningtable 1",
      "thought": "I am now in/on: diningtable 1\nCritical objects I have found:\nstatue 2 (diningtable 1)\nObjects I have taken:\nNone\nI have found a statue (2) on the diningtable 1. Next, I need to take it."
    },
    {
      "obs": "You pick up the statue 2 from the diningtable 1.",
      "act": "go to coffeetable 1",
      "thought": "I am now in/on: diningtable 1\nCritical objects I have found:\nstatue 2 (diningtable 1)\nObjects I have taken:\nstatue 2\nNow that I have taken the statue (2), I need to go back to the coffeetable 1 to place the statue on it."
    },
    {
      "obs": "You pick up the statue 2 from the diningtable 1.",
      "act": "put statue 2 in/on coffeetable 1",
      "thought": "I am now in/on: diningtable 1\nCritical objects I have found:\nstatue 2 (diningtable 1)\nObjects I have taken:\nstatue 2\nI have the statue (2) and need to put it on the coffeetable 1. I will proceed with that action now."
    },
    {
      "obs": "You put the statue 2 in/on the coffeetable 1.",
      "act": "go to diningtable 1"
    }
  ]
}