{
  "task": "put a spraybottle in garbagecan.",
  "traj": [
    {
      "obs": "You are in the middle of a room. Looking quickly around you, you see a bathtubbasin 1, a countertop 1, a drawer 1, a drawer 2, a drawer 3, a drawer 4, a drawer 5, a drawer 6, a drawer 7, a drawer 8, a garbagecan 1, a handtowelholder 1, a sinkbasin 1, a toilet 1, a toiletpaperhanger 1, a towelholder 1, and a towelholder 2.",
      "act": "go to drawer 8",
      "thought": "I am now in/on: the middle of a room\nCritical objects I have found:\nNone\nObjects I have taken:\nNone\nTo solve the task, I need to find and take a spraybottle, then put it in the garbagecan. First, I need to find a spraybottle. A spraybottle is more likely to appear in drawers (1-8), countertop (1), or sinkbasin (1). I can check one by one, starting with drawer 8."
    },
    {
      "obs": "You arrive at loc 11. The drawer 8 is closed.",
      "act": "open drawer 8",
      "thought": "I am now in/on: drawer 8\nCritical objects I have found:\nNone\nObjects I have taken:\nNone\nTo see objects in drawer 8, I have to open it first."
    },
    {
      "obs": "You open the drawer 8. The drawer 8 is open. In it, you see nothing.",
      "act": "go to garbagecan 1",
      "thought": "I am now in/on: drawer 8\nCritical objects I have found:\nNone\nObjects I have taken:\nNone\nDrawer 8 is empty, so there is no spraybottle here. I need to continue searching for a spraybottle, but I have decided to check the garbagecan 1 next, which might contain a discarded spraybottle."
    },
    {
      "obs": "You arrive at loc 4. On the garbagecan 1, you see nothing.",
      "act": "go to countertop 1",
      "thought": "I am now in/on: garbagecan 1\nCritical objects I have found:\nNone\nObjects I have taken:\nNone\nThe garbagecan 1 is empty, so there is no spraybottle here. I need to continue searching for a spraybottle. Next, I will check the countertop 1."
    },
    {
      "obs": "You arrive at loc 13. On the countertop 1, you see a soapbar 1, a soapbottle 1, a soapbottle 2, a soapbottle 3, a spraybottle 2, a spraybottle 3, and a tissuebox 1.",
      "act": "take spraybottle 3 from countertop 1",
      "thought": "I am now in/on: countertop 1\nCritical objects I have found:\nspraybottle 3 (countertop 1)\nObjects I have taken:\nNone\nI have found a spraybottle (3) on the countertop 1. Next, I need to take it."
    },
    {
      "obs": "You pick up the spraybottle 3 from the countertop 1.",
      "act": "go to garbagecan 1",
      "thought": "I am now in/on: countertop 1\nCritical objects I have found:\nspraybottle 3 (countertop 1)\nObjects I have taken:\nspraybottle 3\nNow I have taken the spraybottle (3). Next, I need to go to and put it in the garbagecan 1."
    },
    {
      "obs": "You pick up the spraybottle 3 from the countertop 1.",
      "act": "put spraybottle 3 in/on garbagecan 1",
      "thought": "I am now in/on: countertop 1\nCritical objects I have found:\nspraybottle 3 (countertop 1)\nObjects I have taken:\nspraybottle 3\n\nNow I have the spraybottle (3) and I am at the countertop 1. I need to go to the garbagecan 1 to complete the task."
    },
    {
      "obs": "You put the spraybottle 3 in/on the garbagecan 1.",
      "act": "go to drawer 8"
    }
  ]
}