{
  "task": "put some spraybottle on cabinet.",
  "traj": [
    {
      "obs": "You are in the middle of a room. Looking quickly around you, you see a bathtubbasin 1, a cabinet 1, a cabinet 2, a cabinet 3, a cabinet 4, a countertop 1, a garbagecan 1, a handtowelholder 1, a shelf 1, a sinkbasin 1, a sinkbasin 2, a toilet 1, a toiletpaperhanger 1, a towelholder 1, and a towelholder 2.",
      "act": "go to garbagecan 1",
      "thought": "I am now in/on: the middle of a room\nCritical objects I have found:\nNone\nObjects I have taken:\nNone\nTo solve the task, I need to find and take a spraybottle, then put it on a cabinet. First, I need to find a spraybottle. A spraybottle is more likely to appear in cabinets (1-4), countertop (1), or sinkbasins (1-2). I will start by checking the garbagecan 1, as it is also a common place for various items to be found."
    },
    {
      "obs": "You arrive at loc 23. On the garbagecan 1, you see a toiletpaper 2.",
      "act": "go to toilet 1",
      "thought": "I am now in/on: garbagecan 1\nCritical objects I have found:\nNone\nObjects I have taken:\nNone\nIn the garbagecan 1, there is no spraybottle. Next, I need to check the toilet 1, as sometimes items can be placed on top of it or around it."
    },
    {
      "obs": "You arrive at loc 18. On the toilet 1, you see a spraybottle 1.",
      "act": "take spraybottle 1 from toilet 1",
      "thought": "I am now in/on: toilet 1\nCritical objects I have found:\nspraybottle 1 (toilet 1)\nObjects I have taken:\nNone\nNow I find a spraybottle (1). Next, I need to take it."
    },
    {
      "obs": "You pick up the spraybottle 1 from the toilet 1.",
      "act": "go to cabinet 3",
      "thought": "I am now in/on: toilet 1\nCritical objects I have found:\nspraybottle 1 (toilet 1)\nObjects I have taken:\nspraybottle 1\nNow I have taken the spraybottle (1). Next, I need to go to one of the cabinets to put it on. I will choose cabinet 3 to start with."
    },
    {
      "obs": "You arrive at loc 9. The cabinet 3 is closed.",
      "act": "open cabinet 3",
      "thought": "I am now in/on: cabinet 3\nCritical objects I have found:\nspraybottle 1 (toilet 1)\nObjects I have taken:\nspraybottle 1\nI am at cabinet 3, but it is closed. I need to open it to put the spraybottle on it."
    },
    {
      "obs": "You open the cabinet 3. The cabinet 3 is open. In it, you see nothing.",
      "act": "put spraybottle 1 in/on cabinet 3",
      "thought": "I am now in/on: cabinet 3\nCritical objects I have found:\nspraybottle 1 (toilet 1)\nObjects I have taken:\nspraybottle 1\nNow that cabinet 3 is open and empty, I can put the spraybottle 1 on it."
    },
    {
      "obs": "You put the spraybottle 1 in/on the cabinet 3.",
      "act": "close cabinet 3"
    }
  ]
}