{
  "task": "put some alarmclock on shelf.",
  "traj": [
    {
      "obs": "You are in the middle of a room. Looking quickly around you, you see a bed 1, a desk 1, a desk 2, a garbagecan 1, a shelf 1, a shelf 2, a shelf 3, a shelf 4, and a shelf 5.",
      "act": "go to shelf 5",
      "thought": "I am now in/on: the middle of a room\nCritical objects I have found:\nNone\nObjects I have taken:\nNone\nTo solve the task, I need to find and take an alarm clock, then put it on a shelf. First, I need to find an alarm clock. An alarm clock is more likely to appear on desks (1-2), shelves (1-5), or possibly in the garbagecan (1). I can check one by one, starting with shelf 5."
    },
    {
      "obs": "You arrive at loc 6. On the shelf 5, you see nothing.",
      "act": "go to desk 1",
      "thought": "I am now in/on: shelf 5\nCritical objects I have found:\nNone\nObjects I have taken:\nNone\nOn shelf 5, there is no alarm clock. Next, I need to check desk 1."
    },
    {
      "obs": "You arrive at loc 12. On the desk 1, you see a alarmclock 1, a alarmclock 2, a cd 1, a creditcard 1, a keychain 1, and a laptop 1.",
      "act": "take alarmclock 2 from desk 1",
      "thought": "I am now in/on: desk 1\nCritical objects I have found:\nalarmclock 2 (desk 1)\nObjects I have taken:\nNone\nNow I find an alarm clock (2). Next, I need to take it."
    },
    {
      "obs": "You pick up the alarmclock 2 from the desk 1.",
      "act": "go to shelf 5",
      "thought": "I am now in/on: desk 1\nCritical objects I have found:\nalarmclock 2 (desk 1)\nObjects I have taken:\nalarmclock 2\nNow I have taken an alarm clock (2). Next, I need to go to and put it on shelf 5."
    },
    {
      "obs": "You pick up the alarmclock 2 from the desk 1.",
      "act": "put alarmclock 2 in/on shelf 5",
      "thought": "I am now in/on: desk 1\nCritical objects I have found:\nalarmclock 2 (desk 1)\nObjects I have taken:\nalarmclock 2\nI have taken the alarm clock (2) from desk 1 and intended to put it on shelf 5, but it seems I have mistakenly repeated the action of picking up the alarm clock. I need to correct this and proceed to shelf 5 to complete the task."
    },
    {
      "obs": "You put the alarmclock 2 in/on the shelf 5.",
      "act": "go to desk 1"
    }
  ]
}