{
  "task": "put a winebottle in diningtable.",
  "traj": [
    {
      "obs": "You are in the middle of a room. Looking quickly around you, you see a cabinet 1, a cabinet 10, a cabinet 11, a cabinet 2, a cabinet 3, a cabinet 4, a cabinet 5, a cabinet 6, a cabinet 7, a cabinet 8, a cabinet 9, a coffeemachine 1, a countertop 1, a countertop 2, a diningtable 1, a drawer 1, a drawer 2, a drawer 3, a fridge 1, a garbagecan 1, a microwave 1, a sinkbasin 1, a stoveburner 1, a stoveburner 2, a stoveburner 3, a stoveburner 4, and a toaster 1.",
      "act": "go to cabinet 9",
      "thought": "I am now in/on: the middle of a room\nCritical objects I have found:\nNone\nObjects I have taken:\nNone\nTo solve the task, I need to find and take a winebottle, then put it on the diningtable. A winebottle is more likely to appear in cabinets (1-11), countertop (1-2), or diningtable (1). I can check one by one, starting with cabinet 9 since it's the highest number and might indicate a bar or storage area for such items."
    },
    {
      "obs": "You arrive at loc 11. The cabinet 9 is closed.",
      "act": "open cabinet 9",
      "thought": "I am now in/on: cabinet 9\nCritical objects I have found:\nNone\nObjects I have taken:\nNone\nTo see objects in cabinet 9, I have to open it first."
    },
    {
      "obs": "You open the cabinet 9. The cabinet 9 is open. In it, you see nothing.",
      "act": "go to countertop 1",
      "thought": "I am now in/on: cabinet 9\nCritical objects I have found:\nNone\nObjects I have taken:\nNone\nCabinet 9 is empty, so I need to continue searching for a winebottle. Next, I will check countertop 1."
    },
    {
      "obs": "You arrive at loc 23. On the countertop 1, you see a apple 1, a butterknife 1, a dishsponge 1, a lettuce 1, a pan 1, a peppershaker 1, a plate 1, a soapbottle 2, and a soapbottle 3.",
      "act": "go to cabinet 10",
      "thought": "I am now in/on: countertop 1\nCritical objects I have found:\nNone\nObjects I have taken:\nNone\nOn countertop 1, there is no winebottle. Next, I need to check cabinet 10."
    },
    {
      "obs": "You arrive at loc 5. On the cabinet 10, you see nothing.",
      "act": "go to cabinet 1",
      "thought": "I am now in/on: cabinet 10\nCritical objects I have found:\nNone\nObjects I have taken:\nNone\nCabinet 10 is empty, so I need to continue searching for a winebottle. Next, I will check cabinet 1."
    },
    {
      "obs": "You arrive at loc 24. On the cabinet 1, you see nothing.",
      "act": "go to cabinet 6",
      "thought": "I am now in/on: cabinet 1\nCritical objects I have found:\nNone\nObjects I have taken:\nNone\nCabinet 1 is empty, so I need to continue searching for a winebottle. Next, I will check cabinet 6."
    },
    {
      "obs": "You arrive at loc 27. On the cabinet 6, you see a kettle 2.",
      "act": "go to garbagecan 1",
      "thought": "I am now in/on: cabinet 6\nCritical objects I have found:\nNone\nObjects I have taken:\nNone\nIn cabinet 6, there is no winebottle. Next, I need to check garbagecan 1, although it's less likely to find a winebottle there, it's still worth checking all possible locations."
    },
    {
      "obs": "You arrive at loc 14. On the garbagecan 1, you see a egg 1, a winebottle 1, and a winebottle 2.",
      "act": "take winebottle 1 from garbagecan 1",
      "thought": "I am now in/on: garbagecan 1\nCritical objects I have found:\nwinebottle 1 (garbagecan 1)\nObjects I have taken:\nNone\nNow I have found a winebottle (1) in the garbagecan 1. Next, I need to take it."
    },
    {
      "obs": "You pick up the winebottle 1 from the garbagecan 1.",
      "act": "go to diningtable 1",
      "thought": "I am now in/on: garbagecan 1\nCritical objects I have found:\nwinebottle 1 (garbagecan 1)\nObjects I have taken:\nwinebottle 1\nNow I have taken the winebottle (1). Next, I need to go to the diningtable 1 to complete the task."
    },
    {
      "obs": "You arrive at loc 16. On the diningtable 1, you see a bread 1, a bread 2, a butterknife 2, a cup 3, a dishsponge 2, a fork 1, a peppershaker 2, a potato 2, a saltshaker 2, and a spoon 1.",
      "act": "put winebottle 1 in/on diningtable 1",
      "thought": "I am now in/on: diningtable 1\nCritical objects I have found:\nwinebottle 1 (garbagecan 1)\nObjects I have taken:\nwinebottle 1\nNow I am at the diningtable 1. Next, I need to put the winebottle 1 in/on it to complete the task."
    },
    {
      "obs": "You put the winebottle 1 in/on the diningtable 1.",
      "act": "go to cabinet 9"
    }
  ]
}