{
  "task": "put some toiletpaper on toiletpaperhanger.",
  "traj": [
    {
      "obs": "You are in the middle of a room. Looking quickly around you, you see a bathtubbasin 1, a cart 1, a garbagecan 1, a handtowelholder 1, a handtowelholder 2, a shelf 1, a shelf 2, a shelf 3, a shelf 4, a sinkbasin 1, a toilet 1, a toiletpaperhanger 1, a towelholder 1, and a towelholder 2.",
      "act": "go to garbagecan 1",
      "thought": "I am now in/on: the middle of a room\nCritical objects I have found:\nNone\nObjects I have taken:\nNone\nTo solve the task, I need to find and take some toiletpaper, then put it on the toiletpaperhanger. First, I need to find toiletpaper. Toiletpaper is more likely to appear in a shelf (1-4), cart (1), or near the toilet (1). I can check one by one, starting with garbagecan 1, although it's less likely to be there."
    },
    {
      "obs": "You arrive at loc 2. On the garbagecan 1, you see nothing.",
      "act": "go to toiletpaperhanger 1",
      "thought": "I am now in/on: garbagecan 1\nCritical objects I have found:\nNone\nObjects I have taken:\nNone\nThere is nothing in the garbagecan 1. Next, I should check the toiletpaperhanger 1 to see if there is already toiletpaper there or nearby."
    },
    {
      "obs": "You arrive at loc 8. On the toiletpaperhanger 1, you see nothing.",
      "act": "go to shelf 4",
      "thought": "I am now in/on: toiletpaperhanger 1\nCritical objects I have found:\nNone\nObjects I have taken:\nNone\nThere is no toiletpaper on the toiletpaperhanger 1. Next, I need to check shelf 4 for toiletpaper."
    },
    {
      "obs": "You arrive at loc 18. On the shelf 4, you see a toiletpaper 2.",
      "act": "take toiletpaper 2 from shelf 4",
      "thought": "I am now in/on: shelf 4\nCritical objects I have found:\ntoiletpaper 2 (shelf 4)\nObjects I have taken:\nNone\nNow I find some toiletpaper (2). Next, I need to take it."
    },
    {
      "obs": "You pick up the toiletpaper 2 from the shelf 4.",
      "act": "go to toiletpaperhanger 1",
      "thought": "I am now in/on: shelf 4\nCritical objects I have found:\ntoiletpaper 2 (shelf 4)\nObjects I have taken:\ntoiletpaper 2\nNow I have taken the toiletpaper (2). Next, I need to go to and put it on the toiletpaperhanger 1."
    },
    {
      "obs": "You pick up the toiletpaper 2 from the shelf 4.",
      "act": "put toiletpaper 2 in/on toiletpaperhanger 1",
      "thought": "I am now in/on: toiletpaperhanger 1\nCritical objects I have found:\ntoiletpaper 2 (shelf 4)\nObjects I have taken:\ntoiletpaper 2\nNow I am at the toiletpaperhanger 1 with the toiletpaper (2). Next, I need to put the toiletpaper on the toiletpaperhanger."
    },
    {
      "obs": "You put the toiletpaper 2 in/on the toiletpaperhanger 1.",
      "act": "go to garbagecan 1"
    }
  ]
}