{
  "task": "put some handtowel on countertop.",
  "traj": [
    {
      "obs": "You are in the middle of a room. Looking quickly around you, you see a countertop 1, a drawer 1, a drawer 2, a drawer 3, a drawer 4, a drawer 5, a drawer 6, a drawer 7, a drawer 8, a garbagecan 1, a handtowelholder 1, a sinkbasin 1, a sinkbasin 2, a toilet 1, a toiletpaperhanger 1, and a towelholder 1.",
      "act": "go to toilet 1",
      "thought": "I am now in/on: the middle of a room\nCritical objects I have found:\nNone\nObjects I have taken:\nNone\nTo solve the task, I need to find and take a handtowel, then put it on the countertop. First, I need to find a handtowel. A handtowel is more likely to appear on a handtowelholder, in a drawer, or possibly in a sinkbasin. I will start by checking the handtowelholder since it's the most obvious place for a handtowel to be."
    },
    {
      "obs": "You arrive at loc 17. On the toilet 1, you see a soapbar 1, and a spraybottle 2.",
      "act": "go to drawer 5",
      "thought": "I am now in/on: toilet 1\nCritical objects I have found:\nNone\nObjects I have taken:\nNone\nOn toilet 1, there is no handtowel. Next, I need to check the drawers, starting with drawer 5 as it's a random choice among the many drawers."
    },
    {
      "obs": "You arrive at loc 5. The drawer 5 is closed.",
      "act": "open drawer 5",
      "thought": "I am now in/on: drawer 5\nCritical objects I have found:\nNone\nObjects I have taken:\nNone\nTo see objects in drawer 5, I have to open it first."
    },
    {
      "obs": "You open the drawer 5. The drawer 5 is open. In it, you see a cloth 1.",
      "act": "go to handtowelholder 1",
      "thought": "I am now in/on: drawer 5\nCritical objects I have found:\nNone\nObjects I have taken:\nNone\nIn drawer 5, there is no handtowel. Next, I need to check the handtowelholder 1, as it is a likely place to find a handtowel."
    },
    {
      "obs": "You arrive at loc 16. On the handtowelholder 1, you see a handtowel 1.",
      "act": "take handtowel 1 from handtowelholder 1",
      "thought": "I am now in/on: handtowelholder 1\nCritical objects I have found:\nhandtowel 1 (handtowelholder 1)\nObjects I have taken:\nNone\nNow I find a handtowel (1). Next, I need to take it."
    },
    {
      "obs": "You pick up the handtowel 1 from the handtowelholder 1.",
      "act": "go to countertop 1",
      "thought": "I am now in/on: handtowelholder 1\nCritical objects I have found:\nhandtowel 1 (handtowelholder 1)\nObjects I have taken:\nhandtowel 1\nNow I have taken the handtowel (1). Next, I need to go to the countertop 1 to put it there."
    },
    {
      "obs": "You arrive at loc 14. On the countertop 1, you see a candle 1, a dishsponge 1, a soapbottle 2, a spraybottle 1, and a toiletpaper 2.",
      "act": "put handtowel 1 in/on countertop 1",
      "thought": "I am now in/on: countertop 1\nCritical objects I have found:\nhandtowel 1 (handtowelholder 1)\nObjects I have taken:\nhandtowel 1\nNow I am at the countertop 1. Next, I need to put the handtowel 1 in/on it."
    },
    {
      "obs": "You put the handtowel 1 in/on the countertop 1.",
      "act": "go to toilet 1"
    }
  ]
}