{
  "task": "put some keychain on dresser.",
  "traj": [
    {
      "obs": "You are in the middle of a room. Looking quickly around you, you see a bed 1, a drawer 1, a drawer 10, a drawer 11, a drawer 2, a drawer 3, a drawer 4, a drawer 5, a drawer 6, a drawer 7, a drawer 8, a drawer 9, a dresser 1, a garbagecan 1, a laundryhamper 1, a safe 1, and a sidetable 1.",
      "act": "go to drawer 7",
      "thought": "I am now in/on: the middle of a room\nCritical objects I have found:\nNone\nObjects I have taken:\nNone\nTo solve the task, I need to find and take a keychain, then put it on the dresser. First, I need to find a keychain. A keychain is more likely to appear in drawers (1-11), sidetable (1), or perhaps in the garbagecan (1). I can check one by one, starting with drawer 7."
    },
    {
      "obs": "You arrive at loc 12. The drawer 7 is closed.",
      "act": "open drawer 7",
      "thought": "I am now in/on: drawer 7\nCritical objects I have found:\nNone\nObjects I have taken:\nNone\nTo see objects in drawer 7, I have to open it first."
    },
    {
      "obs": "You open the drawer 7. The drawer 7 is open. In it, you see a cd 2, and a creditcard 3.",
      "act": "go to drawer 9",
      "thought": "I am now in/on: drawer 7\nCritical objects I have found:\nNone\nObjects I have taken:\nNone\nIn drawer 7, there is no keychain. Next, I need to check drawer 9."
    },
    {
      "obs": "You arrive at loc 11. The drawer 9 is closed.",
      "act": "open drawer 9",
      "thought": "I am now in/on: drawer 9\nCritical objects I have found:\nNone\nObjects I have taken:\nNone\nTo see objects in drawer 9, I have to open it first."
    },
    {
      "obs": "You open the drawer 9. The drawer 9 is open. In it, you see nothing.",
      "act": "go to drawer 3",
      "thought": "I am now in/on: drawer 9\nCritical objects I have found:\nNone\nObjects I have taken:\nNone\nIn drawer 9, there is no keychain. Next, I need to check drawer 3."
    },
    {
      "obs": "You arrive at loc 26. The drawer 3 is closed.",
      "act": "open drawer 3",
      "thought": "I am now in/on: drawer 3\nCritical objects I have found:\nNone\nObjects I have taken:\nNone\nTo see objects in drawer 3, I have to open it first."
    },
    {
      "obs": "You open the drawer 3. The drawer 3 is open. In it, you see a pen 1.",
      "act": "go to safe 1",
      "thought": "I am now in/on: drawer 3\nCritical objects I have found:\nNone\nObjects I have taken:\nNone\nIn drawer 3, there is no keychain. Next, I need to check safe 1, although it's less likely to contain a keychain, it's still worth checking before moving on to other drawers."
    },
    {
      "obs": "You arrive at loc 16. The safe 1 is closed.",
      "act": "open safe 1",
      "thought": "I am now in/on: drawer 3\nCritical objects I have found:\nNone\nObjects I have taken:\nNone\nIn drawer 3, there is no keychain. I have decided to check the safe 1 next, even though it's less common for a keychain to be there, it could still be a possibility. To see objects in safe 1, I have to open it first."
    },
    {
      "obs": "You open the safe 1. The safe 1 is open. In it, you see nothing.",
      "act": "go to sidetable 1",
      "thought": "I am now in/on: safe 1\nCritical objects I have found:\nNone\nObjects I have taken:\nNone\nIn safe 1, there is no keychain. Next, I need to check sidetable 1, as it's another common place where a keychain might be found."
    },
    {
      "obs": "You arrive at loc 24. On the sidetable 1, you see a alarmclock 1, a desklamp 1, and a keychain 1.",
      "act": "take keychain 1 from sidetable 1",
      "thought": "I am now in/on: sidetable 1\nCritical objects I have found:\nkeychain 1 (sidetable 1)\nObjects I have taken:\nNone\nNow I find a keychain (1). Next, I need to take it."
    },
    {
      "obs": "You pick up the keychain 1 from the sidetable 1.",
      "act": "go to dresser 1",
      "thought": "I am now in/on: sidetable 1\nCritical objects I have found:\nkeychain 1 (sidetable 1)\nObjects I have taken:\nkeychain 1\nNow I have taken the keychain (1). Next, I need to go to the dresser and put it on there."
    },
    {
      "obs": "You arrive at loc 25. On the dresser 1, you see a alarmclock 2, a bowl 1, a cellphone 1, a creditcard 1, and a creditcard 2.",
      "act": "put keychain 1 in/on dresser 1",
      "thought": "I am now in/on: dresser 1\nCritical objects I have found:\nkeychain 1 (sidetable 1)\nObjects I have taken:\nkeychain 1\nNow I am at the dresser 1. Next, I need to put the keychain 1 on it."
    },
    {
      "obs": "You put the keychain 1 in/on the dresser 1.",
      "act": "go to drawer 7"
    }
  ]
}