{
  "task": "put some cellphone on armchair.",
  "traj": [
    {
      "obs": "You are in the middle of a room. Looking quickly around you, you see a armchair 1, a bed 1, a bed 2, a cabinet 1, a desk 1, a desk 2, a drawer 1, a drawer 10, a drawer 11, a drawer 12, a drawer 13, a drawer 2, a drawer 3, a drawer 4, a drawer 5, a drawer 6, a drawer 7, a drawer 8, a drawer 9, a dresser 1, a dresser 2, and a garbagecan 1.",
      "act": "go to bed 1",
      "thought": "I am now in/on: the middle of a room\nCritical objects I have found:\nNone\nObjects I have taken:\nNone\nTo solve the task, I need to find and take a cellphone, then put it on the armchair. First, I need to find a cellphone. A cellphone is more likely to appear on desks (1-2), dressers (1-2), drawers (1-13), or maybe even on a bed. I can check one by one, starting with bed 1."
    },
    {
      "obs": "You arrive at loc 8. On the bed 1, you see a book 1, and a pillow 3.",
      "act": "go to drawer 9",
      "thought": "I am now in/on: bed 1\nCritical objects I have found:\nNone\nObjects I have taken:\nNone\nOn bed 1, there is no cellphone. Next, I need to check drawer 9 as it's one of the many drawers in the room where a cellphone might be stored."
    },
    {
      "obs": "You arrive at loc 20. On the drawer 9, you see nothing.",
      "act": "go to drawer 3",
      "thought": "I am now in/on: drawer 9\nCritical objects I have found:\nNone\nObjects I have taken:\nNone\nIn drawer 9, there is no cellphone. Next, I need to check drawer 3."
    },
    {
      "obs": "You arrive at loc 17. The drawer 3 is closed.",
      "act": "open drawer 3",
      "thought": "I am now in/on: drawer 9\nCritical objects I have found:\nNone\nObjects I have taken:\nNone\nTo see objects in drawer 3, I have to open it first."
    },
    {
      "obs": "You open the drawer 3. The drawer 3 is open. In it, you see nothing.",
      "act": "go to drawer 7",
      "thought": "I am now in/on: drawer 3\nCritical objects I have found:\nNone\nObjects I have taken:\nNone\nDrawer 3 is open and there is no cellphone inside. Next, I need to check drawer 7."
    },
    {
      "obs": "You arrive at loc 21. On the drawer 7, you see nothing.",
      "act": "go to drawer 5",
      "thought": "I am now in/on: drawer 7\nCritical objects I have found:\nNone\nObjects I have taken:\nNone\nIn drawer 7, there is no cellphone. Next, I need to check drawer 5."
    },
    {
      "obs": "You arrive at loc 16. The drawer 5 is closed.",
      "act": "open drawer 5",
      "thought": "I am now in/on: drawer 7\nCritical objects I have found:\nNone\nObjects I have taken:\nNone\nTo see objects in drawer 5, I have to open it first."
    },
    {
      "obs": "You open the drawer 5. The drawer 5 is open. In it, you see a cellphone 1.",
      "act": "take cellphone 1 from drawer 5",
      "thought": "I am now in/on: drawer 5\nCritical objects I have found:\ncellphone 1 (drawer 5)\nObjects I have taken:\nNone\nNow I find a cellphone (1) in drawer 5. Next, I need to take it."
    },
    {
      "obs": "You pick up the cellphone 1 from the drawer 5.",
      "act": "go to armchair 1",
      "thought": "I am now in/on: drawer 5\nCritical objects I have found:\ncellphone 1 (drawer 5)\nObjects I have taken:\ncellphone 1\nNow I have taken the cellphone (1). Next, I need to go to the armchair and put the cellphone on it."
    },
    {
      "obs": "You arrive at loc 9. On the armchair 1, you see a creditcard 1.",
      "act": "put cellphone 1 in/on armchair 1",
      "thought": "I am now in/on: armchair 1\nCritical objects I have found:\ncellphone 1 (drawer 5)\nObjects I have taken:\ncellphone 1\nNow I am at the armchair 1. Next, I need to put the cellphone 1 in/on it."
    },
    {
      "obs": "You put the cellphone 1 in/on the armchair 1.",
      "act": "go to bed 1"
    }
  ]
}