{
  "task": "put some creditcard on desk.",
  "traj": [
    {
      "obs": "You are in the middle of a room. Looking quickly around you, you see a bed 1, a desk 1, a drawer 1, a drawer 2, a drawer 3, a garbagecan 1, a laundryhamper 1, a shelf 1, a shelf 2, and a sidetable 1.",
      "act": "go to sidetable 1",
      "thought": "I am now in/on: the middle of a room\nCritical objects I have found:\nNone\nObjects I have taken:\nNone\nTo solve the task, I need to find and take a credit card, then put it on the desk. First, I need to find a credit card. A credit card is more likely to appear in places where personal items are kept, such as drawers (1-3), sidetable (1), or shelf (1-2). I will start by checking the sidetable 1."
    },
    {
      "obs": "You arrive at loc 20. On the sidetable 1, you see a cd 3, a creditcard 1, a desklamp 1, a keychain 2, and a keychain 3.",
      "act": "take creditcard 1 from sidetable 1",
      "thought": "I am now in/on: sidetable 1\nCritical objects I have found:\ncreditcard 1 (sidetable 1)\nObjects I have taken:\nNone\nI have found a credit card (1) on the sidetable 1. Next, I need to take it."
    },
    {
      "obs": "You pick up the creditcard 1 from the sidetable 1.",
      "act": "go to desk 1",
      "thought": "I am now in/on: sidetable 1\nCritical objects I have found:\ncreditcard 1 (sidetable 1)\nObjects I have taken:\ncreditcard 1\nNow that I have the credit card (1), I need to go to the desk 1 to put it there."
    },
    {
      "obs": "You arrive at loc 1. On the desk 1, you see a bowl 1, a bowl 2, a cellphone 1, a pen 2, a remotecontrol 1, a remotecontrol 2, and a remotecontrol 3.",
      "act": "put creditcard 1 in/on desk 1",
      "thought": "I am now in/on: desk 1\nCritical objects I have found:\ncreditcard 1 (sidetable 1)\nObjects I have taken:\ncreditcard 1\nI am at the desk 1 with the credit card (1) in my possession. Next, I need to put the credit card on the desk."
    },
    {
      "obs": "You put the creditcard 1 in/on the desk 1.",
      "act": "go to sidetable 1"
    }
  ]
}