{
  "task": "put some peppershaker on shelf.",
  "traj": [
    {
      "obs": "You are in the middle of a room. Looking quickly around you, you see a cabinet 1, a cabinet 10, a cabinet 11, a cabinet 12, a cabinet 13, a cabinet 2, a cabinet 3, a cabinet 4, a cabinet 5, a cabinet 6, a cabinet 7, a cabinet 8, a cabinet 9, a coffeemachine 1, a countertop 1, a diningtable 1, a drawer 1, a fridge 1, a garbagecan 1, a microwave 1, a shelf 1, a shelf 2, a shelf 3, a sinkbasin 1, a stoveburner 1, a stoveburner 2, a stoveburner 3, a stoveburner 4, and a toaster 1.",
      "act": "go to cabinet 3",
      "thought": "I am now in/on: the middle of a room\nCritical objects I have found:\nNone\nObjects I have taken:\nNone\nTo solve the task, I need to find and take a peppershaker, then put it on a shelf. First, I need to find a peppershaker. A peppershaker is more likely to appear in cabinets (1-13), countertop (1), diningtable (1), or shelf (1-3). I can check one by one, starting with cabinet 3."
    },
    {
      "obs": "You arrive at loc 17. The cabinet 3 is closed.",
      "act": "open cabinet 3",
      "thought": "I am now in/on: cabinet 3\nCritical objects I have found:\nNone\nObjects I have taken:\nNone\nTo see objects in cabinet 3, I have to open it first."
    },
    {
      "obs": "You open the cabinet 3. The cabinet 3 is open. In it, you see nothing.",
      "act": "open cabinet 6",
      "thought": "I am now in/on: cabinet 3\nCritical objects I have found:\nNone\nObjects I have taken:\nNone\nCabinet 3 is empty. Next, I need to check cabinet 6."
    },
    {
      "obs": "You open the cabinet 6. The cabinet 6 is open. In it, you see nothing.",
      "act": "go to stoveburner 4",
      "thought": "I am now in/on: cabinet 6\nCritical objects I have found:\nNone\nObjects I have taken:\nNone\nCabinet 6 is empty. I mistakenly chose to go to stoveburner 4, which is not a likely place to find a peppershaker. I should continue checking the cabinets, countertop, diningtable, or shelves for the peppershaker."
    },
    {
      "obs": "You arrive at loc 24. On the stoveburner 4, you see nothing.",
      "act": "go to cabinet 6",
      "thought": "I am now in/on: stoveburner 4\nCritical objects I have found:\nNone\nObjects I have taken:\nNone\nI am currently at stoveburner 4, which was an incorrect move as peppershakers are not typically found on stoveburners. I need to resume searching for a peppershaker in the cabinets, countertop, diningtable, or shelves. I will go back to cabinet 6 and continue from there."
    },
    {
      "obs": "You arrive at loc 17. The cabinet 6 is open. In it, you see nothing.",
      "act": "go to diningtable 1",
      "thought": "I am now in/on: cabinet 6\nCritical objects I have found:\nNone\nObjects I have taken:\nNone\nCabinet 6 is empty. Next, I need to check diningtable 1 for a peppershaker."
    },
    {
      "obs": "You arrive at loc 2. On the diningtable 1, you see a bowl 1, a bread 1, a butterknife 2, a fork 1, a knife 1, a ladle 2, a lettuce 1, a lettuce 2, a lettuce 3, a pan 2, a peppershaker 1, a pot 2, a saltshaker 3, a soapbottle 1, and a soapbottle 3.",
      "act": "take peppershaker 1 from diningtable 1",
      "thought": "I am now in/on: diningtable 1\nCritical objects I have found:\npeppershaker 1 (diningtable 1)\nObjects I have taken:\nNone\nI have found a peppershaker (1) on diningtable 1. Next, I need to take it."
    },
    {
      "obs": "You pick up the peppershaker 1 from the diningtable 1.",
      "act": "go to shelf 1",
      "thought": "I am now in/on: diningtable 1\nCritical objects I have found:\npeppershaker 1 (diningtable 1)\nObjects I have taken:\npeppershaker 1\nNow I have taken the peppershaker (1). Next, I need to go to and put it on shelf 1."
    },
    {
      "obs": "You arrive at loc 12. On the shelf 1, you see a saltshaker 1, and a winebottle 1.",
      "act": "put peppershaker 1 in/on shelf 1",
      "thought": "I am now in/on: shelf 1\nCritical objects I have found:\npeppershaker 1 (diningtable 1)\nObjects I have taken:\npeppershaker 1\nNow I am at shelf 1. Next, I need to put the peppershaker 1 in/on it."
    },
    {
      "obs": "You put the peppershaker 1 in/on the shelf 1.",
      "act": "go to cabinet 3"
    }
  ]
}