{
  "task": "put some spraybottle on countertop.",
  "traj": [
    {
      "obs": "You are in the middle of a room. Looking quickly around you, you see a cabinet 1, a cabinet 2, a cabinet 3, a cabinet 4, a countertop 1, a garbagecan 1, a handtowelholder 1, a sinkbasin 1, a sinkbasin 2, a toilet 1, a toiletpaperhanger 1, and a towelholder 1.",
      "act": "go to cabinet 1",
      "thought": "I am now in/on: the middle of a room\nCritical objects I have found:\nNone\nObjects I have taken:\nNone\nTo solve the task, I need to find and take a spraybottle, then put it on the countertop. First, I need to find a spraybottle. A spraybottle is more likely to appear in cabinets (1-4), countertop (1), or possibly in the garbagecan (1). I will check the cabinets one by one, starting with cabinet 1."
    },
    {
      "obs": "You arrive at loc 11. The cabinet 1 is closed.",
      "act": "open cabinet 1",
      "thought": "I am now in/on: cabinet 1\nCritical objects I have found:\nNone\nObjects I have taken:\nNone\nTo see objects in cabinet 1, I have to open it first."
    },
    {
      "obs": "You open the cabinet 1. The cabinet 1 is open. In it, you see a candle 2.",
      "act": "go to countertop 1",
      "thought": "I am now in/on: cabinet 1\nCritical objects I have found:\nNone\nObjects I have taken:\nNone\nIn cabinet 1, there is no spraybottle. I initially planned to check the countertop next, but I should continue checking the other cabinets first. I will go to cabinet 2 next."
    },
    {
      "obs": "You arrive at loc 6. On the countertop 1, you see nothing.",
      "act": "go to cabinet 2",
      "thought": "I am now in/on: countertop 1\nCritical objects I have found:\nNone\nObjects I have taken:\nNone\nOn countertop 1, there is no spraybottle. I need to continue checking the other cabinets. Next, I will check cabinet 2."
    },
    {
      "obs": "You arrive at loc 13. The cabinet 2 is closed.",
      "act": "open cabinet 2",
      "thought": "I am now in/on: cabinet 2\nCritical objects I have found:\nNone\nObjects I have taken:\nNone\nTo see objects in cabinet 2, I have to open it first."
    },
    {
      "obs": "You open the cabinet 2. The cabinet 2 is open. In it, you see a cloth 2.",
      "act": "go to cabinet 3",
      "thought": "I am now in/on: cabinet 2\nCritical objects I have found:\nNone\nObjects I have taken:\nNone\nIn cabinet 2, there is no spraybottle. Next, I need to check cabinet 3."
    },
    {
      "obs": "You arrive at loc 12. The cabinet 3 is closed.",
      "act": "open cabinet 3",
      "thought": "I am now in/on: cabinet 2\nCritical objects I have found:\nNone\nObjects I have taken:\nNone\nTo see objects in cabinet 3, I have to open it first."
    },
    {
      "obs": "You open the cabinet 3. The cabinet 3 is open. In it, you see a candle 1, and a soapbottle 1.",
      "act": "go to garbagecan 1",
      "thought": "I am now in/on: cabinet 3\nCritical objects I have found:\nNone\nObjects I have taken:\nNone\nIn cabinet 3, there is no spraybottle. I have checked cabinets 1, 2, and 3 without finding a spraybottle. Before I check cabinet 4, I will check the garbagecan 1, as it is another place where a spraybottle might be found."
    },
    {
      "obs": "You arrive at loc 15. On the garbagecan 1, you see a toiletpaper 1.",
      "act": "go to cabinet 4",
      "thought": "I am now in/on: garbagecan 1\nCritical objects I have found:\nNone\nObjects I have taken:\nNone\nIn the garbagecan 1, there is no spraybottle. I have checked cabinets 1, 2, and 3, as well as the garbagecan 1 and countertop 1 without finding a spraybottle. Next, I need to check cabinet 4."
    },
    {
      "obs": "You arrive at loc 12. The cabinet 4 is closed.",
      "act": "open cabinet 4",
      "thought": "I am now in/on: cabinet 4\nCritical objects I have found:\nNone\nObjects I have taken:\nNone\nTo see objects in cabinet 4, I have to open it first."
    },
    {
      "obs": "You open the cabinet 4. The cabinet 4 is open. In it, you see a cloth 1, and a soapbar 1.",
      "act": "go to toilet 1",
      "thought": "I am now in/on: cabinet 4\nCritical objects I have found:\nNone\nObjects I have taken:\nNone\nIn cabinet 4, there is no spraybottle. I have checked all cabinets, the garbagecan, and the countertop without finding a spraybottle. I will now check the toilet area, although it is less likely to find a spraybottle there, it's worth checking before considering the sinkbasins."
    },
    {
      "obs": "You arrive at loc 17. On the toilet 1, you see a soapbar 2, and a spraybottle 1.",
      "act": "take spraybottle 1 from toilet 1",
      "thought": "I am now in/on: toilet 1\nCritical objects I have found:\nspraybottle 1 (toilet 1)\nObjects I have taken:\nNone\nNow I find a spraybottle (1) on the toilet. Next, I need to take it."
    },
    {
      "obs": "You pick up the spraybottle 1 from the toilet 1.",
      "act": "go to countertop 1",
      "thought": "I am now in/on: toilet 1\nCritical objects I have found:\nspraybottle 1 (toilet 1)\nObjects I have taken:\nspraybottle 1\nNow I have taken the spraybottle (1). Next, I need to go to and put it on the countertop 1."
    },
    {
      "obs": "You arrive at loc 6. On the countertop 1, you see nothing.",
      "act": "put spraybottle 1 in/on countertop 1",
      "thought": "I am now in/on: countertop 1\nCritical objects I have found:\nspraybottle 1 (toilet 1)\nObjects I have taken:\nspraybottle 1\nNow I am at the countertop 1. Next, I need to put the spraybottle 1 on it."
    },
    {
      "obs": "You put the spraybottle 1 in/on the countertop 1.",
      "act": "go to cabinet 1"
    }
  ]
}