{
  "task": "put some keychain on sofa.",
  "traj": [
    {
      "obs": "You are in the middle of a room. Looking quickly around you, you see a armchair 1, a coffeetable 1, a drawer 1, a garbagecan 1, a shelf 1, a shelf 2, a shelf 3, a shelf 4, a shelf 5, a shelf 6, a sidetable 1, a sofa 1, a sofa 2, and a tvstand 1.",
      "act": "go to drawer 1",
      "thought": "I am now in/on: the middle of a room\nCritical objects I have found:\nNone\nObjects I have taken:\nNone\nTo solve the task, I need to find and take a keychain, then put it on a sofa. First, I need to find a keychain. A keychain is more likely to appear in drawers (1), shelves (1-6), sidetables (1), or possibly on the coffeetable (1). I can check one by one, starting with drawer 1."
    },
    {
      "obs": "You arrive at loc 17. The drawer 1 is closed.",
      "act": "open drawer 1",
      "thought": "I am now in/on: drawer 1\nCritical objects I have found:\nNone\nObjects I have taken:\nNone\nTo see objects in drawer 1, I have to open it first."
    },
    {
      "obs": "You open the drawer 1. The drawer 1 is open. In it, you see a creditcard 2, and a watch 1.",
      "act": "go to shelf 2",
      "thought": "I am now in/on: drawer 1\nCritical objects I have found:\nNone\nObjects I have taken:\nNone\nIn drawer 1, there is no keychain. Next, I need to check shelf 2."
    },
    {
      "obs": "You arrive at loc 5. On the shelf 2, you see nothing.",
      "act": "go to sofa 2",
      "thought": "I am now in/on: shelf 2\nCritical objects I have found:\nNone\nObjects I have taken:\nNone\nOn shelf 2, there is no keychain. I accidentally skipped checking shelf 1 and went directly to shelf 2. I should check the remaining shelves, starting with shelf 1, then proceed to shelves 3-6, sidetable 1, and coffeetable 1 if necessary."
    },
    {
      "obs": "You arrive at loc 23. On the sofa 2, you see a laptop 2, and a pillow 1.",
      "act": "go to coffeetable 1",
      "thought": "I am now in/on: sofa 2\nCritical objects I have found:\nNone\nObjects I have taken:\nNone\nOn sofa 2, there is no keychain. I need to continue searching for the keychain. I will go to the coffeetable 1 next, as it is a common place for small items like keychains to be placed."
    },
    {
      "obs": "You arrive at loc 9. On the coffeetable 1, you see a remotecontrol 2, a statue 1, a tissuebox 1, and a watch 2.",
      "act": "go to sofa 1",
      "thought": "I am now in/on: coffeetable 1\nCritical objects I have found:\nNone\nObjects I have taken:\nNone\nOn coffeetable 1, there is no keychain. I need to continue searching for the keychain. I will go to sofa 1 next, although it is not a typical place for a keychain, I might have missed it while scanning the room initially. If it's not there, I will continue with the shelves and sidetable."
    },
    {
      "obs": "You arrive at loc 19. On the sofa 1, you see a box 1, a laptop 1, and a remotecontrol 1.",
      "act": "go to shelf 6",
      "thought": "I am now in/on: sofa 1\nCritical objects I have found:\nNone\nObjects I have taken:\nNone\nOn sofa 1, there is no keychain. I need to continue searching for the keychain. I will now check shelf 6, and if it's not there, I will proceed to check the remaining shelves and sidetable 1."
    },
    {
      "obs": "You arrive at loc 1. On the shelf 6, you see nothing.",
      "act": "go to armchair 1",
      "thought": "I am now in/on: shelf 6\nCritical objects I have found:\nNone\nObjects I have taken:\nNone\nOn shelf 6, there is no keychain. I accidentally went to armchair 1 instead of continuing my search for the keychain on the remaining shelves and sidetable 1. I need to correct my mistake and continue the search systematically."
    },
    {
      "obs": "You arrive at loc 7. On the armchair 1, you see a creditcard 3, a keychain 1, and a newspaper 1.",
      "act": "take keychain 1 from armchair 1",
      "thought": "I am now in/on: armchair 1\nCritical objects I have found:\nkeychain 1 (armchair 1)\nObjects I have taken:\nNone\nI have found a keychain (1) on the armchair 1. Next, I need to take it."
    },
    {
      "obs": "You pick up the keychain 1 from the armchair 1.",
      "act": "go to sofa 2",
      "thought": "I am now in/on: armchair 1\nCritical objects I have found:\nkeychain 1 (armchair 1)\nObjects I have taken:\nkeychain 1\nNow I have taken the keychain (1). Next, I need to go to and put it on sofa 2."
    },
    {
      "obs": "You arrive at loc 23. On the sofa 2, you see a laptop 2, and a pillow 1.",
      "act": "put keychain 1 in/on sofa 2",
      "thought": "I am now in/on: sofa 2\nCritical objects I have found:\nkeychain 1 (armchair 1)\nObjects I have taken:\nkeychain 1\nNow I am on sofa 2. Next, I need to put the keychain 1 in/on it."
    },
    {
      "obs": "You put the keychain 1 in/on the sofa 2.",
      "act": "go to drawer 1"
    }
  ]
}