{
  "task": "put some soapbottle on garbagecan.",
  "traj": [
    {
      "obs": "You are in the middle of a room. Looking quickly around you, you see a bathtubbasin 1, a countertop 1, a countertop 2, a drawer 1, a drawer 2, a drawer 3, a drawer 4, a garbagecan 1, a handtowelholder 1, a sinkbasin 1, a toilet 1, a toiletpaperhanger 1, a towelholder 1, and a towelholder 2.",
      "act": "go to toilet 1",
      "thought": "I am now in/on: the middle of a room\nCritical objects I have found:\nNone\nObjects I have taken:\nNone\nTo solve the task, I need to find and take a soapbottle, then put it on the garbagecan. First, I need to find a soapbottle. A soapbottle is more likely to appear in drawers (1-4), countertops (1-2), or possibly near the sinkbasin (1). I can check one by one, starting with the closest target which is the toilet 1, although it's less likely to have a soapbottle, it's worth checking quickly before moving on to more likely locations."
    },
    {
      "obs": "You arrive at loc 2. On the toilet 1, you see a candle 1, a candle 2, a soapbottle 1, a spraybottle 2, a spraybottle 3, and a toiletpaper 2.",
      "act": "take soapbottle 1 from toilet 1",
      "thought": "I am now in/on: toilet 1\nCritical objects I have found:\nsoapbottle 1 (toilet 1)\nObjects I have taken:\nNone\nI have found a soapbottle (1) on the toilet 1. Next, I need to take it."
    },
    {
      "obs": "You pick up the soapbottle 1 from the toilet 1.",
      "act": "go to garbagecan 1",
      "thought": "I am now in/on: toilet 1\nCritical objects I have found:\nsoapbottle 1 (toilet 1)\nObjects I have taken:\nsoapbottle 1\nNow that I have the soapbottle (1), I need to go to the garbagecan to complete the task."
    },
    {
      "obs": "You arrive at loc 17. On the garbagecan 1, you see nothing.",
      "act": "put soapbottle 1 in/on garbagecan 1",
      "thought": "I am now in/on: garbagecan 1\nCritical objects I have found:\nsoapbottle 1 (toilet 1)\nObjects I have taken:\nsoapbottle 1\nNow I am at the garbagecan 1. Next, I need to put the soapbottle 1 in/on it."
    },
    {
      "obs": "You put the soapbottle 1 in/on the garbagecan 1.",
      "act": "go to toilet 1"
    }
  ]
}