{
  "task": "put some alarmclock on diningtable.",
  "traj": [
    {
      "obs": "You are in the middle of a room. Looking quickly around you, you see a bed 1, a diningtable 1, a drawer 1, a drawer 2, a drawer 3, a drawer 4, a garbagecan 1, a sidetable 1, and a sidetable 2.",
      "act": "go to sidetable 2",
      "thought": "I am now in/on: the middle of a room\nCritical objects I have found:\nNone\nObjects I have taken:\nNone\nTo solve the task, I need to find and take an alarmclock, then put it on the diningtable. First, I need to find an alarmclock. An alarmclock is more likely to appear on sidetables (1-2), drawers (1-4), or possibly in the garbagecan (1). I will check one by one, starting with sidetable 2."
    },
    {
      "obs": "You arrive at loc 2. On the sidetable 2, you see a alarmclock 1, a creditcard 2, and a creditcard 3.",
      "act": "take alarmclock 1 from sidetable 2",
      "thought": "I am now in/on: sidetable 2\nCritical objects I have found:\nalarmclock 1 (sidetable 2)\nObjects I have taken:\nNone\nI have found an alarmclock (1) on sidetable 2. Next, I need to take it."
    },
    {
      "obs": "You pick up the alarmclock 1 from the sidetable 2.",
      "act": "go to diningtable 1",
      "thought": "I am now in/on: sidetable 2\nCritical objects I have found:\nalarmclock 1 (sidetable 2)\nObjects I have taken:\nalarmclock 1\nNow I have taken the alarmclock (1). Next, I need to go to the diningtable 1 to put it there."
    },
    {
      "obs": "You arrive at loc 7. On the diningtable 1, you see a book 3, a cd 2, a cd 3, a keychain 1, a mug 2, a mug 3, a pen 1, a pencil 1, a pencil 2, and a pencil 3.",
      "act": "put alarmclock 1 in/on diningtable 1",
      "thought": "I am now in/on: diningtable 1\nCritical objects I have found:\nalarmclock 1 (sidetable 2)\nObjects I have taken:\nalarmclock 1\nNow I am at the diningtable 1. Next, I need to put the alarmclock 1 on it."
    },
    {
      "obs": "You put the alarmclock 1 in/on the diningtable 1.",
      "act": "go to sidetable 2"
    }
  ]
}