{
  "task": "put some tomato on microwave.",
  "traj": [
    {
      "obs": "You are in the middle of a room. Looking quickly around you, you see a cabinet 1, a cabinet 10, a cabinet 11, a cabinet 12, a cabinet 13, a cabinet 14, a cabinet 15, a cabinet 2, a cabinet 3, a cabinet 4, a cabinet 5, a cabinet 6, a cabinet 7, a cabinet 8, a cabinet 9, a coffeemachine 1, a countertop 1, a countertop 2, a countertop 3, a countertop 4, a drawer 1, a drawer 2, a drawer 3, a drawer 4, a fridge 1, a garbagecan 1, a microwave 1, a sinkbasin 1, a stoveburner 1, a stoveburner 2, a stoveburner 3, a stoveburner 4, and a toaster 1.",
      "act": "go to garbagecan 1",
      "thought": "I am now in/on: the middle of a room\nCritical objects I have found:\nNone\nObjects I have taken:\nNone\nTo solve the task, I need to find and take a tomato, then put it on the microwave. First, I need to find a tomato. A tomato is more likely to appear in fridges (1), countertops (1-4), or garbagecans (1). I can check one by one, starting with garbagecan 1."
    },
    {
      "obs": "You arrive at loc 33. On the garbagecan 1, you see a dishsponge 1.",
      "act": "go to sinkbasin 1",
      "thought": "I am now in/on: garbagecan 1\nCritical objects I have found:\nNone\nObjects I have taken:\nNone\nIn garbagecan 1, there is no tomato. Next, I need to check sinkbasin 1."
    },
    {
      "obs": "You arrive at loc 25. On the sinkbasin 1, you see nothing.",
      "act": "go to countertop 3",
      "thought": "I am now in/on: sinkbasin 1\nCritical objects I have found:\nNone\nObjects I have taken:\nNone\nOn sinkbasin 1, there is no tomato. Next, I need to check countertop 3."
    },
    {
      "obs": "You arrive at loc 5. On the countertop 3, you see a fork 1, a lettuce 2, a mug 1, a plate 1, a soapbottle 2, a spatula 1, and a spatula 2.",
      "act": "go to countertop 2",
      "thought": "I am now in/on: countertop 3\nCritical objects I have found:\nNone\nObjects I have taken:\nNone\nOn countertop 3, there is no tomato. Next, I need to check countertop 2."
    },
    {
      "obs": "You arrive at loc 39. On the countertop 2, you see a pan 1, a pot 2, and a potato 1.",
      "act": "go to fridge 1",
      "thought": "I am now in/on: countertop 2\nCritical objects I have found:\nNone\nObjects I have taken:\nNone\nOn countertop 2, there is no tomato. Next, I need to check fridge 1."
    },
    {
      "obs": "You arrive at loc 8. The fridge 1 is closed.",
      "act": "open fridge 1",
      "thought": "I am now in/on: countertop 2\nCritical objects I have found:\nNone\nObjects I have taken:\nNone\nTo see objects in fridge 1, I have to open it first."
    },
    {
      "obs": "You open the fridge 1. The fridge 1 is open. In it, you see a apple 1, a lettuce 1, and a potato 2.",
      "act": "go to microwave 1",
      "thought": "I am now in/on: fridge 1\nCritical objects I have found:\nNone\nObjects I have taken:\nNone\nIn fridge 1, there is no tomato. Next, I need to check the microwave 1 to put the tomato on it once I find it. However, I still need to find a tomato, so I should continue searching the countertops."
    },
    {
      "obs": "You arrive at loc 7. The microwave 1 is closed.",
      "act": "open microwave 1",
      "thought": "I am now in/on: fridge 1\nCritical objects I have found:\nNone\nObjects I have taken:\nNone\nI opened the fridge but did not find a tomato. I was going to check the microwave to prepare for placing the tomato once found, but I still need to find the tomato. I should continue searching the countertops before placing anything on the microwave."
    },
    {
      "obs": "You open the microwave 1. The microwave 1 is open. In it, you see a egg 1.",
      "act": "go to countertop 4",
      "thought": "I am now in/on: microwave 1\nCritical objects I have found:\nNone\nObjects I have taken:\nNone\nIn the microwave, there is no tomato. I need to continue searching for a tomato. Next, I will check countertop 4."
    },
    {
      "obs": "You arrive at loc 23. On the countertop 4, you see a bread 1, a butterknife 2, a cup 1, a knife 3, a lettuce 3, a papertowelroll 1, a plate 2, a saltshaker 3, and a tomato 1.",
      "act": "take tomato 1 from countertop 4",
      "thought": "I am now in/on: countertop 4\nCritical objects I have found:\ntomato 1 (countertop 4)\nObjects I have taken:\nNone\nI have found a tomato (1) on countertop 4. Next, I need to take it."
    },
    {
      "obs": "You pick up the tomato 1 from the countertop 4.",
      "act": "go to microwave 1",
      "thought": "I am now in/on: countertop 4\nCritical objects I have found:\ntomato 1 (countertop 4)\nObjects I have taken:\ntomato 1\nNow I have taken the tomato (1). Next, I need to go to the microwave 1 to put the tomato on it."
    },
    {
      "obs": "You pick up the tomato 1 from the countertop 4.",
      "act": "open microwave 1",
      "thought": "I am now in/on: countertop 4\nCritical objects I have found:\ntomato 1 (countertop 4)\nObjects I have taken:\ntomato 1\nI have already taken the tomato (1) and I am currently at countertop 4. I need to go to the microwave 1 to put the tomato on it. However, it seems I have mistakenly repeated the action of picking up the tomato. I should correct this and proceed to the microwave."
    },
    {
      "obs": "You pick up the tomato 1 from the countertop 4.",
      "act": "put tomato 1 in/on microwave 1",
      "thought": "I am now in/on: countertop 4\nCritical objects I have found:\ntomato 1 (countertop 4)\nObjects I have taken:\ntomato 1\n\nI have the tomato (1) and need to put it on the microwave 1. Since I am currently at countertop 4, I need to move to the microwave to complete the task."
    },
    {
      "obs": "You put the tomato 1 in/on the microwave 1.",
      "act": "close microwave 1"
    }
  ]
}