{
  "task": "put a book in sofa.",
  "traj": [
    {
      "obs": "You are in the middle of a room. Looking quickly around you, you see a armchair 1, a coffeetable 1, a drawer 1, a drawer 2, a drawer 3, a drawer 4, a dresser 1, a garbagecan 1, a sidetable 1, a sidetable 2, and a sofa 1.",
      "act": "go to drawer 1",
      "thought": "I am now in/on: the middle of a room\nCritical objects I have found:\nNone\nObjects I have taken:\nNone\nTo solve the task, I need to find and take a book, then put it in/on the sofa. First, I need to find a book. A book is more likely to appear in drawers (1-4), dresser (1), sidetables (1-2), or maybe even on the coffeetable (1). I will check one by one, starting with drawer 1."
    },
    {
      "obs": "You arrive at loc 20. The drawer 1 is closed.",
      "act": "open drawer 1",
      "thought": "I am now in/on: drawer 1\nCritical objects I have found:\nNone\nObjects I have taken:\nNone\nTo see objects in drawer 1, I have to open it first."
    },
    {
      "obs": "You open the drawer 1. The drawer 1 is open. In it, you see a keychain 2.",
      "act": "go to drawer 2",
      "thought": "I am now in/on: drawer 1\nCritical objects I have found:\nNone\nObjects I have taken:\nNone\nIn drawer 1, there is no book. Next, I need to check drawer 2."
    },
    {
      "obs": "You arrive at loc 12. On the drawer 2, you see nothing.",
      "act": "go to coffeetable 1",
      "thought": "I am now in/on: drawer 2\nCritical objects I have found:\nNone\nObjects I have taken:\nNone\nIn drawer 2, there is no book. Next, I need to check the coffeetable 1."
    },
    {
      "obs": "You arrive at loc 4. On the coffeetable 1, you see a book 3, a creditcard 2, a laptop 1, a newspaper 1, a pen 2, a pen 3, and a statue 2.",
      "act": "take book 3 from coffeetable 1",
      "thought": "I am now in/on: coffeetable 1\nCritical objects I have found:\nbook 3 (coffeetable 1)\nObjects I have taken:\nNone\nNow I find a book (3) on the coffeetable 1. Next, I need to take it."
    },
    {
      "obs": "You pick up the book 3 from the coffeetable 1.",
      "act": "go to sofa 1",
      "thought": "I am now in/on: coffeetable 1\nCritical objects I have found:\nbook 3 (coffeetable 1)\nObjects I have taken:\nbook 3\nNow I have taken the book (3). Next, I need to go to and put it in/on the sofa 1."
    },
    {
      "obs": "You arrive at loc 16. On the sofa 1, you see a remotecontrol 1.",
      "act": "put book 3 in/on sofa 1",
      "thought": "I am now in/on: sofa 1\nCritical objects I have found:\nbook 3 (coffeetable 1)\nObjects I have taken:\nbook 3\nNow I am on the sofa 1. Next, I need to put the book 3 in/on it."
    },
    {
      "obs": "You put the book 3 in/on the sofa 1.",
      "act": "go to drawer 1"
    }
  ]
}