{
  "task": "put some pen on drawer.",
  "traj": [
    {
      "obs": "You are in the middle of a room. Looking quickly around you, you see a bed 1, a desk 1, a drawer 1, a drawer 2, a drawer 3, a drawer 4, a drawer 5, a dresser 1, a garbagecan 1, a laundryhamper 1, and a shelf 1.",
      "act": "go to dresser 1",
      "thought": "I am now in/on: the middle of a room\nCritical objects I have found:\nNone\nObjects I have taken:\nNone\nTo solve the task, I need to find and take a pen, then put it on a drawer. First, I need to find a pen. A pen is more likely to appear in a desk (1), drawers (1-5), or a dresser (1). I can check one by one, starting with dresser 1."
    },
    {
      "obs": "You arrive at loc 19. On the dresser 1, you see a desklamp 1, a keychain 1, and a mug 2.",
      "act": "go to drawer 5",
      "thought": "I am now in/on: dresser 1\nCritical objects I have found:\nNone\nObjects I have taken:\nNone\nOn dresser 1, there is no pen. Next, I need to check drawer 5."
    },
    {
      "obs": "You arrive at loc 18. On the drawer 5, you see nothing.",
      "act": "go to drawer 3",
      "thought": "I am now in/on: drawer 5\nCritical objects I have found:\nNone\nObjects I have taken:\nNone\nIn drawer 5, there is no pen. Next, I need to check drawer 3."
    },
    {
      "obs": "You arrive at loc 21. The drawer 3 is closed.",
      "act": "open drawer 3",
      "thought": "I am now in/on: drawer 3\nCritical objects I have found:\nNone\nObjects I have taken:\nNone\nTo see objects in drawer 3, I have to open it first."
    },
    {
      "obs": "You open the drawer 3. The drawer 3 is open. In it, you see a cd 1.",
      "act": "go to drawer 2",
      "thought": "I am now in/on: drawer 3\nCritical objects I have found:\nNone\nObjects I have taken:\nNone\nIn drawer 3, there is no pen. Next, I need to check drawer 2."
    },
    {
      "obs": "You arrive at loc 22. The drawer 2 is closed.",
      "act": "open drawer 2",
      "thought": "I am now in/on: drawer 2\nCritical objects I have found:\nNone\nObjects I have taken:\nNone\nTo see objects in drawer 2, I have to open it first."
    },
    {
      "obs": "You open the drawer 2. The drawer 2 is open. In it, you see nothing.",
      "act": "go to drawer 4",
      "thought": "I am now in/on: drawer 2\nCritical objects I have found:\nNone\nObjects I have taken:\nNone\nIn drawer 2, there is no pen. Next, I need to check drawer 4."
    },
    {
      "obs": "You arrive at loc 18. On the drawer 4, you see a creditcard 1, and a pencil 2.",
      "act": "go to shelf 1",
      "thought": "I am now in/on: drawer 4\nCritical objects I have found:\nNone\nObjects I have taken:\nNone\nIn drawer 4, there is no pen, only a credit card and a pencil. Next, I need to check shelf 1."
    },
    {
      "obs": "You arrive at loc 8. On the shelf 1, you see a mug 1.",
      "act": "go to drawer 1",
      "thought": "I am now in/on: shelf 1\nCritical objects I have found:\nNone\nObjects I have taken:\nNone\nOn shelf 1, there is no pen. Next, I need to check drawer 1."
    },
    {
      "obs": "You arrive at loc 17. The drawer 1 is closed.",
      "act": "open drawer 1",
      "thought": "I am now in/on: shelf 1\nCritical objects I have found:\nNone\nObjects I have taken:\nNone\nTo see objects in drawer 1, I have to open it first."
    },
    {
      "obs": "You open the drawer 1. The drawer 1 is open. In it, you see nothing.",
      "act": "go to desk 1",
      "thought": "I am now in/on: drawer 1\nCritical objects I have found:\nNone\nObjects I have taken:\nNone\nIn drawer 1, there is no pen. Next, I need to check desk 1."
    },
    {
      "obs": "You arrive at loc 10. On the desk 1, you see a alarmclock 1, a bowl 1, a laptop 1, a pen 1, and a pencil 1.",
      "act": "take pen 1 from desk 1",
      "thought": "I am now in/on: desk 1\nCritical objects I have found:\npen 1 (desk 1)\nObjects I have taken:\nNone\nNow I find a pen (1) on the desk 1. Next, I need to take it."
    },
    {
      "obs": "You pick up the pen 1 from the desk 1.",
      "act": "go to drawer 5",
      "thought": "I am now in/on: desk 1\nCritical objects I have found:\npen 1 (desk 1)\nObjects I have taken:\npen 1\nNow I have taken the pen (1). Next, I need to go to and put it in/on drawer 5."
    },
    {
      "obs": "You arrive at loc 18. On the drawer 5, you see nothing.",
      "act": "put pen 1 in/on drawer 5",
      "thought": "I am now in/on: drawer 5\nCritical objects I have found:\npen 1 (desk 1)\nObjects I have taken:\npen 1\nNow I am at drawer 5. Next, I need to put the pen 1 in/on it."
    },
    {
      "obs": "You put the pen 1 in/on the drawer 5.",
      "act": "go to dresser 1"
    }
  ]
}