{
  "task": "put a laptop in armchair.",
  "traj": [
    {
      "obs": "You are in the middle of a room. Looking quickly around you, you see a armchair 1, a armchair 2, a diningtable 1, a drawer 1, a drawer 2, a drawer 3, a drawer 4, a dresser 1, a garbagecan 1, a ottoman 1, a sidetable 1, a sidetable 2, a sidetable 3, and a sofa 1.",
      "act": "go to armchair 2",
      "thought": "I am now in/on: the middle of a room\nCritical objects I have found:\nNone\nObjects I have taken:\nNone\nTo solve the task, I need to find and take a laptop, then put it in an armchair. First, I need to find a laptop. A laptop is more likely to appear in drawers (1-4), dresser (1), sidetables (1-3), or maybe on the diningtable (1). I can check one by one, starting with the closest target that might contain a laptop, which could be sidetable 1."
    },
    {
      "obs": "You arrive at loc 24. On the armchair 2, you see nothing.",
      "act": "go to dresser 1",
      "thought": "I am now in/on: armchair 2\nCritical objects I have found:\nNone\nObjects I have taken:\nNone\nOn armchair 2, there is no laptop. Next, I need to check dresser 1 for a laptop."
    },
    {
      "obs": "You arrive at loc 17. On the dresser 1, you see a television 1.",
      "act": "go to sofa 1",
      "thought": "I am now in/on: dresser 1\nCritical objects I have found:\nNone\nObjects I have taken:\nNone\nOn dresser 1, there is no laptop. Next, I need to check the sofa 1, as it is common for people to use laptops on sofas."
    },
    {
      "obs": "You arrive at loc 18. On the sofa 1, you see a creditcard 1, and a pillow 1.",
      "act": "go to sidetable 2",
      "thought": "I am now in/on: sofa 1\nCritical objects I have found:\nNone\nObjects I have taken:\nNone\nOn sofa 1, there is no laptop. Next, I need to check sidetable 2 for a laptop."
    },
    {
      "obs": "You arrive at loc 2. On the sidetable 2, you see a creditcard 2, and a remotecontrol 3.",
      "act": "go to sidetable 3",
      "thought": "I am now in/on: sidetable 2\nCritical objects I have found:\nNone\nObjects I have taken:\nNone\nOn sidetable 2, there is no laptop. Next, I need to check sidetable 3 for a laptop."
    },
    {
      "obs": "You arrive at loc 5. On the sidetable 3, you see a desklamp 1, and a houseplant 1.",
      "act": "go to sidetable 1",
      "thought": "I am now in/on: sidetable 3\nCritical objects I have found:\nNone\nObjects I have taken:\nNone\nOn sidetable 3, there is no laptop. Next, I need to check sidetable 1 for a laptop."
    },
    {
      "obs": "You arrive at loc 14. On the sidetable 1, you see a remotecontrol 1, and a watch 1.",
      "act": "go to armchair 1",
      "thought": "I am now in/on: sidetable 1\nCritical objects I have found:\nNone\nObjects I have taken:\nNone\nOn sidetable 1, there is no laptop. Next, I need to check armchair 1 for a laptop. It's not common to find a laptop on an armchair, but it's worth checking before moving on to the drawers."
    },
    {
      "obs": "You arrive at loc 13. On the armchair 1, you see a remotecontrol 2.",
      "act": "go to ottoman 1",
      "thought": "I am now in/on: armchair 1\nCritical objects I have found:\nNone\nObjects I have taken:\nNone\nOn armchair 1, there is no laptop. Next, I need to check ottoman 1 for a laptop. Although it's not a typical place for a laptop, it's possible someone placed it there temporarily."
    },
    {
      "obs": "You arrive at loc 23. On the ottoman 1, you see nothing.",
      "act": "go to diningtable 1",
      "thought": "I am now in/on: ottoman 1\nCritical objects I have found:\nNone\nObjects I have taken:\nNone\nOn ottoman 1, there is no laptop. Next, I need to check diningtable 1 for a laptop, as it's a common place for people to work and leave their laptops."
    },
    {
      "obs": "You arrive at loc 3. On the diningtable 1, you see a box 1, a keychain 1, a laptop 1, a statue 1, and a statue 2.",
      "act": "take laptop 1 from diningtable 1",
      "thought": "I am now in/on: diningtable 1\nCritical objects I have found:\nlaptop 1 (diningtable 1)\nObjects I have taken:\nNone\nNow I have found a laptop (1) on the diningtable 1. Next, I need to take it."
    },
    {
      "obs": "You pick up the laptop 1 from the diningtable 1.",
      "act": "go to armchair 2",
      "thought": "I am now in/on: diningtable 1\nCritical objects I have found:\nlaptop 1 (diningtable 1)\nObjects I have taken:\nlaptop 1\nNow I have taken the laptop (1). Next, I need to go to and put it in an armchair. I will go to armchair 2 since it was the first one I checked and it was empty."
    },
    {
      "obs": "You arrive at loc 24. On the armchair 2, you see nothing.",
      "act": "put laptop 1 in/on armchair 2",
      "thought": "I am now in/on: armchair 2\nCritical objects I have found:\nlaptop 1 (diningtable 1)\nObjects I have taken:\nlaptop 1\nNow I am at armchair 2 and it is empty. Next, I need to put the laptop 1 in/on it."
    },
    {
      "obs": "You put the laptop 1 in/on the armchair 2.",
      "act": "go to dresser 1"
    }
  ]
}