{
  "task": "put a laptop in desk.",
  "traj": [
    {
      "obs": "You are in the middle of a room. Looking quickly around you, you see a bed 1, a desk 1, a drawer 1, a drawer 2, a drawer 3, a drawer 4, a drawer 5, a garbagecan 1, a laundryhamper 1, a shelf 1, and a sidetable 1.",
      "act": "go to desk 1",
      "thought": "I am now in/on: the middle of a room\nCritical objects I have found:\nNone\nObjects I have taken:\nNone\nTo solve the task, I need to find and take a laptop, then put it in/on desk 1. First, I need to find a laptop. A laptop is more likely to appear in drawers (1-5), on a desk (1), or on a shelf (1). I can check one by one, starting with desk 1 since I am tasked to put it there and it might already be on the desk."
    },
    {
      "obs": "You arrive at loc 1. On the desk 1, you see a alarmclock 3, a cellphone 1, a creditcard 1, a desklamp 1, a pen 2, a pencil 2, and a pencil 3.",
      "act": "go to bed 1",
      "thought": "I am now in/on: desk 1\nCritical objects I have found:\nNone\nObjects I have taken:\nNone\nOn desk 1, there is no laptop. Next, I need to check other likely places where a laptop might be found. Although a bed is not a typical place to store a laptop, it's possible it could be there, so I will check bed 1 next."
    },
    {
      "obs": "You arrive at loc 10. On the bed 1, you see a book 1, a laptop 1, a pillow 1, and a teddybear 1.",
      "act": "take laptop 1 from bed 1",
      "thought": "I am now in/on: bed 1\nCritical objects I have found:\nlaptop 1 (bed 1)\nObjects I have taken:\nNone\nI have found a laptop (1) on bed 1. Next, I need to take it."
    },
    {
      "obs": "You pick up the laptop 1 from the bed 1.",
      "act": "go to desk 1",
      "thought": "I am now in/on: bed 1\nCritical objects I have found:\nlaptop 1 (bed 1)\nObjects I have taken:\nlaptop 1\nNow that I have the laptop (1), I need to go back to desk 1 to put it there as instructed."
    },
    {
      "obs": "You pick up the laptop 1 from the bed 1.",
      "act": "put laptop 1 in/on desk 1",
      "thought": "I am now in/on: desk 1\nCritical objects I have found:\nlaptop 1 (bed 1)\nObjects I have taken:\nlaptop 1\nI have the laptop (1) and I am at desk 1. Now I need to put the laptop in/on the desk as instructed."
    },
    {
      "obs": "You put the laptop 1 in/on the desk 1.",
      "act": "go to bed 1"
    }
  ]
}