{
  "task": "put a candle in dresser.",
  "traj": [
    {
      "obs": "You are in the middle of a room. Looking quickly around you, you see a bathtubbasin 1, a cabinet 1, a cabinet 2, a cabinet 3, a cabinet 4, a countertop 1, a drawer 1, a drawer 2, a drawer 3, a drawer 4, a dresser 1, a garbagecan 1, a handtowelholder 1, a sinkbasin 1, a sinkbasin 2, a toilet 1, a toiletpaperhanger 1, and a towelholder 1.",
      "act": "go to cabinet 1",
      "thought": "I am now in/on: the middle of a room\nCritical objects I have found:\nNone\nObjects I have taken:\nNone\nTo solve the task, I need to find and take a candle, then put it in the dresser. First, I need to find a candle. A candle is more likely to appear in cabinets (1-4), drawers (1-4), or on the countertop (1). I can check one by one, starting with cabinet 1."
    },
    {
      "obs": "You arrive at loc 11. The cabinet 1 is closed.",
      "act": "open cabinet 1",
      "thought": "I am now in/on: cabinet 1\nCritical objects I have found:\nNone\nObjects I have taken:\nNone\nTo see objects in cabinet 1, I have to open it first."
    },
    {
      "obs": "You open the cabinet 1. The cabinet 1 is open. In it, you see nothing.",
      "act": "go to cabinet 4",
      "thought": "I am now in/on: cabinet 1\nCritical objects I have found:\nNone\nObjects I have taken:\nNone\nIn cabinet 1, there is no candle. Next, I need to check cabinet 4."
    },
    {
      "obs": "You arrive at loc 10. The cabinet 4 is closed.",
      "act": "open cabinet 4",
      "thought": "I am now in/on: cabinet 1\nCritical objects I have found:\nNone\nObjects I have taken:\nNone\nCabinet 1 is empty. Now I will open cabinet 4 to look for a candle."
    },
    {
      "obs": "You open the cabinet 4. The cabinet 4 is open. In it, you see nothing.",
      "act": "go to countertop 1",
      "thought": "I am now in/on: cabinet 4\nCritical objects I have found:\nNone\nObjects I have taken:\nNone\nCabinet 4 is also empty. Next, I need to check the countertop 1 for a candle."
    },
    {
      "obs": "You arrive at loc 8. On the countertop 1, you see a soapbottle 1, a spraybottle 1, and a spraybottle 2.",
      "act": "go to cabinet 2",
      "thought": "I am now in/on: countertop 1\nCritical objects I have found:\nNone\nObjects I have taken:\nNone\nThe countertop 1 does not have a candle. Next, I need to check cabinet 2."
    },
    {
      "obs": "You arrive at loc 12. The cabinet 2 is closed.",
      "act": "open cabinet 2",
      "thought": "I am now in/on: countertop 1\nCritical objects I have found:\nNone\nObjects I have taken:\nNone\nThe countertop 1 does not have a candle. Now I will open cabinet 2 to look for a candle."
    },
    {
      "obs": "You open the cabinet 2. The cabinet 2 is open. In it, you see a toiletpaper 2.",
      "act": "go to toilet 1",
      "thought": "I am now in/on: cabinet 2\nCritical objects I have found:\nNone\nObjects I have taken:\nNone\nCabinet 2 does not have a candle. I mistakenly directed to go to the toilet 1, which is not a location where I would expect to find a candle. I should continue searching the remaining cabinets and drawers for the candle."
    },
    {
      "obs": "You arrive at loc 16. On the toilet 1, you see a candle 1, and a soapbar 1.",
      "act": "take candle 1 from toilet 1",
      "thought": "I am now in/on: toilet 1\nCritical objects I have found:\ncandle 1 (toilet 1)\nObjects I have taken:\nNone\nSurprisingly, I found a candle on the toilet 1. Next, I need to take the candle."
    },
    {
      "obs": "You pick up the candle 1 from the toilet 1.",
      "act": "go to dresser 1",
      "thought": "I am now in/on: toilet 1\nCritical objects I have found:\ncandle 1 (toilet 1)\nObjects I have taken:\ncandle 1\nNow I have taken the candle 1. Next, I need to go to the dresser 1 to put the candle in it."
    },
    {
      "obs": "You arrive at loc 19. On the dresser 1, you see a toiletpaper 1.",
      "act": "put candle 1 in/on dresser 1",
      "thought": "I am now in/on: dresser 1\nCritical objects I have found:\ncandle 1 (toilet 1)\nObjects I have taken:\ncandle 1\nNow I am at the dresser 1. Next, I need to put the candle 1 in/on it."
    },
    {
      "obs": "You put the candle 1 in/on the dresser 1.",
      "act": "go to cabinet 1"
    }
  ]
}