{
  "task": "put a remotecontrol in dresser.",
  "traj": [
    {
      "obs": "You are in the middle of a room. Looking quickly around you, you see a armchair 1, a armchair 2, a bed 1, a countertop 1, a diningtable 1, a drawer 1, a drawer 2, a dresser 1, a garbagecan 1, a laundryhamper 1, and a sidetable 1.",
      "act": "go to sidetable 1",
      "thought": "I am now in/on: the middle of a room\nCritical objects I have found:\nNone\nObjects I have taken:\nNone\nTo solve the task, I need to find and take a remote control, then put it in the dresser. First, I need to find a remote control. A remote control is more likely to appear on or in furniture like sidetables, drawers, or dressers. I will start by checking the sidetable 1."
    },
    {
      "obs": "You arrive at loc 9. On the sidetable 1, you see a alarmclock 1, a alarmclock 2, a mug 1, and a pen 1.",
      "act": "go to armchair 1",
      "thought": "I am now in/on: sidetable 1\nCritical objects I have found:\nNone\nObjects I have taken:\nNone\nOn sidetable 1, there is no remote control. Next, I need to check armchair 1, as sometimes remote controls can be found on or near seating furniture."
    },
    {
      "obs": "You arrive at loc 16. On the armchair 1, you see a book 1.",
      "act": "go to dresser 1",
      "thought": "I am now in/on: armchair 1\nCritical objects I have found:\nNone\nObjects I have taken:\nNone\nOn armchair 1, there is no remote control. Next, I need to check dresser 1, as remote controls can sometimes be found in or on dressers."
    },
    {
      "obs": "You arrive at loc 8. On the dresser 1, you see a creditcard 2, a keychain 1, a pencil 2, and a television 1.",
      "act": "go to armchair 2",
      "thought": "I am now in/on: dresser 1\nCritical objects I have found:\nNone\nObjects I have taken:\nNone\nOn dresser 1, there is no remote control. Next, I need to check armchair 2, as remote controls can sometimes be found on or near seating furniture, similar to armchair 1."
    },
    {
      "obs": "You arrive at loc 4. On the armchair 2, you see nothing.",
      "act": "go to countertop 1",
      "thought": "I am now in/on: armchair 2\nCritical objects I have found:\nNone\nObjects I have taken:\nNone\nOn armchair 2, there is no remote control. Next, I need to check countertop 1, as remote controls can sometimes be placed on countertops."
    },
    {
      "obs": "You arrive at loc 5. On the countertop 1, you see a alarmclock 3, a book 2, a bowl 1, a bowl 2, a mirror 1, a mug 2, and a pencil 3.",
      "act": "go to drawer 2",
      "thought": "I am now in/on: countertop 1\nCritical objects I have found:\nNone\nObjects I have taken:\nNone\nOn countertop 1, there is no remote control. Next, I need to check drawer 2, as remote controls can sometimes be found inside drawers."
    },
    {
      "obs": "You arrive at loc 17. The drawer 2 is closed.",
      "act": "open drawer 2",
      "thought": "I am now in/on: countertop 1\nCritical objects I have found:\nNone\nObjects I have taken:\nNone\nThe drawer 2 is closed, and remote controls are often kept in drawers. I need to open drawer 2 to check for a remote control."
    },
    {
      "obs": "You open the drawer 2. The drawer 2 is open. In it, you see a keychain 2.",
      "act": "go to drawer 1",
      "thought": "I am now in/on: drawer 2\nCritical objects I have found:\nNone\nObjects I have taken:\nNone\nIn drawer 2, there is no remote control. Next, I need to check drawer 1, as remote controls can sometimes be found inside drawers."
    },
    {
      "obs": "You arrive at loc 14. The drawer 1 is closed.",
      "act": "open drawer 1",
      "thought": "I am now in/on: drawer 2\nCritical objects I have found:\nNone\nObjects I have taken:\nNone\nDrawer 2 did not contain a remote control. I will now attempt to open drawer 1 to see if the remote control is inside."
    },
    {
      "obs": "You open the drawer 1. The drawer 1 is open. In it, you see nothing.",
      "act": "go to diningtable 1",
      "thought": "I am now in/on: drawer 1\nCritical objects I have found:\nNone\nObjects I have taken:\nNone\nDrawer 1 is open, but there is no remote control inside. Next, I need to check the diningtable 1, as remote controls can sometimes be left on tables."
    },
    {
      "obs": "You arrive at loc 11. On the diningtable 1, you see a cellphone 1, a creditcard 1, a pencil 1, and a remotecontrol 1.",
      "act": "take remotecontrol 1 from diningtable 1",
      "thought": "I am now in/on: diningtable 1\nCritical objects I have found:\nremotecontrol 1 (diningtable 1)\nObjects I have taken:\nNone\nI have found a remote control on diningtable 1. Next, I need to take the remote control."
    },
    {
      "obs": "You pick up the remotecontrol 1 from the diningtable 1.",
      "act": "go to dresser 1",
      "thought": "I am now in/on: diningtable 1\nCritical objects I have found:\nremotecontrol 1 (diningtable 1)\nObjects I have taken:\nremotecontrol 1\nNow that I have the remote control, I need to put it in the dresser. I will go to the dresser 1 to complete the task."
    },
    {
      "obs": "You arrive at loc 8. On the dresser 1, you see a creditcard 2, a keychain 1, a pencil 2, and a television 1.",
      "act": "put remotecontrol 1 in/on dresser 1",
      "thought": "I am now in/on: dresser 1\nCritical objects I have found:\nremotecontrol 1 (diningtable 1)\nObjects I have taken:\nremotecontrol 1\nI am at the dresser 1 with the remote control in hand. Now I need to put the remote control in or on the dresser to complete the task."
    },
    {
      "obs": "You put the remotecontrol 1 in/on the dresser 1.",
      "act": "go to sidetable 1"
    }
  ]
}