{
  "task": "put some toiletpaper on drawer.",
  "traj": [
    {
      "obs": "You are in the middle of a room. Looking quickly around you, you see a bathtubbasin 1, a countertop 1, a drawer 1, a drawer 2, a drawer 3, a drawer 4, a drawer 5, a drawer 6, a garbagecan 1, a handtowelholder 1, a handtowelholder 2, a sinkbasin 1, a sinkbasin 2, a toilet 1, a toiletpaperhanger 1, a towelholder 1, and a towelholder 2.",
      "act": "go to drawer 1",
      "thought": "I am now in/on: the middle of a room\nCritical objects I have found:\nNone\nObjects I have taken:\nNone\nTo solve the task, I need to find and take some toiletpaper, then put it on a drawer. First, I need to find toiletpaper. Toiletpaper is more likely to appear in drawers (1-6), on the toiletpaperhanger (1), or in the garbagecan (1). I can check one by one, starting with drawer 1."
    },
    {
      "obs": "You arrive at loc 20. The drawer 1 is closed.",
      "act": "open drawer 1",
      "thought": "I am now in/on: drawer 1\nCritical objects I have found:\nNone\nObjects I have taken:\nNone\nTo see objects in drawer 1, I have to open it first."
    },
    {
      "obs": "You open the drawer 1. The drawer 1 is open. In it, you see nothing.",
      "act": "go to drawer 6",
      "thought": "I am now in/on: drawer 1\nCritical objects I have found:\nNone\nObjects I have taken:\nNone\nDrawer 1 is empty. Next, I need to check drawer 6, as it might contain toiletpaper."
    },
    {
      "obs": "You arrive at loc 3. The drawer 6 is closed.",
      "act": "open drawer 6",
      "thought": "I am now in/on: drawer 1\nCritical objects I have found:\nNone\nObjects I have taken:\nNone\nDrawer 1 is empty. I will now open drawer 6 to see if there is toiletpaper inside."
    },
    {
      "obs": "You open the drawer 6. The drawer 6 is open. In it, you see nothing.",
      "act": "go to drawer 2",
      "thought": "I am now in/on: drawer 6\nCritical objects I have found:\nNone\nObjects I have taken:\nNone\nDrawer 6 is empty. Next, I need to check drawer 2, as it might contain toiletpaper."
    },
    {
      "obs": "You arrive at loc 16. The drawer 2 is closed.",
      "act": "open drawer 2",
      "thought": "I am now in/on: drawer 6\nCritical objects I have found:\nNone\nObjects I have taken:\nNone\nDrawer 6 is empty. I will now open drawer 2 to see if there is toiletpaper inside."
    },
    {
      "obs": "You open the drawer 2. The drawer 2 is open. In it, you see nothing.",
      "act": "go to drawer 3",
      "thought": "I am now in/on: drawer 2\nCritical objects I have found:\nNone\nObjects I have taken:\nNone\nDrawer 2 is empty. Next, I need to check drawer 3, as it might contain toiletpaper."
    },
    {
      "obs": "You arrive at loc 24. The drawer 3 is closed.",
      "act": "open drawer 3",
      "thought": "I am now in/on: drawer 2\nCritical objects I have found:\nNone\nObjects I have taken:\nNone\nDrawer 2 is empty. I will now open drawer 3 to see if there is toiletpaper inside."
    },
    {
      "obs": "You open the drawer 3. The drawer 3 is open. In it, you see nothing.",
      "act": "go to countertop 1",
      "thought": "I am now in/on: drawer 3\nCritical objects I have found:\nNone\nObjects I have taken:\nNone\nDrawer 3 is empty. Next, I need to check the countertop 1, as it might contain toiletpaper."
    },
    {
      "obs": "You arrive at loc 25. On the countertop 1, you see a cloth 1, a soapbar 2, a soapbottle 1, a toiletpaper 1, and a toiletpaper 2.",
      "act": "take toiletpaper 2 from countertop 1",
      "thought": "I am now in/on: countertop 1\nCritical objects I have found:\ntoiletpaper 2 (countertop 1)\nObjects I have taken:\nNone\nI have found toiletpaper (2) on the countertop 1. Next, I need to take it."
    },
    {
      "obs": "You pick up the toiletpaper 2 from the countertop 1.",
      "act": "go to drawer 1",
      "thought": "I am now in/on: countertop 1\nCritical objects I have found:\ntoiletpaper 2 (countertop 1)\nObjects I have taken:\ntoiletpaper 2\nNow I have taken toiletpaper (2). Next, I need to go to and put it in/on drawer 1."
    },
    {
      "obs": "You arrive at loc 20. The drawer 1 is closed.",
      "act": "open drawer 1",
      "thought": "I am now in/on: countertop 1\nCritical objects I have found:\ntoiletpaper 2 (countertop 1)\nObjects I have taken:\ntoiletpaper 2\nI have already opened drawer 1 before and found it empty. I need to open it again to put the toiletpaper in/on it."
    },
    {
      "obs": "You open the drawer 1. The drawer 1 is open. In it, you see nothing.",
      "act": "put toiletpaper 2 in/on drawer 1",
      "thought": "I am now in/on: drawer 1\nCritical objects I have found:\ntoiletpaper 2 (countertop 1)\nObjects I have taken:\ntoiletpaper 2\nNow I am at drawer 1 and it is open. Next, I need to put the toiletpaper 2 in/on it."
    },
    {
      "obs": "You put the toiletpaper 2 in/on the drawer 1.",
      "act": "close drawer 1"
    }
  ]
}