{
  "task": "put some keychain on sofa.",
  "traj": [
    {
      "obs": "You are in the middle of a room. Looking quickly around you, you see a armchair 1, a coffeetable 1, a drawer 1, a drawer 2, a drawer 3, a drawer 4, a dresser 1, a garbagecan 1, a sidetable 1, a sidetable 2, a sidetable 3, and a sofa 1.",
      "act": "go to drawer 4",
      "thought": "I am now in/on: the middle of a room\nCritical objects I have found:\nNone\nObjects I have taken:\nNone\nTo solve the task, I need to find and take a keychain, then put it on the sofa. First, I need to find a keychain. A keychain is more likely to appear in drawers (1-4), dresser (1), sidetables (1-3), or garbagecan (1). I can check one by one, starting with drawer 4."
    },
    {
      "obs": "You arrive at loc 17. The drawer 4 is closed.",
      "act": "open drawer 4",
      "thought": "I am now in/on: drawer 4\nCritical objects I have found:\nNone\nObjects I have taken:\nNone\nTo see objects in drawer 4, I have to open it first."
    },
    {
      "obs": "You open the drawer 4. The drawer 4 is open. In it, you see nothing.",
      "act": "go to dresser 1",
      "thought": "I am now in/on: drawer 4\nCritical objects I have found:\nNone\nObjects I have taken:\nNone\nDrawer 4 is empty, so there is no keychain here. Next, I need to check dresser 1 for a keychain."
    },
    {
      "obs": "You arrive at loc 18. On the dresser 1, you see a cellphone 1, a creditcard 1, a pen 1, a pencil 1, and a television 1.",
      "act": "go to coffeetable 1",
      "thought": "I am now in/on: dresser 1\nCritical objects I have found:\nNone\nObjects I have taken:\nNone\nOn dresser 1, there is no keychain. Next, I need to check coffeetable 1 for a keychain."
    },
    {
      "obs": "You arrive at loc 25. On the coffeetable 1, you see a book 1, a book 2, a box 1, a pen 2, a pen 3, a statue 1, and a tissuebox 1.",
      "act": "go to drawer 1",
      "thought": "I am now in/on: coffeetable 1\nCritical objects I have found:\nNone\nObjects I have taken:\nNone\nOn coffeetable 1, there is no keychain. Next, I need to check drawer 1 for a keychain."
    },
    {
      "obs": "You arrive at loc 14. The drawer 1 is closed.",
      "act": "open drawer 1",
      "thought": "I am now in/on: drawer 1\nCritical objects I have found:\nNone\nObjects I have taken:\nNone\nTo see objects in drawer 1, I have to open it first."
    },
    {
      "obs": "You open the drawer 1. The drawer 1 is open. In it, you see nothing.",
      "act": "go to drawer 3",
      "thought": "I am now in/on: drawer 1\nCritical objects I have found:\nNone\nObjects I have taken:\nNone\nDrawer 1 is empty, so there is no keychain here. Next, I need to check drawer 3 for a keychain."
    },
    {
      "obs": "You arrive at loc 16. The drawer 3 is closed.",
      "act": "open drawer 3",
      "thought": "I am now in/on: drawer 1\nCritical objects I have found:\nNone\nObjects I have taken:\nNone\nDrawer 1 is empty, so there is no keychain here. Now I will open drawer 3 to check for a keychain."
    },
    {
      "obs": "You open the drawer 3. The drawer 3 is open. In it, you see nothing.",
      "act": "go to sidetable 2",
      "thought": "I am now in/on: drawer 3\nCritical objects I have found:\nNone\nObjects I have taken:\nNone\nDrawer 3 is empty, so there is no keychain here. Next, I need to check sidetable 2 for a keychain."
    },
    {
      "obs": "You arrive at loc 5. On the sidetable 2, you see a keychain 1, a laptop 1, and a remotecontrol 2.",
      "act": "take keychain 1 from sidetable 2",
      "thought": "I am now in/on: sidetable 2\nCritical objects I have found:\nkeychain 1 (sidetable 2)\nObjects I have taken:\nNone\nNow I find a keychain (1). Next, I need to take it."
    },
    {
      "obs": "You pick up the keychain 1 from the sidetable 2.",
      "act": "go to sofa 1",
      "thought": "I am now in/on: sidetable 2\nCritical objects I have found:\nkeychain 1 (sidetable 2)\nObjects I have taken:\nkeychain 1\nNow I have taken the keychain (1). Next, I need to go to and put it on the sofa 1."
    },
    {
      "obs": "You arrive at loc 23. On the sofa 1, you see a pillow 1.",
      "act": "put keychain 1 in/on sofa 1",
      "thought": "I am now in/on: sofa 1\nCritical objects I have found:\nkeychain 1 (sidetable 2)\nObjects I have taken:\nkeychain 1\nNow I am on the sofa 1. Next, I need to put the keychain 1 in/on it."
    },
    {
      "obs": "You put the keychain 1 in/on the sofa 1.",
      "act": "go to drawer 4"
    }
  ]
}