{
  "task": "put a cellphone in diningtable.",
  "traj": [
    {
      "obs": "You are in the middle of a room. Looking quickly around you, you see a bed 1, a diningtable 1, a drawer 1, a drawer 2, a drawer 3, a drawer 4, a garbagecan 1, a sidetable 1, and a sidetable 2.",
      "act": "go to sidetable 2",
      "thought": "I am now in/on: the middle of a room\nCritical objects I have found:\nNone\nObjects I have taken:\nNone\nTo solve the task, I need to find and take a cellphone, then put it on the diningtable. First, I need to find a cellphone. A cellphone is more likely to appear on sidetables (1-2), drawers (1-4), or maybe even on the diningtable itself. I will check one by one, starting with sidetable 2."
    },
    {
      "obs": "You arrive at loc 2. On the sidetable 2, you see a alarmclock 1, a cellphone 2, and a pen 2.",
      "act": "take cellphone 2 from sidetable 2",
      "thought": "I am now in/on: sidetable 2\nCritical objects I have found:\ncellphone 2 (sidetable 2)\nObjects I have taken:\nNone\nI have found a cellphone (2) on sidetable 2. Next, I need to take it."
    },
    {
      "obs": "You pick up the cellphone 2 from the sidetable 2.",
      "act": "go to diningtable 1",
      "thought": "I am now in/on: sidetable 2\nCritical objects I have found:\ncellphone 2 (sidetable 2)\nObjects I have taken:\ncellphone 2\nNow that I have the cellphone (2), I need to go to the diningtable 1 to put it there."
    },
    {
      "obs": "You arrive at loc 7. On the diningtable 1, you see a alarmclock 2, a book 1, a cd 1, a creditcard 1, a keychain 2, a laptop 2, a mug 1, a pen 1, a pen 3, and a pencil 1.",
      "act": "put cellphone 2 in/on diningtable 1",
      "thought": "I am now in/on: diningtable 1\nCritical objects I have found:\ncellphone 2 (sidetable 2)\nObjects I have taken:\ncellphone 2\nNow I am at the diningtable 1. Next, I need to put the cellphone 2 on it."
    },
    {
      "obs": "You put the cellphone 2 in/on the diningtable 1.",
      "act": "go to sidetable 2"
    }
  ]
}