{
  "task": "put a keychain in armchair.",
  "traj": [
    {
      "obs": "You are in the middle of a room. Looking quickly around you, you see a armchair 1, a bed 1, a cabinet 1, a cabinet 2, a cabinet 3, a cabinet 4, a drawer 1, a drawer 2, a drawer 3, a drawer 4, a drawer 5, a drawer 6, a dresser 1, a garbagecan 1, a sidetable 1, and a sidetable 2.",
      "act": "go to armchair 1",
      "thought": "I am now in/on: the middle of a room\nCritical objects I have found:\nNone\nObjects I have taken:\nNone\nTo solve the task, I need to find and take a keychain, then put it in the armchair. First, I need to find a keychain. A keychain is more likely to appear in drawers (1-6), cabinets (1-4), dresser (1), sidetables (1-2), or garbagecan (1). I can check one by one, starting with the closest storage furniture, which could be any of the drawers or cabinets."
    },
    {
      "obs": "You arrive at loc 12. On the armchair 1, you see a book 1, and a cellphone 1.",
      "act": "go to sidetable 1",
      "thought": "I am now in/on: armchair 1\nCritical objects I have found:\nNone\nObjects I have taken:\nNone\nOn armchair 1, there is no keychain. Next, I need to check sidetable 1, as it is a common place for small items like keychains."
    },
    {
      "obs": "You arrive at loc 4. On the sidetable 1, you see a alarmclock 2, a cellphone 3, and a mug 2.",
      "act": "go to drawer 5",
      "thought": "I am now in/on: sidetable 1\nCritical objects I have found:\nNone\nObjects I have taken:\nNone\nOn sidetable 1, there is no keychain. Next, I need to check drawer 5, as drawers are also common places for small items like keychains."
    },
    {
      "obs": "You arrive at loc 2. On the drawer 5, you see a cd 2.",
      "act": "go to drawer 2",
      "thought": "I am now in/on: drawer 5\nCritical objects I have found:\nNone\nObjects I have taken:\nNone\nIn drawer 5, there is no keychain. Next, I need to check drawer 2."
    },
    {
      "obs": "You arrive at loc 7. The drawer 2 is closed.",
      "act": "open drawer 2",
      "thought": "I am now in/on: drawer 5\nCritical objects I have found:\nNone\nObjects I have taken:\nNone\nTo see objects in drawer 2, I have to open it first."
    },
    {
      "obs": "You open the drawer 2. The drawer 2 is open. In it, you see nothing.",
      "act": "go to drawer 3",
      "thought": "I am now in/on: drawer 2\nCritical objects I have found:\nNone\nObjects I have taken:\nNone\nDrawer 2 is empty, so there is no keychain there. Next, I need to check drawer 3."
    },
    {
      "obs": "You arrive at loc 8. The drawer 3 is closed.",
      "act": "open drawer 3",
      "thought": "I am now in/on: drawer 2\nCritical objects I have found:\nNone\nObjects I have taken:\nNone\nDrawer 2 is empty, so there is no keychain there. Now I need to open drawer 3 to check for a keychain."
    },
    {
      "obs": "You open the drawer 3. The drawer 3 is open. In it, you see nothing.",
      "act": "go to drawer 1",
      "thought": "I am now in/on: drawer 3\nCritical objects I have found:\nNone\nObjects I have taken:\nNone\nDrawer 3 is empty, so there is no keychain there. Next, I need to check drawer 1."
    },
    {
      "obs": "You arrive at loc 6. The drawer 1 is closed.",
      "act": "open drawer 1",
      "thought": "I am now in/on: drawer 3\nCritical objects I have found:\nNone\nObjects I have taken:\nNone\nDrawer 3 is empty, so there is no keychain there. Now I need to open drawer 1 to check for a keychain."
    },
    {
      "obs": "You open the drawer 1. The drawer 1 is open. In it, you see nothing.",
      "act": "go to dresser 1",
      "thought": "I am now in/on: drawer 1\nCritical objects I have found:\nNone\nObjects I have taken:\nNone\nDrawer 1 is empty, so there is no keychain there. Next, I need to check dresser 1, as it is another common place for small items like keychains."
    },
    {
      "obs": "You arrive at loc 5. On the dresser 1, you see a alarmclock 1, a creditcard 1, a keychain 1, a mug 1, a pen 1, and a pencil 1.",
      "act": "take keychain 1 from dresser 1",
      "thought": "I am now in/on: dresser 1\nCritical objects I have found:\nkeychain 1 (dresser 1)\nObjects I have taken:\nNone\nNow I find a keychain (1) on dresser 1. Next, I need to take it."
    },
    {
      "obs": "You pick up the keychain 1 from the dresser 1.",
      "act": "go to armchair 1",
      "thought": "I am now in/on: dresser 1\nCritical objects I have found:\nkeychain 1 (dresser 1)\nObjects I have taken:\nkeychain 1\nNow I have taken the keychain (1). Next, I need to go to and put it in the armchair 1."
    },
    {
      "obs": "You arrive at loc 12. On the armchair 1, you see a book 1, and a cellphone 1.",
      "act": "put keychain 1 in/on armchair 1",
      "thought": "I am now in/on: armchair 1\nCritical objects I have found:\nkeychain 1 (dresser 1)\nObjects I have taken:\nkeychain 1\nNow I am at the armchair 1. Next, I need to put the keychain 1 in/on it."
    },
    {
      "obs": "You put the keychain 1 in/on the armchair 1.",
      "act": "go to sidetable 1"
    }
  ]
}