{
  "task": "put a pen in sidetable.",
  "traj": [
    {
      "obs": "You are in the middle of a room. Looking quickly around you, you see a bed 1, a diningtable 1, a drawer 1, a drawer 2, a drawer 3, a drawer 4, a garbagecan 1, a sidetable 1, and a sidetable 2.",
      "act": "go to sidetable 2",
      "thought": "I am now in/on: the middle of a room\nCritical objects I have found:\nNone\nObjects I have taken:\nNone\nTo solve the task, I need to find and take a pen, then put it in a sidetable. First, I need to find a pen. A pen is more likely to appear in drawers (1-4), sidetables (1-2), or maybe on a diningtable. I can check one by one, starting with sidetable 2 since it's part of the task and might contain a pen."
    },
    {
      "obs": "You arrive at loc 2. On the sidetable 2, you see a cd 2.",
      "act": "go to drawer 1",
      "thought": "I am now in/on: sidetable 2\nCritical objects I have found:\nNone\nObjects I have taken:\nNone\nOn sidetable 2, there is no pen. Next, I need to check drawer 1."
    },
    {
      "obs": "You arrive at loc 13. The drawer 1 is closed.",
      "act": "open drawer 1",
      "thought": "I am now in/on: drawer 1\nCritical objects I have found:\nNone\nObjects I have taken:\nNone\nTo see objects in drawer 1, I have to open it first."
    },
    {
      "obs": "You open the drawer 1. The drawer 1 is open. In it, you see a cd 1.",
      "act": "go to drawer 3",
      "thought": "I am now in/on: drawer 1\nCritical objects I have found:\nNone\nObjects I have taken:\nNone\nIn drawer 1, there is no pen. Next, I need to check drawer 3. (Skipping drawer 2 for now, as it's not mentioned in the sequence.)"
    },
    {
      "obs": "You arrive at loc 3. On the drawer 3, you see a creditcard 3.",
      "act": "go to diningtable 1",
      "thought": "I am now in/on: drawer 3\nCritical objects I have found:\nNone\nObjects I have taken:\nNone\nIn drawer 3, there is no pen. Next, I need to check diningtable 1, as it's a common place where one might leave a pen."
    },
    {
      "obs": "You arrive at loc 7. On the diningtable 1, you see a alarmclock 1, a cellphone 1, a cellphone 2, a creditcard 2, a mug 1, a pen 1, a pen 2, a pencil 1, and a pencil 2.",
      "act": "take pen 1 from diningtable 1",
      "thought": "I am now in/on: diningtable 1\nCritical objects I have found:\npen 1 (diningtable 1)\nObjects I have taken:\nNone\nI have found pens on the diningtable 1. Next, I need to take one of them."
    },
    {
      "obs": "You pick up the pen 1 from the diningtable 1.",
      "act": "go to sidetable 2",
      "thought": "I am now in/on: diningtable 1\nCritical objects I have found:\npen 1 (diningtable 1)\nObjects I have taken:\npen 1\nNow that I have taken pen 1, I need to go to sidetable 2 to complete the task."
    },
    {
      "obs": "You arrive at loc 2. On the sidetable 2, you see a cd 2.",
      "act": "put pen 1 in/on sidetable 2",
      "thought": "I am now in/on: sidetable 2\nCritical objects I have found:\npen 1 (diningtable 1)\nObjects I have taken:\npen 1\nNow I am at sidetable 2. Next, I need to put the pen 1 in/on it to complete the task."
    },
    {
      "obs": "You put the pen 1 in/on the sidetable 2.",
      "act": "go to drawer 1"
    }
  ]
}