{
  "task": "put some peppershaker on drawer.",
  "traj": [
    {
      "obs": "You are in the middle of a room. Looking quickly around you, you see a cabinet 1, a cabinet 10, a cabinet 11, a cabinet 12, a cabinet 13, a cabinet 14, a cabinet 15, a cabinet 16, a cabinet 17, a cabinet 18, a cabinet 19, a cabinet 2, a cabinet 20, a cabinet 3, a cabinet 4, a cabinet 5, a cabinet 6, a cabinet 7, a cabinet 8, a cabinet 9, a coffeemachine 1, a countertop 1, a countertop 2, a countertop 3, a drawer 1, a drawer 2, a drawer 3, a fridge 1, a garbagecan 1, a microwave 1, a shelf 1, a shelf 2, a shelf 3, a sinkbasin 1, a stoveburner 1, a stoveburner 2, a stoveburner 3, a stoveburner 4, and a toaster 1.",
      "act": "go to shelf 1",
      "thought": "I am now in/on: the middle of a room\nCritical objects I have found:\nNone\nObjects I have taken:\nNone\nTo solve the task, I need to find and take a peppershaker, then put it on a drawer. First, I need to find a peppershaker. A peppershaker is more likely to appear on shelves (1-3), countertops (1-3), or cabinets (1-20). I can check one by one, starting with shelf 1."
    },
    {
      "obs": "You arrive at loc 19. On the shelf 1, you see a soapbottle 1.",
      "act": "go to countertop 1",
      "thought": "I am now in/on: shelf 1\nCritical objects I have found:\nNone\nObjects I have taken:\nNone\nOn shelf 1, there is no peppershaker. Next, I need to check countertop 1."
    },
    {
      "obs": "You arrive at loc 21. On the countertop 1, you see a kettle 1, a knife 1, a mug 3, a pan 1, a pot 1, a spatula 1, and a statue 1.",
      "act": "go to cabinet 8",
      "thought": "I am now in/on: countertop 1\nCritical objects I have found:\nNone\nObjects I have taken:\nNone\nOn countertop 1, there is no peppershaker. Next, I need to check cabinet 8, as it's one of the many cabinets where a peppershaker might be stored."
    },
    {
      "obs": "You arrive at loc 33. The cabinet 8 is closed.",
      "act": "open cabinet 8",
      "thought": "I am now in/on: cabinet 8\nCritical objects I have found:\nNone\nObjects I have taken:\nNone\nTo see objects in cabinet 8, I have to open it first."
    },
    {
      "obs": "You open the cabinet 8. The cabinet 8 is open. In it, you see nothing.",
      "act": "go to cabinet 19",
      "thought": "I am now in/on: cabinet 8\nCritical objects I have found:\nNone\nObjects I have taken:\nNone\nIn cabinet 8, there is no peppershaker. Next, I need to check cabinet 19, as it's another possible location for a peppershaker."
    },
    {
      "obs": "You arrive at loc 7. The cabinet 19 is closed.",
      "act": "open cabinet 19",
      "thought": "I am now in/on: cabinet 8\nCritical objects I have found:\nNone\nObjects I have taken:\nNone\nCabinet 8 did not contain a peppershaker. I will now attempt to open cabinet 19 to continue my search for a peppershaker."
    },
    {
      "obs": "You open the cabinet 19. The cabinet 19 is open. In it, you see nothing.",
      "act": "go to cabinet 6",
      "thought": "I am now in/on: cabinet 19\nCritical objects I have found:\nNone\nObjects I have taken:\nNone\nIn cabinet 19, there is no peppershaker. Next, I need to check cabinet 6, as it's another possible location for a peppershaker."
    },
    {
      "obs": "You arrive at loc 20. The cabinet 6 is closed.",
      "act": "open cabinet 6",
      "thought": "I am now in/on: cabinet 19\nCritical objects I have found:\nNone\nObjects I have taken:\nNone\nCabinet 19 did not contain a peppershaker. I will now attempt to open cabinet 6 to continue my search for a peppershaker."
    },
    {
      "obs": "You open the cabinet 6. The cabinet 6 is open. In it, you see nothing.",
      "act": "go to shelf 2",
      "thought": "I am now in/on: cabinet 6\nCritical objects I have found:\nNone\nObjects I have taken:\nNone\nIn cabinet 6, there is no peppershaker. Next, I need to check shelf 2, as it's another possible location for a peppershaker."
    },
    {
      "obs": "You arrive at loc 35. On the shelf 2, you see a mug 1, a peppershaker 1, and a vase 1.",
      "act": "take peppershaker 1 from shelf 2",
      "thought": "I am now in/on: shelf 2\nCritical objects I have found:\npeppershaker 1 (shelf 2)\nObjects I have taken:\nNone\nNow I find a peppershaker (1). Next, I need to take it."
    },
    {
      "obs": "You pick up the peppershaker 1 from the shelf 2.",
      "act": "go to drawer 1",
      "thought": "I am now in/on: shelf 2\nCritical objects I have found:\npeppershaker 1 (shelf 2)\nObjects I have taken:\npeppershaker 1\nNow I have taken the peppershaker (1). Next, I need to go to and put it in/on drawer 1."
    },
    {
      "obs": "You arrive at loc 36. The drawer 1 is closed.",
      "act": "open drawer 1",
      "thought": "I am now in/on: shelf 2\nCritical objects I have found:\npeppershaker 1 (shelf 2)\nObjects I have taken:\npeppershaker 1\nI have the peppershaker (1) and need to put it in/on drawer 1. However, the drawer is closed, so I need to open it first."
    },
    {
      "obs": "You open the drawer 1. The drawer 1 is open. In it, you see a saltshaker 2.",
      "act": "put peppershaker 1 in/on drawer 1",
      "thought": "I am now in/on: drawer 1\nCritical objects I have found:\npeppershaker 1 (shelf 2)\nObjects I have taken:\npeppershaker 1\nNow that drawer 1 is open and I have the peppershaker (1), I can put it in/on the drawer."
    },
    {
      "obs": "You put the peppershaker 1 in/on the drawer 1.",
      "act": "close drawer 1"
    }
  ]
}