{
  "task": "put a statue in coffeetable.",
  "traj": [
    {
      "obs": "You are in the middle of a room. Looking quickly around you, you see a armchair 1, a armchair 2, a coffeetable 1, a diningtable 1, a diningtable 2, a drawer 1, a drawer 2, a garbagecan 1, a sidetable 1, a sidetable 2, a sofa 1, and a tvstand 1.",
      "act": "go to sidetable 1",
      "thought": "I am now in/on: the middle of a room\nCritical objects I have found:\nNone\nObjects I have taken:\nNone\nTo solve the task, I need to find and take a statue, then put it on the coffeetable. First, I need to find a statue. A statue is more likely to appear on surfaces like sidetables, diningtables, or a tvstand. I will check one by one, starting with sidetable 1."
    },
    {
      "obs": "You arrive at loc 2. On the sidetable 1, you see a newspaper 1, a plate 1, a statue 2, and a tissuebox 1.",
      "act": "take statue 2 from sidetable 1",
      "thought": "I am now in/on: sidetable 1\nCritical objects I have found:\nstatue 2 (sidetable 1)\nObjects I have taken:\nNone\nNow I find a statue (2) on sidetable 1. Next, I need to take it."
    },
    {
      "obs": "You pick up the statue 2 from the sidetable 1.",
      "act": "go to coffeetable 1",
      "thought": "I am now in/on: sidetable 1\nCritical objects I have found:\nstatue 2 (sidetable 1)\nObjects I have taken:\nstatue 2\nNow I have taken the statue (2). Next, I need to go to the coffeetable and put the statue on it."
    },
    {
      "obs": "You arrive at loc 18. On the coffeetable 1, you see a book 2, a pencil 2, a pencil 3, a remotecontrol 2, and a vase 2.",
      "act": "put statue 2 in/on coffeetable 1",
      "thought": "I am now in/on: coffeetable 1\nCritical objects I have found:\nstatue 2 (sidetable 1)\nObjects I have taken:\nstatue 2\nNow I am at the coffeetable 1. Next, I need to put the statue 2 on it."
    },
    {
      "obs": "You put the statue 2 in/on the coffeetable 1.",
      "act": "go to sidetable 1"
    }
  ]
}