{
  "task": "put some remotecontrol on armchair.",
  "traj": [
    {
      "obs": "You are in the middle of a room. Looking quickly around you, you see a armchair 1, a coffeetable 1, a drawer 1, a drawer 2, a drawer 3, a drawer 4, a drawer 5, a drawer 6, a drawer 7, a garbagecan 1, a sidetable 1, a sidetable 2, a sidetable 3, a sofa 1, a sofa 2, and a tvstand 1.",
      "act": "go to sidetable 1",
      "thought": "I am now in/on: the middle of a room\nCritical objects I have found:\nNone\nObjects I have taken:\nNone\nTo solve the task, I need to find and take a remote control, then put it on the armchair. First, I need to find a remote control. A remote control is more likely to appear on sidetables (1-3), coffeetable (1), tvstand (1), or drawers (1-7). I can check one by one, starting with sidetable 1."
    },
    {
      "obs": "You arrive at loc 11. On the sidetable 1, you see a watch 1.",
      "act": "go to drawer 3",
      "thought": "I am now in/on: sidetable 1\nCritical objects I have found:\nNone\nObjects I have taken:\nNone\nOn sidetable 1, there is no remote control. Next, I need to check drawer 3."
    },
    {
      "obs": "You arrive at loc 15. The drawer 3 is closed.",
      "act": "open drawer 3",
      "thought": "I am now in/on: drawer 3\nCritical objects I have found:\nNone\nObjects I have taken:\nNone\nTo see objects in drawer 3, I have to open it first."
    },
    {
      "obs": "You open the drawer 3. The drawer 3 is open. In it, you see a watch 2.",
      "act": "go to sidetable 3",
      "thought": "I am now in/on: drawer 3\nCritical objects I have found:\nNone\nObjects I have taken:\nNone\nIn drawer 3, there is no remote control. Next, I need to check sidetable 3."
    },
    {
      "obs": "You arrive at loc 6. On the sidetable 3, you see a box 1.",
      "act": "go to drawer 4",
      "thought": "I am now in/on: sidetable 3\nCritical objects I have found:\nNone\nObjects I have taken:\nNone\nOn sidetable 3, there is no remote control. Next, I need to check drawer 4."
    },
    {
      "obs": "You arrive at loc 15. The drawer 4 is closed.",
      "act": "open drawer 4",
      "thought": "I am now in/on: drawer 4\nCritical objects I have found:\nNone\nObjects I have taken:\nNone\nTo see objects in drawer 4, I have to open it first."
    },
    {
      "obs": "You open the drawer 4. The drawer 4 is open. In it, you see nothing.",
      "act": "go to sidetable 2",
      "thought": "I am now in/on: drawer 4\nCritical objects I have found:\nNone\nObjects I have taken:\nNone\nIn drawer 4, there is no remote control. Next, I need to check sidetable 2."
    },
    {
      "obs": "You arrive at loc 12. On the sidetable 2, you see nothing.",
      "act": "go to sofa 1",
      "thought": "I am now in/on: sidetable 2\nCritical objects I have found:\nNone\nObjects I have taken:\nNone\nOn sidetable 2, there is no remote control. Next, I need to check sofa 1, as sometimes objects can be found between the cushions or on the sofa."
    },
    {
      "obs": "You arrive at loc 13. On the sofa 1, you see a remotecontrol 1.",
      "act": "take remotecontrol 1 from sofa 1",
      "thought": "I am now in/on: sofa 1\nCritical objects I have found:\nremotecontrol 1 (sofa 1)\nObjects I have taken:\nNone\nNow I find a remote control (1). Next, I need to take it."
    },
    {
      "obs": "You pick up the remotecontrol 1 from the sofa 1.",
      "act": "go to armchair 1",
      "thought": "I am now in/on: sofa 1\nCritical objects I have found:\nremotecontrol 1 (sofa 1)\nObjects I have taken:\nremotecontrol 1\nNow I have taken the remote control (1). Next, I need to go to and put it on the armchair 1."
    },
    {
      "obs": "You arrive at loc 22. On the armchair 1, you see a newspaper 1.",
      "act": "put remotecontrol 1 in/on armchair 1",
      "thought": "I am now in/on: armchair 1\nCritical objects I have found:\nremotecontrol 1 (sofa 1)\nObjects I have taken:\nremotecontrol 1\nNow I am at the armchair 1. Next, I need to put the remote control 1 on it."
    },
    {
      "obs": "You put the remotecontrol 1 in/on the armchair 1.",
      "act": "go to sidetable 1"
    }
  ]
}