{
  "task": "put some spraybottle on toilet.",
  "traj": [
    {
      "obs": "You are in the middle of a room. Looking quickly around you, you see a bathtubbasin 1, a countertop 1, a drawer 1, a drawer 2, a drawer 3, a drawer 4, a drawer 5, a drawer 6, a drawer 7, a drawer 8, a garbagecan 1, a handtowelholder 1, a sinkbasin 1, a toilet 1, a toiletpaperhanger 1, a towelholder 1, and a towelholder 2.",
      "act": "go to drawer 8",
      "thought": "I am now in/on: the middle of a room\nCritical objects I have found:\nNone\nObjects I have taken:\nNone\nTo solve the task, I need to find and take a spraybottle, then put it on the toilet. First, I need to find a spraybottle. A spraybottle is more likely to appear in drawers (1-8), countertop (1), or garbagecan (1). I will check the drawers first, starting with drawer 8."
    },
    {
      "obs": "You arrive at loc 10. The drawer 8 is closed.",
      "act": "open drawer 8",
      "thought": "I am now in/on: drawer 8\nCritical objects I have found:\nNone\nObjects I have taken:\nNone\nTo see objects in drawer 8, I have to open it first."
    },
    {
      "obs": "You open the drawer 8. The drawer 8 is open. In it, you see nothing.",
      "act": "go to toilet 1",
      "thought": "I am now in/on: drawer 8\nCritical objects I have found:\nNone\nObjects I have taken:\nNone\nDrawer 8 is empty, so there is no spraybottle here. I need to continue searching for a spraybottle. Since I have not checked the other drawers, countertop, or garbagecan, I should proceed with those. However, I mistakenly chose to go to the toilet instead of continuing my search. I need to correct this and continue searching for the spraybottle."
    },
    {
      "obs": "You arrive at loc 1. On the toilet 1, you see a candle 1, and a tissuebox 1.",
      "act": "go to garbagecan 1",
      "thought": "I am now in/on: toilet 1\nCritical objects I have found:\nNone\nObjects I have taken:\nNone\nI mistakenly went to the toilet instead of continuing to search for the spraybottle. I need to continue my search. Next, I will check the garbagecan 1 for a spraybottle."
    },
    {
      "obs": "You arrive at loc 3. On the garbagecan 1, you see nothing.",
      "act": "go to countertop 1",
      "thought": "I am now in/on: garbagecan 1\nCritical objects I have found:\nNone\nObjects I have taken:\nNone\nThe garbagecan 1 is empty, so there is no spraybottle here. I need to continue my search. Next, I will check the countertop 1 for a spraybottle."
    },
    {
      "obs": "You arrive at loc 12. On the countertop 1, you see a cloth 2, a soapbar 1, a spraybottle 1, a spraybottle 2, and a toiletpaper 1.",
      "act": "take spraybottle 1 from countertop 1",
      "thought": "I am now in/on: countertop 1\nCritical objects I have found:\nspraybottle 1 (countertop 1)\nObjects I have taken:\nNone\nI have found a spraybottle (1) on the countertop 1. Next, I need to take it."
    },
    {
      "obs": "You pick up the spraybottle 1 from the countertop 1.",
      "act": "go to toilet 1",
      "thought": "I am now in/on: countertop 1\nCritical objects I have found:\nspraybottle 1 (countertop 1)\nObjects I have taken:\nspraybottle 1\nNow that I have the spraybottle (1), I need to go to the toilet and put it there."
    },
    {
      "obs": "You pick up the spraybottle 1 from the countertop 1.",
      "act": "put spraybottle 1 in/on toilet 1",
      "thought": "I am now in/on: countertop 1\nCritical objects I have found:\nspraybottle 1 (countertop 1)\nObjects I have taken:\nspraybottle 1\nNow that I have the spraybottle (1), I need to go to the toilet and put it there."
    },
    {
      "obs": "You put the spraybottle 1 in/on the toilet 1.",
      "act": "go to drawer 8"
    }
  ]
}