{
  "task": "put some keychain on sidetable.",
  "traj": [
    {
      "obs": "You are in the middle of a room. Looking quickly around you, you see a armchair 1, a bed 1, a cabinet 1, a cabinet 2, a cabinet 3, a cabinet 4, a drawer 1, a drawer 2, a drawer 3, a drawer 4, a drawer 5, a drawer 6, a dresser 1, a garbagecan 1, a sidetable 1, and a sidetable 2.",
      "act": "go to armchair 1",
      "thought": "I am now in/on: the middle of a room\nCritical objects I have found:\nNone\nObjects I have taken:\nNone\nTo solve the task, I need to find and take a keychain, then put it on a sidetable. First, I need to find a keychain. A keychain is more likely to appear in drawers (1-6), cabinets (1-4), dresser (1), or perhaps on a sidetable (1-2). I can check one by one, starting with the nearest likely location, which is armchair 1, although it's less likely to find a keychain there."
    },
    {
      "obs": "You arrive at loc 15. On the armchair 1, you see a cellphone 1.",
      "act": "go to sidetable 1",
      "thought": "I am now in/on: armchair 1\nCritical objects I have found:\nNone\nObjects I have taken:\nNone\nOn armchair 1, there is no keychain. Next, I need to check sidetable 1, as it is a likely place to find a keychain and it's part of the task to put the keychain on a sidetable. If it's already there, I won't need to move it. If it's not, I will continue searching other locations."
    },
    {
      "obs": "You arrive at loc 4. On the sidetable 1, you see a creditcard 1, a creditcard 2, a mug 3, a pen 1, and a pencil 2.",
      "act": "go to drawer 5",
      "thought": "I am now in/on: sidetable 1\nCritical objects I have found:\nNone\nObjects I have taken:\nNone\nOn sidetable 1, there is no keychain. Next, I need to check the drawers, starting with drawer 5 as it's one of the many drawers in the room where a keychain might be found."
    },
    {
      "obs": "You arrive at loc 2. On the drawer 5, you see nothing.",
      "act": "go to drawer 2",
      "thought": "I am now in/on: drawer 5\nCritical objects I have found:\nNone\nObjects I have taken:\nNone\nIn drawer 5, there is no keychain. Next, I need to check drawer 2."
    },
    {
      "obs": "You arrive at loc 10. The drawer 2 is closed.",
      "act": "open drawer 2",
      "thought": "I am now in/on: drawer 5\nCritical objects I have found:\nNone\nObjects I have taken:\nNone\nDrawer 5 is empty, so I will now attempt to open drawer 2 to continue searching for the keychain."
    },
    {
      "obs": "You open the drawer 2. The drawer 2 is open. In it, you see nothing.",
      "act": "go to drawer 1",
      "thought": "I am now in/on: drawer 2\nCritical objects I have found:\nNone\nObjects I have taken:\nNone\nDrawer 2 is empty, so I will now check drawer 1 for the keychain."
    },
    {
      "obs": "You arrive at loc 9. The drawer 1 is closed.",
      "act": "open drawer 1",
      "thought": "I am now in/on: drawer 2\nCritical objects I have found:\nNone\nObjects I have taken:\nNone\nDrawer 2 is empty, so I will now attempt to open drawer 1 to continue searching for the keychain."
    },
    {
      "obs": "You open the drawer 1. The drawer 1 is open. In it, you see nothing.",
      "act": "go to drawer 3",
      "thought": "I am now in/on: drawer 1\nCritical objects I have found:\nNone\nObjects I have taken:\nNone\nDrawer 1 is empty, so I will now check drawer 3 for the keychain."
    },
    {
      "obs": "You arrive at loc 11. The drawer 3 is closed.",
      "act": "open drawer 3",
      "thought": "I am now in/on: drawer 1\nCritical objects I have found:\nNone\nObjects I have taken:\nNone\nDrawer 1 is empty, so I will now attempt to open drawer 3 to continue searching for the keychain."
    },
    {
      "obs": "You open the drawer 3. The drawer 3 is open. In it, you see nothing.",
      "act": "go to dresser 1",
      "thought": "I am now in/on: drawer 3\nCritical objects I have found:\nNone\nObjects I have taken:\nNone\nDrawer 3 is empty, so I will now check dresser 1 for the keychain. Dressers are also common places where people might store small items like keychains."
    },
    {
      "obs": "You arrive at loc 8. On the dresser 1, you see a alarmclock 1, a book 1, a keychain 1, a laptop 1, a mug 1, and a pencil 1.",
      "act": "take keychain 1 from dresser 1",
      "thought": "I am now in/on: dresser 1\nCritical objects I have found:\nkeychain 1 (dresser 1)\nObjects I have taken:\nNone\nI have found a keychain (1) on dresser 1. Next, I need to take it."
    },
    {
      "obs": "You pick up the keychain 1 from the dresser 1.",
      "act": "go to sidetable 1",
      "thought": "I am now in/on: dresser 1\nCritical objects I have found:\nkeychain 1 (dresser 1)\nObjects I have taken:\nkeychain 1\nNow that I have the keychain (1), I need to put it on a sidetable. I will go to sidetable 1 to complete the task."
    },
    {
      "obs": "You arrive at loc 4. On the sidetable 1, you see a creditcard 1, a creditcard 2, a mug 3, a pen 1, and a pencil 2.",
      "act": "put keychain 1 in/on sidetable 1",
      "thought": "I am now in/on: sidetable 1\nCritical objects I have found:\nkeychain 1 (dresser 1)\nObjects I have taken:\nkeychain 1\nNow I am at sidetable 1. Next, I need to put the keychain 1 in/on it to complete the task."
    },
    {
      "obs": "You put the keychain 1 in/on the sidetable 1.",
      "act": "go to armchair 1"
    }
  ]
}