{
  "task": "put some vase on safe.",
  "traj": [
    {
      "obs": "You are in the middle of a room. Looking quickly around you, you see a armchair 1, a coffeetable 1, a desk 1, a diningtable 1, a drawer 1, a drawer 2, a drawer 3, a drawer 4, a drawer 5, a drawer 6, a garbagecan 1, a safe 1, a shelf 1, a shelf 2, a shelf 3, a sofa 1, a sofa 2, and a tvstand 1.",
      "act": "go to diningtable 1",
      "thought": "I am now in/on: the middle of a room\nCritical objects I have found:\nNone\nObjects I have taken:\nNone\nTo solve the task, I need to find and take a vase, then put it on the safe. First, I need to find a vase. A vase is more likely to appear on surfaces like diningtables, shelves, coffeetables, or tvstands. I can check one by one, starting with diningtable 1."
    },
    {
      "obs": "You arrive at loc 4. On the diningtable 1, you see a box 1, and a laptop 2.",
      "act": "go to shelf 3",
      "thought": "I am now in/on: diningtable 1\nCritical objects I have found:\nNone\nObjects I have taken:\nNone\nOn diningtable 1, there is no vase. Next, I need to check shelf 3."
    },
    {
      "obs": "You arrive at loc 18. On the shelf 3, you see a statue 1.",
      "act": "go to coffeetable 1",
      "thought": "I am now in/on: shelf 3\nCritical objects I have found:\nNone\nObjects I have taken:\nNone\nOn shelf 3, there is no vase. Next, I need to check coffeetable 1."
    },
    {
      "obs": "You arrive at loc 2. On the coffeetable 1, you see a creditcard 1, a laptop 3, a vase 3, and a vase 4.",
      "act": "take vase 3 from coffeetable 1",
      "thought": "I am now in/on: coffeetable 1\nCritical objects I have found:\nvase 3 (coffeetable 1)\nObjects I have taken:\nNone\nNow I find a vase (3). Next, I need to take it."
    },
    {
      "obs": "You pick up the vase 3 from the coffeetable 1.",
      "act": "go to safe 1",
      "thought": "I am now in/on: coffeetable 1\nCritical objects I have found:\nvase 3 (coffeetable 1)\nObjects I have taken:\nvase 3\nNow I have taken vase 3. Next, I need to go to and put it on the safe 1."
    },
    {
      "obs": "You arrive at loc 10. The safe 1 is closed.",
      "act": "open safe 1",
      "thought": "I am now in/on: safe 1\nCritical objects I have found:\nvase 3 (coffeetable 1)\nObjects I have taken:\nvase 3\nThe safe is closed, but my task is to put the vase on the safe, not inside it. Therefore, I don't need to open the safe. I should put the vase on top of the safe."
    },
    {
      "obs": "You open the safe 1. The safe 1 is open. In it, you see nothing.",
      "act": "put vase 3 in/on safe 1",
      "thought": "I am now in/on: safe 1\nCritical objects I have found:\nvase 3 (coffeetable 1)\nObjects I have taken:\nvase 3\nI have opened the safe, but my task was to put the vase on the safe. Since the safe is now open, I will place the vase on top of it to complete the task."
    },
    {
      "obs": "You put the vase 3 in/on the safe 1.",
      "act": "close safe 1"
    }
  ]
}