{
  "task": "put a cd in sidetable.",
  "traj": [
    {
      "obs": "You are in the middle of a room. Looking quickly around you, you see a bed 1, a desk 1, a drawer 1, a drawer 2, a garbagecan 1, a shelf 1, and a sidetable 1.",
      "act": "go to drawer 2",
      "thought": "I am now in/on: the middle of a room\nCritical objects I have found:\nNone\nObjects I have taken:\nNone\nTo solve the task, I need to find and take a CD, then put it in the sidetable. First, I need to find a CD. A CD is more likely to appear in drawers (1-2), shelf (1), or maybe even on the desk (1). I will check one by one, starting with drawer 2."
    },
    {
      "obs": "You arrive at loc 8. The drawer 2 is closed.",
      "act": "open drawer 2",
      "thought": "I am now in/on: drawer 2\nCritical objects I have found:\nNone\nObjects I have taken:\nNone\nTo see objects in drawer 2, I have to open it first."
    },
    {
      "obs": "You open the drawer 2. The drawer 2 is open. In it, you see a cd 4.",
      "act": "take cd 4 from drawer 2",
      "thought": "I am now in/on: drawer 2\nCritical objects I have found:\ncd 4 (drawer 2)\nObjects I have taken:\nNone\nNow I have found a CD (4). Next, I need to take it."
    },
    {
      "obs": "You pick up the cd 4 from the drawer 2.",
      "act": "go to sidetable 1",
      "thought": "I am now in/on: drawer 2\nCritical objects I have found:\ncd 4 (drawer 2)\nObjects I have taken:\ncd 4\nNow I have taken a CD (4). Next, I need to go to the sidetable and put it in there."
    },
    {
      "obs": "You arrive at loc 7. On the sidetable 1, you see a alarmclock 2, a creditcard 2, a pen 1, and a pen 2.",
      "act": "put cd 4 in/on sidetable 1",
      "thought": "I am now in/on: sidetable 1\nCritical objects I have found:\ncd 4 (drawer 2)\nObjects I have taken:\ncd 4\nNow I am at the sidetable 1. Next, I need to put the CD (4) in/on it."
    },
    {
      "obs": "You put the cd 4 in/on the sidetable 1.",
      "act": "go to drawer 2"
    }
  ]
}