{
  "task": "put some soapbottle on countertop.",
  "traj": [
    {
      "obs": "You are in the middle of a room. Looking quickly around you, you see a cabinet 1, a cabinet 2, a cabinet 3, a cabinet 4, a countertop 1, a garbagecan 1, a handtowelholder 1, a sinkbasin 1, a sinkbasin 2, a toilet 1, a toiletpaperhanger 1, and a towelholder 1.",
      "act": "go to cabinet 1",
      "thought": "I am now in/on: the middle of a room\nCritical objects I have found:\nNone\nObjects I have taken:\nNone\nTo solve the task, I need to find and take a soapbottle, then put it on the countertop. First, I need to find a soapbottle. A soapbottle is more likely to appear in cabinets (1-4), sinkbasins (1-2), or possibly on the countertop (1) already. I will check one by one, starting with cabinet 1."
    },
    {
      "obs": "You arrive at loc 10. The cabinet 1 is closed.",
      "act": "open cabinet 1",
      "thought": "I am now in/on: cabinet 1\nCritical objects I have found:\nNone\nObjects I have taken:\nNone\nTo see objects in cabinet 1, I have to open it first."
    },
    {
      "obs": "You open the cabinet 1. The cabinet 1 is open. In it, you see a soapbottle 1.",
      "act": "take soapbottle 1 from cabinet 1",
      "thought": "I am now in/on: cabinet 1\nCritical objects I have found:\nsoapbottle 1 (cabinet 1)\nObjects I have taken:\nNone\nNow I find a soapbottle (1). Next, I need to take it."
    },
    {
      "obs": "You pick up the soapbottle 1 from the cabinet 1.",
      "act": "go to countertop 1",
      "thought": "I am now in/on: cabinet 1\nCritical objects I have found:\nsoapbottle 1 (cabinet 1)\nObjects I have taken:\nsoapbottle 1\nNow I have taken the soapbottle (1). Next, I need to go to and put it on the countertop 1."
    },
    {
      "obs": "You arrive at loc 5. On the countertop 1, you see a soapbar 1, a spraybottle 1, and a spraybottle 3.",
      "act": "put soapbottle 1 in/on countertop 1",
      "thought": "I am now in/on: countertop 1\nCritical objects I have found:\nsoapbottle 1 (cabinet 1)\nObjects I have taken:\nsoapbottle 1\nNow I am at the countertop 1. Next, I need to put the soapbottle 1 on it."
    },
    {
      "obs": "You put the soapbottle 1 in/on the countertop 1.",
      "act": "go to cabinet 1"
    }
  ]
}