{
  "task": "put some box on dresser.",
  "traj": [
    {
      "obs": "You are in the middle of a room. Looking quickly around you, you see a armchair 1, a cabinet 1, a drawer 1, a drawer 10, a drawer 11, a drawer 12, a drawer 13, a drawer 14, a drawer 15, a drawer 16, a drawer 17, a drawer 18, a drawer 19, a drawer 2, a drawer 20, a drawer 21, a drawer 3, a drawer 4, a drawer 5, a drawer 6, a drawer 7, a drawer 8, a drawer 9, a dresser 1, a garbagecan 1, a sidetable 1, a sidetable 2, a sidetable 3, a sidetable 4, a sidetable 5, and a sofa 1.",
      "act": "go to drawer 6",
      "thought": "I am now in/on: the middle of a room\nCritical objects I have found:\nNone\nObjects I have taken:\nNone\nTo solve the task, I need to find and take a box, then put it on the dresser. First, I need to find a box. A box is more likely to appear in drawers (1-21), sidetables (1-5), or the dresser (1). I can check one by one, starting with drawer 6."
    },
    {
      "obs": "You arrive at loc 27. The drawer 6 is closed.",
      "act": "open drawer 6",
      "thought": "I am now in/on: drawer 6\nCritical objects I have found:\nNone\nObjects I have taken:\nNone\nTo see objects in drawer 6, I have to open it first."
    },
    {
      "obs": "You open the drawer 6. The drawer 6 is open. In it, you see nothing.",
      "act": "go to drawer 17",
      "thought": "I am now in/on: drawer 6\nCritical objects I have found:\nNone\nObjects I have taken:\nNone\nDrawer 6 is empty. Next, I need to check drawer 17 for a box."
    },
    {
      "obs": "You arrive at loc 10. The drawer 17 is closed.",
      "act": "open drawer 17",
      "thought": "I am now in/on: drawer 6\nCritical objects I have found:\nNone\nObjects I have taken:\nNone\nDrawer 6 is empty. Now I will open drawer 17 to check for a box."
    },
    {
      "obs": "You open the drawer 17. The drawer 17 is open. In it, you see nothing.",
      "act": "go to drawer 11",
      "thought": "I am now in/on: drawer 17\nCritical objects I have found:\nNone\nObjects I have taken:\nNone\nDrawer 17 is empty. Next, I need to check drawer 11 for a box."
    },
    {
      "obs": "You arrive at loc 11. The drawer 11 is closed.",
      "act": "open drawer 11",
      "thought": "I am now in/on: drawer 17\nCritical objects I have found:\nNone\nObjects I have taken:\nNone\nDrawer 17 is empty. Now I will open drawer 11 to check for a box."
    },
    {
      "obs": "You open the drawer 11. The drawer 11 is open. In it, you see nothing.",
      "act": "go to drawer 16",
      "thought": "I am now in/on: drawer 11\nCritical objects I have found:\nNone\nObjects I have taken:\nNone\nDrawer 11 is empty. Next, I need to check drawer 16 for a box."
    },
    {
      "obs": "You arrive at loc 8. The drawer 16 is closed.",
      "act": "open drawer 16",
      "thought": "I am now in/on: drawer 11\nCritical objects I have found:\nNone\nObjects I have taken:\nNone\nDrawer 11 is empty. Now I will open drawer 16 to check for a box."
    },
    {
      "obs": "You open the drawer 16. The drawer 16 is open. In it, you see nothing.",
      "act": "go to cabinet 1",
      "thought": "I am now in/on: drawer 16\nCritical objects I have found:\nNone\nObjects I have taken:\nNone\nDrawer 16 is empty. Next, I need to check cabinet 1 for a box."
    },
    {
      "obs": "You arrive at loc 48. On the cabinet 1, you see nothing.",
      "act": "go to sidetable 2",
      "thought": "I am now in/on: cabinet 1\nCritical objects I have found:\nNone\nObjects I have taken:\nNone\nCabinet 1 is empty. Next, I need to check sidetable 2 for a box."
    },
    {
      "obs": "You arrive at loc 34. On the sidetable 2, you see a box 2.",
      "act": "take box 2 from sidetable 2",
      "thought": "I am now in/on: sidetable 2\nCritical objects I have found:\nbox 2 (sidetable 2)\nObjects I have taken:\nNone\nNow I find a box (2). Next, I need to take it."
    },
    {
      "obs": "You pick up the box 2 from the sidetable 2.",
      "act": "go to dresser 1",
      "thought": "I am now in/on: sidetable 2\nCritical objects I have found:\nbox 2 (sidetable 2)\nObjects I have taken:\nbox 2\nNow I have taken the box (2). Next, I need to go to and put it on the dresser 1."
    },
    {
      "obs": "You arrive at loc 17. On the dresser 1, you see a book 1, a newspaper 1, a remotecontrol 1, a statue 3, and a television 1.",
      "act": "put box 2 in/on dresser 1",
      "thought": "I am now in/on: sidetable 2\nCritical objects I have found:\nbox 2 (sidetable 2)\nObjects I have taken:\nbox 2\nNow I am at the dresser 1. Next, I need to put the box 2 on it."
    },
    {
      "obs": "You put the box 2 in/on the dresser 1.",
      "act": "go to drawer 6"
    }
  ]
}