{
  "task": "put a pencil in desk.",
  "traj": [
    {
      "obs": "You are in the middle of a room. Looking quickly around you, you see a bed 1, a cabinet 1, a cabinet 2, a cabinet 3, a cabinet 4, a desk 1, a drawer 1, a drawer 2, a garbagecan 1, a shelf 1, and a sidetable 1.",
      "act": "go to drawer 1",
      "thought": "I am now in/on: the middle of a room\nCritical objects I have found:\nNone\nObjects I have taken:\nNone\nTo solve the task, I need to find and take a pencil, then put it in the desk. First, I need to find a pencil. A pencil is more likely to be found in drawers (1-2), desk (1), or maybe on a shelf (1). I will start by checking drawer 1."
    },
    {
      "obs": "You arrive at loc 17. The drawer 1 is closed.",
      "act": "open drawer 1",
      "thought": "I am now in/on: drawer 1\nCritical objects I have found:\nNone\nObjects I have taken:\nNone\nTo see objects in drawer 1, I have to open it first."
    },
    {
      "obs": "You open the drawer 1. The drawer 1 is open. In it, you see a pencil 1.",
      "act": "take pencil 1 from drawer 1",
      "thought": "I am now in/on: drawer 1\nCritical objects I have found:\npencil 1 (drawer 1)\nObjects I have taken:\nNone\nNow I have found a pencil (1) in drawer 1. Next, I need to take it."
    },
    {
      "obs": "You pick up the pencil 1 from the drawer 1.",
      "act": "go to desk 1",
      "thought": "I am now in/on: drawer 1\nCritical objects I have found:\npencil 1 (drawer 1)\nObjects I have taken:\npencil 1\nNow that I have the pencil (1), I need to go to the desk and put it there."
    },
    {
      "obs": "You arrive at loc 8. On the desk 1, you see a book 1, a box 1, a keychain 3, a laptop 1, a pen 1, and a pen 2.",
      "act": "put pencil 1 in/on desk 1",
      "thought": "I am now in/on: desk 1\nCritical objects I have found:\npencil 1 (drawer 1)\nObjects I have taken:\npencil 1\nNow I am at the desk 1. Next, I need to put the pencil 1 in/on it."
    },
    {
      "obs": "You put the pencil 1 in/on the desk 1.",
      "act": "go to drawer 1"
    }
  ]
}