{
  "task": "put a pen in sidetable.",
  "traj": [
    {
      "obs": "You are in the middle of a room. Looking quickly around you, you see a armchair 1, a bed 1, a cabinet 1, a cabinet 2, a cabinet 3, a cabinet 4, a drawer 1, a drawer 2, a drawer 3, a drawer 4, a drawer 5, a drawer 6, a dresser 1, a garbagecan 1, a sidetable 1, and a sidetable 2.",
      "act": "go to drawer 5",
      "thought": "I am now in/on: the middle of a room\nCritical objects I have found:\nNone\nObjects I have taken:\nNone\nTo solve the task, I need to find and take a pen, then put it in a sidetable. First, I need to find a pen. A pen is more likely to appear in drawers (1-6), dresser (1), or sidetables (1-2). I can check one by one, starting with drawer 5."
    },
    {
      "obs": "You arrive at loc 2. On the drawer 5, you see nothing.",
      "act": "go to sidetable 1",
      "thought": "I am now in/on: drawer 5\nCritical objects I have found:\nNone\nObjects I have taken:\nNone\nIn drawer 5, there is no pen. Next, I need to check sidetable 1."
    },
    {
      "obs": "You arrive at loc 5. On the sidetable 1, you see a creditcard 2, a creditcard 3, a mug 2, and a pencil 3.",
      "act": "go to drawer 2",
      "thought": "I am now in/on: sidetable 1\nCritical objects I have found:\nNone\nObjects I have taken:\nNone\nOn sidetable 1, there is no pen, but there is a pencil. Pencils are similar to pens but not the object I'm looking for. Next, I need to check drawer 2."
    },
    {
      "obs": "You arrive at loc 9. The drawer 2 is closed.",
      "act": "open drawer 2",
      "thought": "I am now in/on: drawer 2\nCritical objects I have found:\nNone\nObjects I have taken:\nNone\nTo see objects in drawer 2, I have to open it first."
    },
    {
      "obs": "You open the drawer 2. The drawer 2 is open. In it, you see nothing.",
      "act": "go to dresser 1",
      "thought": "I am now in/on: drawer 2\nCritical objects I have found:\nNone\nObjects I have taken:\nNone\nIn drawer 2, there is no pen. Next, I need to check dresser 1."
    },
    {
      "obs": "You arrive at loc 7. On the dresser 1, you see a alarmclock 1, a book 1, a mug 1, a pen 1, a pencil 1, and a pencil 2.",
      "act": "take pen 1 from dresser 1",
      "thought": "I am now in/on: dresser 1\nCritical objects I have found:\npen 1 (dresser 1)\nObjects I have taken:\nNone\nNow I find a pen (1). Next, I need to take it."
    },
    {
      "obs": "You pick up the pen 1 from the dresser 1.",
      "act": "go to sidetable 1",
      "thought": "I am now in/on: dresser 1\nCritical objects I have found:\npen 1 (dresser 1)\nObjects I have taken:\npen 1\nNow I have taken the pen (1). Next, I need to go to and put it in/on sidetable 1."
    },
    {
      "obs": "You arrive at loc 5. On the sidetable 1, you see a creditcard 2, a creditcard 3, a mug 2, and a pencil 3.",
      "act": "put pen 1 in/on sidetable 1",
      "thought": "I am now in/on: sidetable 1\nCritical objects I have found:\npen 1 (dresser 1)\nObjects I have taken:\npen 1\nNow I am at sidetable 1. Next, I need to put the pen 1 in/on it."
    },
    {
      "obs": "You put the pen 1 in/on the sidetable 1.",
      "act": "go to drawer 5"
    }
  ]
}