{
  "task": "put some peppershaker on drawer.",
  "traj": [
    {
      "obs": "You are in the middle of a room. Looking quickly around you, you see a cabinet 1, a cabinet 10, a cabinet 11, a cabinet 12, a cabinet 13, a cabinet 14, a cabinet 15, a cabinet 16, a cabinet 17, a cabinet 18, a cabinet 19, a cabinet 2, a cabinet 20, a cabinet 3, a cabinet 4, a cabinet 5, a cabinet 6, a cabinet 7, a cabinet 8, a cabinet 9, a coffeemachine 1, a countertop 1, a countertop 2, a countertop 3, a drawer 1, a drawer 2, a drawer 3, a fridge 1, a garbagecan 1, a microwave 1, a shelf 1, a shelf 2, a shelf 3, a sinkbasin 1, a stoveburner 1, a stoveburner 2, a stoveburner 3, a stoveburner 4, and a toaster 1.",
      "act": "go to shelf 1",
      "thought": "I am now in/on: the middle of a room\nCritical objects I have found:\nNone\nObjects I have taken:\nNone\nTo solve the task, I need to find and take a peppershaker, then put it on a drawer. First, I need to find a peppershaker. A peppershaker is more likely to appear on shelves, countertops, or inside cabinets. I will start by checking shelf 1."
    },
    {
      "obs": "You arrive at loc 18. On the shelf 1, you see a dishsponge 1.",
      "act": "go to countertop 1",
      "thought": "I am now in/on: shelf 1\nCritical objects I have found:\nNone\nObjects I have taken:\nNone\nOn shelf 1, there is no peppershaker. Next, I need to check countertop 1."
    },
    {
      "obs": "You arrive at loc 21. On the countertop 1, you see a bowl 1, a butterknife 2, a kettle 1, a pan 1, a peppershaker 1, a plate 3, a potato 3, a saltshaker 2, a tomato 1, and a vase 2.",
      "act": "take peppershaker 1 from countertop 1",
      "thought": "I am now in/on: countertop 1\nCritical objects I have found:\npeppershaker 1 (countertop 1)\nObjects I have taken:\nNone\nI have found a peppershaker (1) on countertop 1. Next, I need to take it."
    },
    {
      "obs": "You pick up the peppershaker 1 from the countertop 1.",
      "act": "go to drawer 1",
      "thought": "I am now in/on: countertop 1\nCritical objects I have found:\npeppershaker 1 (countertop 1)\nObjects I have taken:\npeppershaker 1\nNow I have taken the peppershaker (1). Next, I need to go to and put it on drawer 1."
    },
    {
      "obs": "You arrive at loc 36. The drawer 1 is closed.",
      "act": "open drawer 1",
      "thought": "I am now in/on: drawer 1\nCritical objects I have found:\npeppershaker 1 (countertop 1)\nObjects I have taken:\npeppershaker 1\nTo put the peppershaker on drawer 1, I need to open it first since it is closed."
    },
    {
      "obs": "You open the drawer 1. The drawer 1 is open. In it, you see a dishsponge 2.",
      "act": "put peppershaker 1 in/on drawer 1",
      "thought": "I am now in/on: drawer 1\nCritical objects I have found:\npeppershaker 1 (countertop 1)\nObjects I have taken:\npeppershaker 1\nNow the drawer 1 is open. Next, I need to put the peppershaker 1 in/on it."
    },
    {
      "obs": "You put the peppershaker 1 in/on the drawer 1.",
      "act": "close drawer 1"
    }
  ]
}