{
  "task": "put some alarmclock on sidetable.",
  "traj": [
    {
      "obs": "You are in the middle of a room. Looking quickly around you, you see a bed 1, a diningtable 1, a drawer 1, a drawer 2, a drawer 3, a drawer 4, a garbagecan 1, a sidetable 1, and a sidetable 2.",
      "act": "go to sidetable 2",
      "thought": "I am now in/on: the middle of a room\nCritical objects I have found:\nNone\nObjects I have taken:\nNone\nTo solve the task, I need to find and take an alarm clock, then put it on a sidetable. First, I need to find an alarm clock. An alarm clock is more likely to appear on sidetables (1-2), in drawers (1-4), or on the diningtable (1). I can check one by one, starting with sidetable 2."
    },
    {
      "obs": "You arrive at loc 2. On the sidetable 2, you see a cd 1, a cd 2, a keychain 1, a pencil 1, and a pencil 2.",
      "act": "go to diningtable 1",
      "thought": "I am now in/on: sidetable 2\nCritical objects I have found:\nNone\nObjects I have taken:\nNone\nOn sidetable 2, there is no alarm clock. Next, I need to check diningtable 1."
    },
    {
      "obs": "You arrive at loc 7. On the diningtable 1, you see a alarmclock 1, a alarmclock 2, a book 1, a cd 3, a creditcard 3, a keychain 3, a mug 2, a pen 1, a pen 2, and a pencil 3.",
      "act": "take alarmclock 1 from diningtable 1",
      "thought": "I am now in/on: diningtable 1\nCritical objects I have found:\nalarmclock 1 (diningtable 1)\nObjects I have taken:\nNone\nOn diningtable 1, I found an alarm clock. Next, I need to take it."
    },
    {
      "obs": "You pick up the alarmclock 1 from the diningtable 1.",
      "act": "go to sidetable 2",
      "thought": "I am now in/on: diningtable 1\nCritical objects I have found:\nalarmclock 1 (diningtable 1)\nObjects I have taken:\nalarmclock 1\nNow I have taken the alarm clock (1). Next, I need to go to and put it on sidetable 2."
    },
    {
      "obs": "You pick up the alarmclock 1 from the diningtable 1.",
      "act": "put alarmclock 1 in/on sidetable 2",
      "thought": "I am now in/on: diningtable 1\nCritical objects I have found:\nalarmclock 1 (diningtable 1)\nObjects I have taken:\nalarmclock 1\nNow I have taken the alarm clock (1). Next, I need to put it on sidetable 2."
    },
    {
      "obs": "You put the alarmclock 1 in/on the sidetable 2.",
      "act": "go to diningtable 1"
    }
  ]
}