{
  "task": "put a glassbottle in cabinet.",
  "traj": [
    {
      "obs": "You are in the middle of a room. Looking quickly around you, you see a cabinet 1, a cabinet 10, a cabinet 11, a cabinet 12, a cabinet 13, a cabinet 14, a cabinet 15, a cabinet 16, a cabinet 17, a cabinet 18, a cabinet 19, a cabinet 2, a cabinet 20, a cabinet 3, a cabinet 4, a cabinet 5, a cabinet 6, a cabinet 7, a cabinet 8, a cabinet 9, a coffeemachine 1, a countertop 1, a countertop 2, a diningtable 1, a diningtable 2, a drawer 1, a drawer 2, a drawer 3, a drawer 4, a drawer 5, a drawer 6, a fridge 1, a garbagecan 1, a microwave 1, a sinkbasin 1, a stoveburner 1, a stoveburner 2, a stoveburner 3, a stoveburner 4, and a toaster 1.",
      "act": "go to cabinet 17",
      "thought": "I am now in/on: the middle of a room\nCritical objects I have found:\nNone\nObjects I have taken:\nNone\nTo solve the task, I need to find and take a glassbottle, then put it in a cabinet. First, I need to find a glassbottle. A glassbottle is more likely to appear in cabinets (1-20), countertops (1-2), diningtables (1-2), or sinkbasin (1). I can check one by one, starting with cabinet 17 as it is one of the cabinets and the task does not specify which cabinet to use."
    },
    {
      "obs": "You arrive at loc 34. The cabinet 17 is closed.",
      "act": "open cabinet 17",
      "thought": "I am now in/on: cabinet 17\nCritical objects I have found:\nNone\nObjects I have taken:\nNone\nTo see objects in cabinet 17, I have to open it first."
    },
    {
      "obs": "You open the cabinet 17. The cabinet 17 is open. In it, you see nothing.",
      "act": "go to cabinet 9",
      "thought": "I am now in/on: cabinet 17\nCritical objects I have found:\nNone\nObjects I have taken:\nNone\nIn cabinet 17, there is no glassbottle. Next, I need to check cabinet 9."
    },
    {
      "obs": "You arrive at loc 21. The cabinet 9 is closed.",
      "act": "open cabinet 9",
      "thought": "I am now in/on: cabinet 9\nCritical objects I have found:\nNone\nObjects I have taken:\nNone\nTo see objects in cabinet 9, I have to open it first."
    },
    {
      "obs": "You open the cabinet 9. The cabinet 9 is open. In it, you see a plate 2.",
      "act": "go to diningtable 2",
      "thought": "I am now in/on: cabinet 9\nCritical objects I have found:\nNone\nObjects I have taken:\nNone\nIn cabinet 9, there is no glassbottle. Next, I need to check diningtable 2."
    },
    {
      "obs": "You arrive at loc 37. On the diningtable 2, you see a bowl 2, a butterknife 1, a butterknife 2, a egg 3, a glassbottle 2, a kettle 1, a knife 1, a lettuce 1, a lettuce 3, a peppershaker 1, a peppershaker 2, a peppershaker 3, a saltshaker 2, and a spatula 2.",
      "act": "take glassbottle 2 from diningtable 2",
      "thought": "I am now in/on: diningtable 2\nCritical objects I have found:\nglassbottle 2 (diningtable 2)\nObjects I have taken:\nNone\nNow I find a glassbottle (2) on diningtable 2. Next, I need to take it."
    },
    {
      "obs": "You pick up the glassbottle 2 from the diningtable 2.",
      "act": "go to cabinet 17",
      "thought": "I am now in/on: diningtable 2\nCritical objects I have found:\nglassbottle 2 (diningtable 2)\nObjects I have taken:\nglassbottle 2\nNow I have taken the glassbottle (2). Next, I need to go to cabinet 17 to put it in."
    },
    {
      "obs": "You arrive at loc 34. The cabinet 17 is closed.",
      "act": "open cabinet 17",
      "thought": "I am now in/on: diningtable 2\nCritical objects I have found:\nglassbottle 2 (diningtable 2)\nObjects I have taken:\nglassbottle 2\nI am heading to cabinet 17 to put the glassbottle in, but it appears to be closed again. I need to open it first before I can put the glassbottle inside."
    },
    {
      "obs": "You open the cabinet 17. The cabinet 17 is open. In it, you see nothing.",
      "act": "put glassbottle 2 in/on cabinet 17",
      "thought": "I am now in/on: cabinet 17\nCritical objects I have found:\nglassbottle 2 (diningtable 2)\nObjects I have taken:\nglassbottle 2\nNow I am at cabinet 17 and it is open. Next, I need to put the glassbottle 2 in it."
    },
    {
      "obs": "You put the glassbottle 2 in/on the cabinet 17.",
      "act": "close cabinet 17"
    }
  ]
}