{
  "task": "put a alarmclock in desk.",
  "traj": [
    {
      "obs": "You are in the middle of a room. Looking quickly around you, you see a armchair 1, a bed 1, a bed 2, a cabinet 1, a desk 1, a desk 2, a drawer 1, a drawer 10, a drawer 11, a drawer 12, a drawer 13, a drawer 2, a drawer 3, a drawer 4, a drawer 5, a drawer 6, a drawer 7, a drawer 8, a drawer 9, a dresser 1, a dresser 2, and a garbagecan 1.",
      "act": "go to dresser 1",
      "thought": "I am now in/on: the middle of a room\nCritical objects I have found:\nNone\nObjects I have taken:\nNone\nTo solve the task, I need to find and take an alarm clock, then put it in/on a desk. First, I need to find an alarm clock. An alarm clock is more likely to appear in or on bedroom furniture such as dressers, drawers, or desks. I will start by checking dresser 1."
    },
    {
      "obs": "You arrive at loc 21. On the dresser 1, you see a alarmclock 3, a alarmclock 4, and a cd 3.",
      "act": "take alarmclock 4 from dresser 1",
      "thought": "I am now in/on: dresser 1\nCritical objects I have found:\nalarmclock 4 (dresser 1)\nObjects I have taken:\nNone\nI have found an alarm clock (4) on dresser 1. Next, I need to take it."
    },
    {
      "obs": "You pick up the alarmclock 4 from the dresser 1.",
      "act": "go to desk 1",
      "thought": "I am now in/on: dresser 1\nCritical objects I have found:\nalarmclock 4 (dresser 1)\nObjects I have taken:\nalarmclock 4\nNow I have taken the alarm clock (4). Next, I need to go to a desk and put it in/on there. I will start with desk 1."
    },
    {
      "obs": "You arrive at loc 10. On the desk 1, you see a cd 1, a creditcard 1, a desklamp 1, a laptop 1, a mug 1, and a pen 1.",
      "act": "put alarmclock 4 in/on desk 1",
      "thought": "I am now in/on: desk 1\nCritical objects I have found:\nalarmclock 4 (dresser 1)\nObjects I have taken:\nalarmclock 4\nNow I am at desk 1. Next, I need to put the alarm clock (4) in/on it."
    },
    {
      "obs": "You put the alarmclock 4 in/on the desk 1.",
      "act": "go to dresser 1"
    }
  ]
}