{
  "task": "put a candle in cart.",
  "traj": [
    {
      "obs": "You are in the middle of a room. Looking quickly around you, you see a bathtubbasin 1, a cart 1, a countertop 1, a drawer 1, a drawer 2, a drawer 3, a drawer 4, a garbagecan 1, a handtowelholder 1, a shelf 1, a sinkbasin 1, a toilet 1, a toiletpaperhanger 1, and a towelholder 1.",
      "act": "go to shelf 1",
      "thought": "I am now in/on: the middle of a room\nCritical objects I have found:\nNone\nObjects I have taken:\nNone\nTo solve the task, I need to find and take a candle, then put it in the cart. First, I need to find a candle. A candle is more likely to appear on shelves (1), countertops (1), or in drawers (1-4). I will check the shelf 1 first."
    },
    {
      "obs": "You arrive at loc 20. On the shelf 1, you see a candle 1, a cloth 1, a cloth 2, a dishsponge 1, a soapbar 1, and a soapbottle 1.",
      "act": "take candle 1 from shelf 1",
      "thought": "I am now in/on: shelf 1\nCritical objects I have found:\ncandle 1 (shelf 1)\nObjects I have taken:\nNone\nI have found a candle (1) on shelf 1. Next, I need to take it."
    },
    {
      "obs": "You pick up the candle 1 from the shelf 1.",
      "act": "go to cart 1",
      "thought": "I am now in/on: shelf 1\nCritical objects I have found:\ncandle 1 (shelf 1)\nObjects I have taken:\ncandle 1\nNow I have taken the candle (1). Next, I need to go to the cart 1 to put the candle in it."
    },
    {
      "obs": "You arrive at loc 2. On the cart 1, you see a tissuebox 1, and a toiletpaper 1.",
      "act": "put candle 1 in/on cart 1",
      "thought": "I am now in/on: cart 1\nCritical objects I have found:\ncandle 1 (shelf 1)\nObjects I have taken:\ncandle 1\nNow I am at the cart 1. Next, I need to put the candle 1 in/on it."
    },
    {
      "obs": "You put the candle 1 in/on the cart 1.",
      "act": "go to shelf 1"
    }
  ]
}