{
  "task": "put a lettuce in countertop.",
  "traj": [
    {
      "obs": "You are in the middle of a room. Looking quickly around you, you see a cabinet 1, a cabinet 10, a cabinet 11, a cabinet 12, a cabinet 13, a cabinet 2, a cabinet 3, a cabinet 4, a cabinet 5, a cabinet 6, a cabinet 7, a cabinet 8, a cabinet 9, a coffeemachine 1, a countertop 1, a drawer 1, a drawer 2, a drawer 3, a drawer 4, a drawer 5, a fridge 1, a garbagecan 1, a microwave 1, a sinkbasin 1, a stoveburner 1, a stoveburner 2, a stoveburner 3, a stoveburner 4, and a toaster 1.",
      "act": "go to fridge 1",
      "thought": "I am now in/on: the middle of a room\nCritical objects I have found:\nNone\nObjects I have taken:\nNone\nTo solve the task, I need to find and take a lettuce, then put it on the countertop. First, I need to find a lettuce. A lettuce is more likely to be found in the fridge (1), so I will start by checking there."
    },
    {
      "obs": "You arrive at loc 6. The fridge 1 is closed.",
      "act": "open fridge 1",
      "thought": "I am now in/on: fridge 1\nCritical objects I have found:\nNone\nObjects I have taken:\nNone\nTo see objects in fridge 1, I have to open it first."
    },
    {
      "obs": "You open the fridge 1. The fridge 1 is open. In it, you see a apple 1, a apple 2, a egg 1, a lettuce 1, a plate 2, and a potato 3.",
      "act": "take lettuce 1 from fridge 1",
      "thought": "I am now in/on: fridge 1\nCritical objects I have found:\nlettuce 1 (fridge 1)\nObjects I have taken:\nNone\nNow I have found a lettuce (1) in the fridge. Next, I need to take it."
    },
    {
      "obs": "You pick up the lettuce 1 from the fridge 1.",
      "act": "go to countertop 1",
      "thought": "I am now in/on: fridge 1\nCritical objects I have found:\nlettuce 1 (fridge 1)\nObjects I have taken:\nlettuce 1\nNow I have taken the lettuce (1). Next, I need to go to the countertop to put it there."
    },
    {
      "obs": "You arrive at loc 25. On the countertop 1, you see a apple 3, a bread 1, a butterknife 1, a dishsponge 2, a dishsponge 3, a egg 2, a fork 1, a knife 1, a pan 2, a plate 1, a soapbottle 1, a spatula 1, a spoon 1, and a tomato 1.",
      "act": "put lettuce 1 in/on countertop 1",
      "thought": "I am now in/on: countertop 1\nCritical objects I have found:\nlettuce 1 (fridge 1)\nObjects I have taken:\nlettuce 1\nNow I am at the countertop 1. Next, I need to put the lettuce 1 in/on it."
    },
    {
      "obs": "You put the lettuce 1 in/on the countertop 1.",
      "act": "go to fridge 1"
    }
  ]
}