{
  "task": "put a handtowel in garbagecan.",
  "traj": [
    {
      "obs": "You are in the middle of a room. Looking quickly around you, you see a bathtubbasin 1, a countertop 1, a countertop 2, a drawer 1, a drawer 2, a drawer 3, a drawer 4, a drawer 5, a drawer 6, a drawer 7, a drawer 8, a garbagecan 1, a handtowelholder 1, a handtowelholder 2, a handtowelholder 3, a handtowelholder 4, a sinkbasin 1, a sinkbasin 2, a toilet 1, a toiletpaperhanger 1, and a towelholder 1.",
      "act": "go to bathtubbasin 1",
      "thought": "I am now in/on: the middle of a room\nCritical objects I have found:\nNone\nObjects I have taken:\nNone\nTo solve the task, I need to find and take a handtowel, then put it in the garbagecan. Handtowels are likely to be found on handtowelholders. I will start by checking the nearest handtowelholder."
    },
    {
      "obs": "You arrive at loc 27. On the bathtubbasin 1, you see nothing.",
      "act": "go to sinkbasin 1",
      "thought": "I am now in/on: bathtubbasin 1\nCritical objects I have found:\nNone\nObjects I have taken:\nNone\nThere is nothing on the bathtubbasin 1. Next, I need to check sinkbasin 1 for a handtowel."
    },
    {
      "obs": "You arrive at loc 6. On the sinkbasin 1, you see nothing.",
      "act": "go to drawer 3",
      "thought": "I am now in/on: sinkbasin 1\nCritical objects I have found:\nNone\nObjects I have taken:\nNone\nThere is nothing on the sinkbasin 1. Next, I need to check drawer 3 for a handtowel. Handtowels might be stored in drawers in a bathroom."
    },
    {
      "obs": "You arrive at loc 15. The drawer 3 is closed.",
      "act": "open drawer 3",
      "thought": "I am now in/on: sinkbasin 1\nCritical objects I have found:\nNone\nObjects I have taken:\nNone\nThe drawer 3 is closed, and I need to open it to check for a handtowel inside."
    },
    {
      "obs": "You open the drawer 3. The drawer 3 is open. In it, you see a cloth 2.",
      "act": "go to handtowelholder 3",
      "thought": "I am now in/on: drawer 3\nCritical objects I have found:\nNone\nObjects I have taken:\nNone\nIn drawer 3, there is no handtowel, just a cloth. Next, I need to check handtowelholder 3 for a handtowel."
    },
    {
      "obs": "You arrive at loc 20. On the handtowelholder 3, you see a handtowel 4.",
      "act": "take handtowel 4 from handtowelholder 3",
      "thought": "I am now in/on: handtowelholder 3\nCritical objects I have found:\nhandtowel 4 (handtowelholder 3)\nObjects I have taken:\nNone\nI have found a handtowel (4) on handtowelholder 3. Next, I need to take it."
    },
    {
      "obs": "You pick up the handtowel 4 from the handtowelholder 3.",
      "act": "go to garbagecan 1",
      "thought": "I am now in/on: handtowelholder 3\nCritical objects I have found:\nhandtowel 4 (handtowelholder 3)\nObjects I have taken:\nhandtowel 4\nNow I have taken the handtowel (4). Next, I need to go to the garbagecan to put the handtowel in it."
    },
    {
      "obs": "You arrive at loc 7. On the garbagecan 1, you see nothing.",
      "act": "put handtowel 4 in/on garbagecan 1",
      "thought": "I am now in/on: garbagecan 1\nCritical objects I have found:\nhandtowel 4 (handtowelholder 3)\nObjects I have taken:\nhandtowel 4\nNow I am at the garbagecan 1. Next, I need to put the handtowel 4 in/on it."
    },
    {
      "obs": "You put the handtowel 4 in/on the garbagecan 1.",
      "act": "go to bathtubbasin 1"
    }
  ]
}