{
  "task": "put some bowl on coffeetable.",
  "traj": [
    {
      "obs": "You are in the middle of a room. Looking quickly around you, you see a armchair 1, a armchair 2, a coffeetable 1, a diningtable 1, a diningtable 2, a drawer 1, a drawer 2, a garbagecan 1, a sidetable 1, a sidetable 2, a sofa 1, and a tvstand 1.",
      "act": "go to sofa 1",
      "thought": "I am now in/on: the middle of a room\nCritical objects I have found:\nNone\nObjects I have taken:\nNone\nTo solve the task, I need to find and take a bowl, then put it on the coffeetable. First, I need to find a bowl. A bowl is more likely to appear on diningtables (1-2), sidetables (1-2), or in drawers (1-2). I can check one by one, starting with diningtable 1."
    },
    {
      "obs": "You arrive at loc 1. On the sofa 1, you see a box 1, a box 2, a creditcard 2, a laptop 2, and a pillow 1.",
      "act": "go to armchair 2",
      "thought": "I am now in/on: sofa 1\nCritical objects I have found:\nNone\nObjects I have taken:\nNone\nOn sofa 1, there is no bowl. I mistakenly went to armchair 2 instead of diningtable 1. I need to correct my course and go to diningtable 1 to look for a bowl."
    },
    {
      "obs": "You arrive at loc 7. On the armchair 2, you see a keychain 2.",
      "act": "go to sidetable 1",
      "thought": "I am now in/on: armchair 2\nCritical objects I have found:\nNone\nObjects I have taken:\nNone\nOn armchair 2, there is no bowl. I need to continue searching for a bowl. I will go to sidetable 1 next, as it is one of the places where a bowl might be found."
    },
    {
      "obs": "You arrive at loc 2. On the sidetable 1, you see a laptop 1, and a newspaper 3.",
      "act": "go to tvstand 1",
      "thought": "I am now in/on: sidetable 1\nCritical objects I have found:\nNone\nObjects I have taken:\nNone\nOn sidetable 1, there is no bowl. I need to continue searching for a bowl. I will go to tvstand 1 next, although it is not one of the most likely places to find a bowl. It's better to correct my course and go to diningtable 1 as originally planned."
    },
    {
      "obs": "You arrive at loc 22. On the tvstand 1, you see a bowl 1, a keychain 1, a pen 3, a pencil 1, and a television 1.",
      "act": "take bowl 1 from tvstand 1",
      "thought": "I am now in/on: tvstand 1\nCritical objects I have found:\nbowl 1 (tvstand 1)\nObjects I have taken:\nNone\nI have found a bowl (1) on the tvstand 1. Next, I need to take it."
    },
    {
      "obs": "You pick up the bowl 1 from the tvstand 1.",
      "act": "go to coffeetable 1",
      "thought": "I am now in/on: tvstand 1\nCritical objects I have found:\nbowl 1 (tvstand 1)\nObjects I have taken:\nbowl 1\nNow that I have taken the bowl (1), I need to go to the coffeetable to complete the task of putting the bowl on it."
    },
    {
      "obs": "You arrive at loc 19. On the coffeetable 1, you see a book 2, a newspaper 1, a newspaper 2, a pen 2, and a vase 2.",
      "act": "put bowl 1 in/on coffeetable 1",
      "thought": "I am now in/on: coffeetable 1\nCritical objects I have found:\nbowl 1 (tvstand 1)\nObjects I have taken:\nbowl 1\nNow I am at the coffeetable 1. Next, I need to put the bowl 1 in/on it."
    },
    {
      "obs": "You put the bowl 1 in/on the coffeetable 1.",
      "act": "go to sofa 1"
    }
  ]
}