{
  "task": "put some candle on toilet.",
  "traj": [
    {
      "obs": "You are in the middle of a room. Looking quickly around you, you see a bathtubbasin 1, a garbagecan 1, a handtowelholder 1, a shelf 1, a shelf 2, a shelf 3, a sinkbasin 1, a toilet 1, a toiletpaperhanger 1, and a towelholder 1.",
      "act": "go to shelf 2",
      "thought": "I am now in/on: the middle of a room\nCritical objects I have found:\nNone\nObjects I have taken:\nNone\nTo solve the task, I need to find and take a candle, then put it on the toilet. First, I need to find a candle. A candle is more likely to appear on shelves (1-3), sinkbasin (1), or garbagecan (1). I will check one by one, starting with shelf 2."
    },
    {
      "obs": "You arrive at loc 12. On the shelf 2, you see a soapbar 1, a spraybottle 1, a spraybottle 2, and a spraybottle 3.",
      "act": "go to toilet 1",
      "thought": "I am now in/on: shelf 2\nCritical objects I have found:\nNone\nObjects I have taken:\nNone\nOn shelf 2, there is no candle. I mistakenly went to the toilet instead of continuing to search for the candle. I need to check the other shelves, sinkbasin, or garbagecan for a candle."
    },
    {
      "obs": "You arrive at loc 9. On the toilet 1, you see a soapbottle 1, and a soapbottle 3.",
      "act": "go to shelf 1",
      "thought": "I am now in/on: toilet 1\nCritical objects I have found:\nNone\nObjects I have taken:\nNone\nOn toilet 1, there is no candle. I need to continue my search for the candle. Next, I will check shelf 1."
    },
    {
      "obs": "You arrive at loc 11. On the shelf 1, you see a candle 1.",
      "act": "take candle 1 from shelf 1",
      "thought": "I am now in/on: shelf 1\nCritical objects I have found:\ncandle 1 (shelf 1)\nObjects I have taken:\nNone\nNow I have found a candle (1). Next, I need to take it."
    },
    {
      "obs": "You pick up the candle 1 from the shelf 1.",
      "act": "go to toilet 1",
      "thought": "I am now in/on: shelf 1\nCritical objects I have found:\ncandle 1 (shelf 1)\nObjects I have taken:\ncandle 1\nNow I have taken the candle (1). Next, I need to go to and put it on the toilet 1."
    },
    {
      "obs": "You pick up the candle 1 from the shelf 1.",
      "act": "put candle 1 in/on toilet 1",
      "thought": "I am now in/on: shelf 1\nCritical objects I have found:\ncandle 1 (shelf 1)\nObjects I have taken:\ncandle 1\nI have taken the candle (1) and I am currently holding it. My next step is to put it on the toilet 1."
    },
    {
      "obs": "You put the candle 1 in/on the toilet 1.",
      "act": "go to shelf 2"
    }
  ]
}