{
  "task": "put some alarmclock on dresser.",
  "traj": [
    {
      "obs": "You are in the middle of a room. Looking quickly around you, you see a bed 1, a drawer 1, a drawer 10, a drawer 2, a drawer 3, a drawer 4, a drawer 5, a drawer 6, a drawer 7, a drawer 8, a drawer 9, a dresser 1, a garbagecan 1, a shelf 1, a shelf 2, a shelf 3, a shelf 4, a shelf 5, a shelf 6, a shelf 7, a shelf 8, and a shelf 9.",
      "act": "go to shelf 8",
      "thought": "I am now in/on: the middle of a room\nCritical objects I have found:\nNone\nObjects I have taken:\nNone\nTo solve the task, I need to find and take an alarm clock, then put it on the dresser. First, I need to find an alarm clock. An alarm clock is more likely to appear on shelves or inside drawers. I will check the shelves first, starting with shelf 8."
    },
    {
      "obs": "You arrive at loc 10. On the shelf 8, you see nothing.",
      "act": "go to shelf 9",
      "thought": "I am now in/on: shelf 8\nCritical objects I have found:\nNone\nObjects I have taken:\nNone\nOn shelf 8, there is no alarm clock. Next, I need to check shelf 9."
    },
    {
      "obs": "You arrive at loc 32. On the shelf 9, you see nothing.",
      "act": "go to dresser 1",
      "thought": "I am now in/on: shelf 9\nCritical objects I have found:\nNone\nObjects I have taken:\nNone\nOn shelf 9, there is no alarm clock. Next, I need to check dresser 1, as alarm clocks can sometimes be found on top of dressers."
    },
    {
      "obs": "You arrive at loc 18. On the dresser 1, you see a book 1, a cd 2, a creditcard 1, a desklamp 1, a pen 1, a statue 1, a statue 2, and a statue 3.",
      "act": "go to shelf 2",
      "thought": "I am now in/on: dresser 1\nCritical objects I have found:\nNone\nObjects I have taken:\nNone\nOn dresser 1, there is no alarm clock. Next, I need to check shelf 2."
    },
    {
      "obs": "You arrive at loc 6. On the shelf 2, you see nothing.",
      "act": "go to shelf 5",
      "thought": "I am now in/on: shelf 2\nCritical objects I have found:\nNone\nObjects I have taken:\nNone\nOn shelf 2, there is no alarm clock. Next, I need to check shelf 5."
    },
    {
      "obs": "You arrive at loc 12. On the shelf 5, you see a pencil 2.",
      "act": "go to shelf 6",
      "thought": "I am now in/on: shelf 5\nCritical objects I have found:\nNone\nObjects I have taken:\nNone\nOn shelf 5, there is no alarm clock. Next, I need to check shelf 6."
    },
    {
      "obs": "You arrive at loc 9. On the shelf 6, you see nothing.",
      "act": "go to shelf 1",
      "thought": "I am now in/on: shelf 6\nCritical objects I have found:\nNone\nObjects I have taken:\nNone\nOn shelf 6, there is no alarm clock. Next, I need to check shelf 1."
    },
    {
      "obs": "You arrive at loc 30. On the shelf 1, you see a alarmclock 1.",
      "act": "take alarmclock 1 from shelf 1",
      "thought": "I am now in/on: shelf 1\nCritical objects I have found:\nalarmclock 1 (shelf 1)\nObjects I have taken:\nNone\nNow I find an alarm clock (1). Next, I need to take it."
    },
    {
      "obs": "You pick up the alarmclock 1 from the shelf 1.",
      "act": "go to dresser 1",
      "thought": "I am now in/on: shelf 1\nCritical objects I have found:\nalarmclock 1 (shelf 1)\nObjects I have taken:\nalarmclock 1\nNow I have taken the alarm clock (1). Next, I need to go to and put it on the dresser 1."
    },
    {
      "obs": "You arrive at loc 18. On the dresser 1, you see a book 1, a cd 2, a creditcard 1, a desklamp 1, a pen 1, a statue 1, a statue 2, and a statue 3.",
      "act": "put alarmclock 1 in/on dresser 1",
      "thought": "I am now in/on: dresser 1\nCritical objects I have found:\nalarmclock 1 (shelf 1)\nObjects I have taken:\nalarmclock 1\nNow I am at the dresser 1. Next, I need to put the alarm clock 1 on it."
    },
    {
      "obs": "You put the alarmclock 1 in/on the dresser 1.",
      "act": "go to shelf 8"
    }
  ]
}