{
  "task": "put some soapbar on garbagecan.",
  "traj": [
    {
      "obs": "You are in the middle of a room. Looking quickly around you, you see a countertop 1, a drawer 1, a drawer 2, a garbagecan 1, a handtowelholder 1, a handtowelholder 2, a sinkbasin 1, a sinkbasin 2, a toilet 1, a toiletpaperhanger 1, and a towelholder 1.",
      "act": "go to sinkbasin 1",
      "thought": "I am now in/on: the middle of a room\nCritical objects I have found:\nNone\nObjects I have taken:\nNone\nTo solve the task, I need to find and take a soapbar, then put it on the garbagecan. First, I need to find a soapbar. A soapbar is more likely to appear near sinkbasins, in drawers, or on countertops. I will start by checking sinkbasin 1."
    },
    {
      "obs": "You arrive at loc 7. On the sinkbasin 1, you see nothing.",
      "act": "go to countertop 1",
      "thought": "I am now in/on: sinkbasin 1\nCritical objects I have found:\nNone\nObjects I have taken:\nNone\nThere is no soapbar on sinkbasin 1. Next, I need to check countertop 1."
    },
    {
      "obs": "You arrive at loc 10. On the countertop 1, you see a candle 2, a candle 3, a soapbar 1, a spraybottle 1, and a toiletpaper 3.",
      "act": "take soapbar 1 from countertop 1",
      "thought": "I am now in/on: countertop 1\nCritical objects I have found:\nsoapbar 1 (countertop 1)\nObjects I have taken:\nNone\nI have found a soapbar (1) on the countertop 1. Next, I need to take it."
    },
    {
      "obs": "You pick up the soapbar 1 from the countertop 1.",
      "act": "go to garbagecan 1",
      "thought": "I am now in/on: countertop 1\nCritical objects I have found:\nsoapbar 1 (countertop 1)\nObjects I have taken:\nsoapbar 1\nNow that I have the soapbar (1), I need to go to the garbagecan to complete the task."
    },
    {
      "obs": "You arrive at loc 11. On the garbagecan 1, you see a soapbottle 2.",
      "act": "put soapbar 1 in/on garbagecan 1",
      "thought": "I am now in/on: garbagecan 1\nCritical objects I have found:\nsoapbar 1 (countertop 1)\nObjects I have taken:\nsoapbar 1\nNow I am at the garbagecan 1. Next, I need to put the soapbar 1 in/on it."
    },
    {
      "obs": "You put the soapbar 1 in/on the garbagecan 1.",
      "act": "go to sinkbasin 1"
    }
  ]
}