{
  "task": "put a bowl in coffeetable.",
  "traj": [
    {
      "obs": "You are in the middle of a room. Looking quickly around you, you see a armchair 1, a armchair 2, a coffeetable 1, a diningtable 1, a diningtable 2, a drawer 1, a drawer 2, a garbagecan 1, a sidetable 1, a sidetable 2, a sofa 1, and a tvstand 1.",
      "act": "go to sofa 1",
      "thought": "I am now in/on: the middle of a room\nCritical objects I have found:\nNone\nObjects I have taken:\nNone\nTo solve the task, I need to find and take a bowl, then put it on the coffeetable. First, I need to find a bowl. A bowl is more likely to appear on diningtables (1-2), in drawers (1-2), or on sidetables (1-2). I can check one by one, starting with diningtable 1."
    },
    {
      "obs": "You arrive at loc 1. On the sofa 1, you see a box 2, and a pillow 1.",
      "act": "go to armchair 2",
      "thought": "I am now in/on: sofa 1\nCritical objects I have found:\nNone\nObjects I have taken:\nNone\nI mistakenly went to sofa 1 instead of diningtable 1. I need to correct my course and go to diningtable 1 to look for a bowl."
    },
    {
      "obs": "You arrive at loc 7. On the armchair 2, you see a remotecontrol 3.",
      "act": "go to garbagecan 1",
      "thought": "I am now in/on: armchair 2\nCritical objects I have found:\nNone\nObjects I have taken:\nNone\nI mistakenly went to armchair 2 instead of diningtable 1. I need to correct my course and go to diningtable 1 to look for a bowl. However, I will first check the garbagecan 1 since it's on the way and sometimes bowls can be mistakenly thrown away."
    },
    {
      "obs": "You arrive at loc 13. On the garbagecan 1, you see nothing.",
      "act": "go to tvstand 1",
      "thought": "I am now in/on: garbagecan 1\nCritical objects I have found:\nNone\nObjects I have taken:\nNone\nThe garbagecan 1 does not contain a bowl. I need to continue searching for a bowl. I mistakenly went to the garbagecan 1 instead of diningtable 1. I will now correct my course and go to diningtable 1 to look for a bowl. However, since I am already on the way, I will quickly check the tvstand 1 before proceeding to the diningtable."
    },
    {
      "obs": "You arrive at loc 23. On the tvstand 1, you see a creditcard 1, a newspaper 1, a remotecontrol 1, a television 1, and a tissuebox 1.",
      "act": "go to coffeetable 1",
      "thought": "I am now in/on: tvstand 1\nCritical objects I have found:\nNone\nObjects I have taken:\nNone\nThe tvstand 1 does not contain a bowl. I need to continue searching for a bowl. I mistakenly went to the tvstand 1 instead of diningtable 1. I will now correct my course and go to diningtable 1 to look for a bowl. However, since I am already on the way, I will quickly check the coffeetable 1 before proceeding to the diningtable."
    },
    {
      "obs": "You arrive at loc 19. On the coffeetable 1, you see a book 1, a keychain 1, a pen 1, a plate 1, and a remotecontrol 2.",
      "act": "go to sidetable 2",
      "thought": "I am now in/on: coffeetable 1\nCritical objects I have found:\nNone\nObjects I have taken:\nNone\nThe coffeetable 1 does not contain a bowl. I need to continue searching for a bowl. I mistakenly went to the coffeetable 1 instead of diningtable 1. I will now correct my course and go to diningtable 1 to look for a bowl. However, since sidetable 2 is nearby, I will quickly check it before proceeding to the diningtable."
    },
    {
      "obs": "You arrive at loc 9. On the sidetable 2, you see a curtains 1.",
      "act": "go to diningtable 2",
      "thought": "I am now in/on: sidetable 2\nCritical objects I have found:\nNone\nObjects I have taken:\nNone\nThe sidetable 2 does not contain a bowl. I need to continue searching for a bowl. I will now go to diningtable 2 to look for a bowl, as it is one of the likely places where a bowl might be found."
    },
    {
      "obs": "You arrive at loc 24. On the diningtable 2, you see a book 2, a creditcard 2, a laptop 1, a pen 2, a pencil 1, a statue 1, and a vase 1.",
      "act": "go to sidetable 1",
      "thought": "I am now in/on: diningtable 2\nCritical objects I have found:\nNone\nObjects I have taken:\nNone\nThe diningtable 2 does not contain a bowl. I need to continue searching for a bowl. I will now go to sidetable 1 to look for a bowl, as it is another place where a bowl might be found."
    },
    {
      "obs": "You arrive at loc 2. On the sidetable 1, you see a bowl 1, and a statue 2.",
      "act": "take bowl 1 from sidetable 1",
      "thought": "I am now in/on: sidetable 1\nCritical objects I have found:\nbowl 1 (sidetable 1)\nObjects I have taken:\nNone\nI have found a bowl (1) on sidetable 1. Next, I need to take it."
    },
    {
      "obs": "You pick up the bowl 1 from the sidetable 1.",
      "act": "go to coffeetable 1",
      "thought": "I am now in/on: sidetable 1\nCritical objects I have found:\nbowl 1 (sidetable 1)\nObjects I have taken:\nbowl 1\nNow that I have taken the bowl (1), I need to go to the coffeetable 1 to put it there."
    },
    {
      "obs": "You pick up the bowl 1 from the sidetable 1.",
      "act": "put bowl 1 in/on coffeetable 1",
      "thought": "I am now in/on: sidetable 1\nCritical objects I have found:\nbowl 1 (sidetable 1)\nObjects I have taken:\nbowl 1\nNow that I have taken the bowl (1), I need to put it on the coffeetable 1. I will proceed to do so."
    },
    {
      "obs": "You put the bowl 1 in/on the coffeetable 1.",
      "act": "go to sofa 1"
    }
  ]
}