{
  "task": "put some spraybottle on toilet.",
  "traj": [
    {
      "obs": "You are in the middle of a room. Looking quickly around you, you see a bathtubbasin 1, a cabinet 1, a cabinet 2, a cabinet 3, a cabinet 4, a countertop 1, a garbagecan 1, a handtowelholder 1, a shelf 1, a sinkbasin 1, a sinkbasin 2, a toilet 1, a toiletpaperhanger 1, a towelholder 1, and a towelholder 2.",
      "act": "go to cabinet 4",
      "thought": "I am now in/on: the middle of a room\nCritical objects I have found:\nNone\nObjects I have taken:\nNone\nTo solve the task, I need to find and take a spraybottle, then put it on the toilet. First, I need to find a spraybottle. A spraybottle is more likely to appear in cabinets (1-4), countertop (1), or possibly in the garbagecan (1). I will check the cabinets one by one, starting with cabinet 4."
    },
    {
      "obs": "You arrive at loc 13. The cabinet 4 is closed.",
      "act": "open cabinet 4",
      "thought": "I am now in/on: the middle of a room\nCritical objects I have found:\nNone\nObjects I have taken:\nNone\nTo see objects in cabinet 4, I have to open it first."
    },
    {
      "obs": "You open the cabinet 4. The cabinet 4 is open. In it, you see a toiletpaper 1.",
      "act": "go to garbagecan 1",
      "thought": "I am now in/on: cabinet 4\nCritical objects I have found:\nNone\nObjects I have taken:\nNone\nIn cabinet 4, there is no spraybottle. Next, I need to check the garbagecan 1, as it might contain a discarded spraybottle."
    },
    {
      "obs": "You arrive at loc 23. On the garbagecan 1, you see a toiletpaper 2.",
      "act": "go to toilet 1",
      "thought": "I am now in/on: garbagecan 1\nCritical objects I have found:\nNone\nObjects I have taken:\nNone\nIn the garbagecan 1, there is no spraybottle. Next, I need to check the toilet 1 to see if there's a spraybottle there by any chance before continuing to search the other cabinets."
    },
    {
      "obs": "You arrive at loc 18. On the toilet 1, you see a cloth 2, a dishsponge 2, and a papertowelroll 1.",
      "act": "go to countertop 1",
      "thought": "I am now in/on: toilet 1\nCritical objects I have found:\nNone\nObjects I have taken:\nNone\nOn the toilet 1, there is no spraybottle. Next, I need to check the countertop 1."
    },
    {
      "obs": "You arrive at loc 10. On the countertop 1, you see a mirror 1, a showerglass 1, a soapbottle 1, and a spraybottle 2.",
      "act": "take spraybottle 2 from countertop 1",
      "thought": "I am now in/on: countertop 1\nCritical objects I have found:\nspraybottle 2 (countertop 1)\nObjects I have taken:\nNone\nNow I find a spraybottle (2) on the countertop 1. Next, I need to take it."
    },
    {
      "obs": "You pick up the spraybottle 2 from the countertop 1.",
      "act": "go to toilet 1",
      "thought": "I am now in/on: countertop 1\nCritical objects I have found:\nspraybottle 2 (countertop 1)\nObjects I have taken:\nspraybottle 2\nNow I have taken the spraybottle (2). Next, I need to go to and put it on the toilet 1."
    },
    {
      "obs": "You pick up the spraybottle 2 from the countertop 1.",
      "act": "put spraybottle 2 in/on toilet 1",
      "thought": "I am now in/on: countertop 1\nCritical objects I have found:\nspraybottle 2 (countertop 1)\nObjects I have taken:\nspraybottle 2\nNow I have taken the spraybottle (2). Next, I need to go to and put it on the toilet 1."
    },
    {
      "obs": "You put the spraybottle 2 in/on the toilet 1.",
      "act": "go to cabinet 4"
    }
  ]
}