{
  "task": "put a remotecontrol in armchair.",
  "traj": [
    {
      "obs": "You are in the middle of a room. Looking quickly around you, you see a armchair 1, a coffeetable 1, a drawer 1, a drawer 2, a drawer 3, a drawer 4, a drawer 5, a drawer 6, a drawer 7, a garbagecan 1, a sidetable 1, a sidetable 2, a sidetable 3, a sofa 1, a sofa 2, and a tvstand 1.",
      "act": "go to sidetable 1",
      "thought": "I am now in/on: the middle of a room\nCritical objects I have found:\nNone\nObjects I have taken:\nNone\nTo solve the task, I need to find and take a remote control, then put it in the armchair. First, I need to find a remote control. A remote control is more likely to appear on sidetables, coffeetables, or tvstands. I will check one by one, starting with sidetable 1."
    },
    {
      "obs": "You arrive at loc 9. On the sidetable 1, you see a statue 1.",
      "act": "go to drawer 3",
      "thought": "I am now in/on: sidetable 1\nCritical objects I have found:\nNone\nObjects I have taken:\nNone\nOn sidetable 1, there is no remote control. Next, I need to check drawer 3, as remote controls can sometimes be stored in drawers."
    },
    {
      "obs": "You arrive at loc 13. The drawer 3 is closed.",
      "act": "open drawer 3",
      "thought": "I am now in/on: sidetable 1\nCritical objects I have found:\nNone\nObjects I have taken:\nNone\nDrawer 3 is closed and might contain a remote control. I need to open it to check its contents."
    },
    {
      "obs": "You open the drawer 3. The drawer 3 is open. In it, you see nothing.",
      "act": "go to armchair 1",
      "thought": "I am now in/on: drawer 3\nCritical objects I have found:\nNone\nObjects I have taken:\nNone\nDrawer 3 is open, but there is nothing inside. I need to continue searching for the remote control. Since I have not yet found the remote control, I will check the armchair 1 as it is common for remote controls to be found in or around seating areas."
    },
    {
      "obs": "You arrive at loc 21. On the armchair 1, you see a newspaper 1.",
      "act": "go to drawer 4",
      "thought": "I am now in/on: armchair 1\nCritical objects I have found:\nNone\nObjects I have taken:\nNone\nOn armchair 1, there is no remote control, just a newspaper. Next, I need to check drawer 4, as remote controls can sometimes be stored in drawers."
    },
    {
      "obs": "You arrive at loc 13. The drawer 4 is closed.",
      "act": "open drawer 4",
      "thought": "I am now in/on: armchair 1\nCritical objects I have found:\nNone\nObjects I have taken:\nNone\nDrawer 4 is closed and might contain a remote control. I need to open it to check its contents."
    },
    {
      "obs": "You open the drawer 4. The drawer 4 is open. In it, you see nothing.",
      "act": "go to sidetable 2",
      "thought": "I am now in/on: drawer 4\nCritical objects I have found:\nNone\nObjects I have taken:\nNone\nDrawer 4 is open, but there is nothing inside. I need to continue searching for the remote control. Next, I will check sidetable 2, as remote controls are often placed on sidetables."
    },
    {
      "obs": "You arrive at loc 10. On the sidetable 2, you see a remotecontrol 1.",
      "act": "take remotecontrol 1 from sidetable 2",
      "thought": "I am now in/on: sidetable 2\nCritical objects I have found:\nremotecontrol 1 (sidetable 2)\nObjects I have taken:\nNone\nI have found a remote control (1) on sidetable 2. Next, I need to take it."
    },
    {
      "obs": "You pick up the remotecontrol 1 from the sidetable 2.",
      "act": "go to armchair 1",
      "thought": "I am now in/on: sidetable 2\nCritical objects I have found:\nremotecontrol 1 (sidetable 2)\nObjects I have taken:\nremotecontrol 1\nNow I have taken the remote control (1). Next, I need to go to and put it in the armchair 1."
    },
    {
      "obs": "You arrive at loc 21. On the armchair 1, you see a newspaper 1.",
      "act": "put remotecontrol 1 in/on armchair 1",
      "thought": "I am now in/on: armchair 1\nCritical objects I have found:\nremotecontrol 1 (sidetable 2)\nObjects I have taken:\nremotecontrol 1\nNow I am at the armchair 1. Next, I need to put the remote control 1 in/on it."
    },
    {
      "obs": "You put the remotecontrol 1 in/on the armchair 1.",
      "act": "go to sidetable 1"
    }
  ]
}