{
  "task": "put some toiletpaper on toiletpaperhanger.",
  "traj": [
    {
      "obs": "You are in the middle of a room. Looking quickly around you, you see a bathtubbasin 1, a drawer 1, a garbagecan 1, a handtowelholder 1, a sidetable 1, a sinkbasin 1, a toilet 1, a toiletpaperhanger 1, a towelholder 1, and a towelholder 2.",
      "act": "go to garbagecan 1",
      "thought": "I am now in/on: the middle of a room\nCritical objects I have found:\nNone\nObjects I have taken:\nNone\nTo solve the task, I need to find and take some toiletpaper, then put it on the toiletpaperhanger. First, I need to find toiletpaper. Toiletpaper is more likely to appear in the bathroom area, possibly in drawers, cabinets, or near the toilet itself. Since I don't see any cabinets, I will start by checking the garbagecan, as sometimes unused rolls or loose toiletpaper might be found there."
    },
    {
      "obs": "You arrive at loc 5. On the garbagecan 1, you see nothing.",
      "act": "go to drawer 1",
      "thought": "I am now in/on: garbagecan 1\nCritical objects I have found:\nNone\nObjects I have taken:\nNone\nIn the garbagecan 1, there is no toiletpaper. Next, I need to check drawer 1, as it is common to store toiletpaper or other bathroom supplies there."
    },
    {
      "obs": "You arrive at loc 10. The drawer 1 is closed.",
      "act": "open drawer 1",
      "thought": "I am now in/on: garbagecan 1\nCritical objects I have found:\nNone\nObjects I have taken:\nNone\nTo see objects in drawer 1, I have to open it first."
    },
    {
      "obs": "You open the drawer 1. The drawer 1 is open. In it, you see a soapbar 2.",
      "act": "go to toiletpaperhanger 1",
      "thought": "I am now in/on: drawer 1\nCritical objects I have found:\nNone\nObjects I have taken:\nNone\nIn drawer 1, there is no toiletpaper. Next, I need to check near the toiletpaperhanger itself, as there might be a spare roll nearby."
    },
    {
      "obs": "You arrive at loc 9. On the toiletpaperhanger 1, you see nothing.",
      "act": "go to toilet 1",
      "thought": "I am now in/on: toiletpaperhanger 1\nCritical objects I have found:\nNone\nObjects I have taken:\nNone\nOn the toiletpaperhanger 1, there is no toiletpaper. Next, I need to check near the toilet 1, as there might be a spare roll nearby or in a storage area close to it."
    },
    {
      "obs": "You arrive at loc 3. On the toilet 1, you see a soapbar 1, a soapbottle 1, a spraybottle 1, and a toiletpaper 1.",
      "act": "take toiletpaper 1 from toilet 1",
      "thought": "I am now in/on: toilet 1\nCritical objects I have found:\ntoiletpaper 1 (toilet 1)\nObjects I have taken:\nNone\nI have found toiletpaper (1) on the toilet 1. Next, I need to take it so I can put it on the toiletpaperhanger."
    },
    {
      "obs": "You pick up the toiletpaper 1 from the toilet 1.",
      "act": "go to toiletpaperhanger 1",
      "thought": "I am now in/on: toilet 1\nCritical objects I have found:\ntoiletpaper 1 (toilet 1)\nObjects I have taken:\ntoiletpaper 1\nNow that I have taken the toiletpaper (1), I need to go to the toiletpaperhanger to put it there."
    },
    {
      "obs": "You pick up the toiletpaper 1 from the toilet 1.",
      "act": "put toiletpaper 1 in/on toiletpaperhanger 1",
      "thought": "I am now in/on: toilet 1\nCritical objects I have found:\ntoiletpaper 1 (toilet 1)\nObjects I have taken:\ntoiletpaper 1\nNow I have the toiletpaper (1) and I am heading to the toiletpaperhanger to put it there."
    },
    {
      "obs": "You put the toiletpaper 1 in/on the toiletpaperhanger 1.",
      "act": "go to garbagecan 1"
    }
  ]
}