{
  "task": "put a cellphone in dresser.",
  "traj": [
    {
      "obs": "You are in the middle of a room. Looking quickly around you, you see a bed 1, a drawer 1, a drawer 10, a drawer 11, a drawer 2, a drawer 3, a drawer 4, a drawer 5, a drawer 6, a drawer 7, a drawer 8, a drawer 9, a dresser 1, a garbagecan 1, a laundryhamper 1, a safe 1, and a sidetable 1.",
      "act": "go to drawer 7",
      "thought": "I am now in/on: the middle of a room\nCritical objects I have found:\nNone\nObjects I have taken:\nNone\nTo solve the task, I need to find and take a cellphone, then put it in the dresser. First, I need to find a cellphone. A cellphone is more likely to appear in drawers (1-11), sidetable (1), or dresser (1). I can check one by one, starting with drawer 7."
    },
    {
      "obs": "You arrive at loc 12. The drawer 7 is closed.",
      "act": "open drawer 7",
      "thought": "I am now in/on: drawer 7\nCritical objects I have found:\nNone\nObjects I have taken:\nNone\nTo see objects in drawer 7, I have to open it first."
    },
    {
      "obs": "You open the drawer 7. The drawer 7 is open. In it, you see a pencil 3.",
      "act": "go to drawer 9",
      "thought": "I am now in/on: drawer 7\nCritical objects I have found:\nNone\nObjects I have taken:\nNone\nIn drawer 7, there is no cellphone. Next, I need to check drawer 9."
    },
    {
      "obs": "You arrive at loc 11. The drawer 9 is closed.",
      "act": "open drawer 9",
      "thought": "I am now in/on: drawer 7\nCritical objects I have found:\nNone\nObjects I have taken:\nNone\nDrawer 7 did not contain a cellphone. I will now attempt to open drawer 9 to continue the search for a cellphone."
    },
    {
      "obs": "You open the drawer 9. The drawer 9 is open. In it, you see nothing.",
      "act": "go to bed 1",
      "thought": "I am now in/on: drawer 9\nCritical objects I have found:\nNone\nObjects I have taken:\nNone\nDrawer 9 did not contain a cellphone. I will now check bed 1, as sometimes cellphones can be found on or near beds."
    },
    {
      "obs": "You arrive at loc 21. On the bed 1, you see a cellphone 1, a cellphone 3, a cellphone 4, a pillow 1, a pillow 2, and a pillow 3.",
      "act": "take cellphone 4 from bed 1",
      "thought": "I am now in/on: bed 1\nCritical objects I have found:\ncellphone 4 (bed 1)\nObjects I have taken:\nNone\nI have found multiple cellphones on bed 1. I will take cellphone 4 as it is one of the available options."
    },
    {
      "obs": "You pick up the cellphone 4 from the bed 1.",
      "act": "go to dresser 1",
      "thought": "I am now in/on: bed 1\nCritical objects I have found:\ncellphone 4 (bed 1)\nObjects I have taken:\ncellphone 4\nNow that I have the cellphone 4, I need to put it in the dresser. I will go to dresser 1 to complete the task."
    },
    {
      "obs": "You arrive at loc 24. On the dresser 1, you see a bowl 1, a creditcard 1, a laptop 1, a pen 2, and a pencil 2.",
      "act": "put cellphone 4 in/on dresser 1",
      "thought": "I am now in/on: dresser 1\nCritical objects I have found:\ncellphone 4 (bed 1)\nObjects I have taken:\ncellphone 4\nI am at the dresser 1 with the cellphone 4. Now I need to put the cellphone 4 in/on the dresser to complete the task."
    },
    {
      "obs": "You put the cellphone 4 in/on the dresser 1.",
      "act": "go to drawer 7"
    }
  ]
}