{
  "task": "put some pen on sidetable.",
  "traj": [
    {
      "obs": "You are in the middle of a room. Looking quickly around you, you see a armchair 1, a armchair 2, a armchair 3, a bed 1, a cabinet 1, a cabinet 2, a desk 1, a drawer 1, a drawer 2, a drawer 3, a drawer 4, a garbagecan 1, a laundryhamper 1, a safe 1, and a sidetable 1.",
      "act": "go to desk 1",
      "thought": "I am now in/on: the middle of a room\nCritical objects I have found:\nNone\nObjects I have taken:\nNone\nTo solve the task, I need to find and take a pen, then put it on the sidetable. First, I need to find a pen. A pen is more likely to appear in or on a desk (1), drawers (1-4), or maybe even in a garbagecan (1). I will start by checking the desk 1."
    },
    {
      "obs": "You arrive at loc 11. On the desk 1, you see a alarmclock 1, a alarmclock 2, a cellphone 2, a creditcard 1, a houseplant 1, a pen 3, a pencil 1, and a remotecontrol 2.",
      "act": "take pen 3 from desk 1",
      "thought": "I am now in/on: desk 1\nCritical objects I have found:\npen 3 (desk 1)\nObjects I have taken:\nNone\nI have found a pen (3) on the desk 1. Next, I need to take it."
    },
    {
      "obs": "You pick up the pen 3 from the desk 1.",
      "act": "go to sidetable 1",
      "thought": "I am now in/on: desk 1\nCritical objects I have found:\npen 3 (desk 1)\nObjects I have taken:\npen 3\nNow that I have the pen (3), I need to go to the sidetable 1 to put it there."
    },
    {
      "obs": "You arrive at loc 27. On the sidetable 1, you see a cd 1, a desklamp 1, and a remotecontrol 1.",
      "act": "put pen 3 in/on sidetable 1",
      "thought": "I am now in/on: sidetable 1\nCritical objects I have found:\npen 3 (desk 1)\nObjects I have taken:\npen 3\nI am at the sidetable 1 with the pen (3). Now I need to put the pen on the sidetable."
    },
    {
      "obs": "You put the pen 3 in/on the sidetable 1.",
      "act": "go to desk 1"
    }
  ]
}