{
  "task": "put some toiletpaper on toiletpaperhanger.",
  "traj": [
    {
      "obs": "You are in the middle of a room. Looking quickly around you, you see a bathtubbasin 1, a countertop 1, a drawer 1, a drawer 2, a drawer 3, a drawer 4, a dresser 1, a garbagecan 1, a handtowelholder 1, a handtowelholder 2, a shelf 1, a shelf 2, a sinkbasin 1, a toilet 1, a toiletpaperhanger 1, and a towelholder 1.",
      "act": "go to drawer 1",
      "thought": "I am now in/on: the middle of a room\nCritical objects I have found:\nNone\nObjects I have taken:\nNone\nTo solve the task, I need to find and take some toiletpaper, then put it on the toiletpaperhanger. First, I need to find toiletpaper. Toiletpaper is more likely to appear in drawers (1-4), dresser (1), or shelf (1-2). I can check one by one, starting with drawer 1."
    },
    {
      "obs": "You arrive at loc 12. The drawer 1 is closed.",
      "act": "open drawer 1",
      "thought": "I am now in/on: drawer 1\nCritical objects I have found:\nNone\nObjects I have taken:\nNone\nTo see objects in drawer 1, I have to open it first."
    },
    {
      "obs": "You open the drawer 1. The drawer 1 is open. In it, you see a soapbottle 1.",
      "act": "go to shelf 1",
      "thought": "I am now in/on: drawer 1\nCritical objects I have found:\nNone\nObjects I have taken:\nNone\nIn drawer 1, there is no toiletpaper. Next, I need to check shelf 1."
    },
    {
      "obs": "You arrive at loc 9. On the shelf 1, you see a cloth 2.",
      "act": "go to drawer 2",
      "thought": "I am now in/on: shelf 1\nCritical objects I have found:\nNone\nObjects I have taken:\nNone\nOn shelf 1, there is no toiletpaper. Next, I need to check drawer 2."
    },
    {
      "obs": "You arrive at loc 8. The drawer 2 is closed.",
      "act": "open drawer 2",
      "thought": "I am now in/on: drawer 2\nCritical objects I have found:\nNone\nObjects I have taken:\nNone\nTo see objects in drawer 2, I have to open it first."
    },
    {
      "obs": "You open the drawer 2. The drawer 2 is open. In it, you see a soapbar 2, and a toiletpaper 3.",
      "act": "take toiletpaper 3 from drawer 2",
      "thought": "I am now in/on: drawer 2\nCritical objects I have found:\ntoiletpaper 3 (drawer 2)\nObjects I have taken:\nNone\nNow I find some toiletpaper (3). Next, I need to take it."
    },
    {
      "obs": "You pick up the toiletpaper 3 from the drawer 2.",
      "act": "go to toiletpaperhanger 1",
      "thought": "I am now in/on: drawer 2\nCritical objects I have found:\ntoiletpaper 3 (drawer 2)\nObjects I have taken:\ntoiletpaper 3\nNow I have taken the toiletpaper (3). Next, I need to go to and put it on the toiletpaperhanger 1."
    },
    {
      "obs": "You arrive at loc 19. On the toiletpaperhanger 1, you see nothing.",
      "act": "put toiletpaper 3 in/on toiletpaperhanger 1",
      "thought": "I am now in/on: toiletpaperhanger 1\nCritical objects I have found:\ntoiletpaper 3 (drawer 2)\nObjects I have taken:\ntoiletpaper 3\nNow I am at the toiletpaperhanger 1. Next, I need to put the toiletpaper 3 on it."
    },
    {
      "obs": "You put the toiletpaper 3 in/on the toiletpaperhanger 1.",
      "act": "go to drawer 1"
    }
  ]
}