{
  "task": "put some keychain on drawer.",
  "traj": [
    {
      "obs": "You are in the middle of a room. Looking quickly around you, you see a armchair 1, a diningtable 1, a drawer 1, a garbagecan 1, a ottoman 1, a shelf 1, a shelf 2, a shelf 3, a shelf 4, a shelf 5, a shelf 6, a shelf 7, a shelf 8, a sidetable 1, a sofa 1, and a tvstand 1.",
      "act": "go to shelf 8",
      "thought": "I am now in/on: the middle of a room\nCritical objects I have found:\nNone\nObjects I have taken:\nNone\nTo solve the task, I need to find and take a keychain, then put it on the drawer. First, I need to find a keychain. A keychain is more likely to appear on shelves (1-8), sidetables (1), or tvstands (1). I can check one by one, starting with shelf 8."
    },
    {
      "obs": "You arrive at loc 13. On the shelf 8, you see a keychain 3.",
      "act": "take keychain 3 from shelf 8",
      "thought": "I am now in/on: shelf 8\nCritical objects I have found:\nkeychain 3 (shelf 8)\nObjects I have taken:\nNone\nNow I find a keychain (3). Next, I need to take it."
    },
    {
      "obs": "You pick up the keychain 3 from the shelf 8.",
      "act": "go to drawer 1",
      "thought": "I am now in/on: shelf 8\nCritical objects I have found:\nkeychain 3 (shelf 8)\nObjects I have taken:\nkeychain 3\nNow I have taken the keychain (3). Next, I need to go to and put it on drawer 1."
    },
    {
      "obs": "You arrive at loc 22. The drawer 1 is closed.",
      "act": "open drawer 1",
      "thought": "I am now in/on: drawer 1\nCritical objects I have found:\nkeychain 3 (shelf 8)\nObjects I have taken:\nkeychain 3\nThe drawer 1 is closed. Before I can put the keychain on it, I need to open the drawer."
    },
    {
      "obs": "You open the drawer 1. The drawer 1 is open. In it, you see nothing.",
      "act": "put keychain 3 in/on drawer 1",
      "thought": "I am now in/on: drawer 1\nCritical objects I have found:\nkeychain 3 (shelf 8)\nObjects I have taken:\nkeychain 3\nNow the drawer is open, and I can put the keychain (3) in/on it."
    },
    {
      "obs": "You put the keychain 3 in/on the drawer 1.",
      "act": "close drawer 1"
    }
  ]
}