{
  "task": "put a book in bed.",
  "traj": [
    {
      "obs": "You are in the middle of a room. Looking quickly around you, you see a bed 1, a desk 1, a drawer 1, a drawer 2, a garbagecan 1, a shelf 1, a shelf 2, a shelf 3, a shelf 4, a shelf 5, a shelf 6, a shelf 7, a shelf 8, and a sidetable 1.",
      "act": "go to shelf 5",
      "thought": "I am now in/on: the middle of a room\nCritical objects I have found:\nNone\nObjects I have taken:\nNone\nTo solve the task, I need to find and take a book, then put it in the bed. First, I need to find a book. A book is more likely to appear on shelves or in drawers. I will check the shelves first, starting with shelf 5."
    },
    {
      "obs": "You arrive at loc 8. On the shelf 5, you see nothing.",
      "act": "go to desk 1",
      "thought": "I am now in/on: shelf 5\nCritical objects I have found:\nNone\nObjects I have taken:\nNone\nOn shelf 5, there is no book. Next, I need to check desk 1, as desks often have books on or in them."
    },
    {
      "obs": "You arrive at loc 15. On the desk 1, you see a alarmclock 2, a book 1, and a pen 1.",
      "act": "take book 1 from desk 1",
      "thought": "I am now in/on: desk 1\nCritical objects I have found:\nbook 1 (desk 1)\nObjects I have taken:\nNone\nNow I find a book (1) on the desk 1. Next, I need to take it."
    },
    {
      "obs": "You pick up the book 1 from the desk 1.",
      "act": "go to bed 1",
      "thought": "I am now in/on: desk 1\nCritical objects I have found:\nbook 1 (desk 1)\nObjects I have taken:\nbook 1\nNow I have taken the book (1). Next, I need to go to the bed and put the book in it."
    },
    {
      "obs": "You arrive at loc 14. On the bed 1, you see a cellphone 1, a laptop 1, and a pillow 1.",
      "act": "put book 1 in/on bed 1",
      "thought": "I am now in/on: bed 1\nCritical objects I have found:\nbook 1 (desk 1)\nObjects I have taken:\nbook 1\nNow I am at the bed 1. Next, I need to put the book 1 in/on it."
    },
    {
      "obs": "You put the book 1 in/on the bed 1.",
      "act": "go to shelf 5"
    }
  ]
}