{
  "task": "put some watch on coffeetable.",
  "traj": [
    {
      "obs": "You are in the middle of a room. Looking quickly around you, you see a armchair 1, a armchair 2, a coffeetable 1, a diningtable 1, a diningtable 2, a drawer 1, a drawer 2, a garbagecan 1, a sidetable 1, a sidetable 2, a sofa 1, and a tvstand 1.",
      "act": "go to sidetable 1",
      "thought": "I am now in/on: the middle of a room\nCritical objects I have found:\nNone\nObjects I have taken:\nNone\nTo solve the task, I need to find and take a watch, then put it on the coffeetable. First, I need to find a watch. A watch is more likely to appear on sidetables (1-2), drawers (1-2), or perhaps on the diningtables (1-2). I will check one by one, starting with sidetable 1."
    },
    {
      "obs": "You arrive at loc 2. On the sidetable 1, you see a creditcard 2, and a plate 1.",
      "act": "go to coffeetable 1",
      "thought": "I am now in/on: sidetable 1\nCritical objects I have found:\nNone\nObjects I have taken:\nNone\nOn sidetable 1, there is no watch. Next, I need to check coffeetable 1, as it is also a common place where a watch might be placed."
    },
    {
      "obs": "You arrive at loc 18. On the coffeetable 1, you see a book 1, a pen 1, a plate 2, a remotecontrol 1, and a tissuebox 1.",
      "act": "go to sidetable 2",
      "thought": "I am now in/on: coffeetable 1\nCritical objects I have found:\nNone\nObjects I have taken:\nNone\nOn coffeetable 1, there is no watch. Next, I need to check sidetable 2."
    },
    {
      "obs": "You arrive at loc 9. On the sidetable 2, you see a bowl 2, and a curtains 1.",
      "act": "go to diningtable 2",
      "thought": "I am now in/on: sidetable 2\nCritical objects I have found:\nNone\nObjects I have taken:\nNone\nOn sidetable 2, there is no watch. Next, I need to check diningtable 2."
    },
    {
      "obs": "You arrive at loc 24. On the diningtable 2, you see a book 2, a bowl 1, a pen 2, a statue 1, a statue 2, a tissuebox 2, and a vase 1.",
      "act": "go to drawer 1",
      "thought": "I am now in/on: diningtable 2\nCritical objects I have found:\nNone\nObjects I have taken:\nNone\nOn diningtable 2, there is no watch. Next, I need to check drawer 1."
    },
    {
      "obs": "You arrive at loc 20. The drawer 1 is closed.",
      "act": "open drawer 1",
      "thought": "I am now in/on: diningtable 2\nCritical objects I have found:\nNone\nObjects I have taken:\nNone\nTo see objects in drawer 1, I have to open it first."
    },
    {
      "obs": "You open the drawer 1. The drawer 1 is open. In it, you see a watch 1.",
      "act": "take watch 1 from drawer 1",
      "thought": "I am now in/on: drawer 1\nCritical objects I have found:\nwatch 1 (drawer 1)\nObjects I have taken:\nNone\nNow I find a watch (1). Next, I need to take it."
    },
    {
      "obs": "You pick up the watch 1 from the drawer 1.",
      "act": "go to coffeetable 1",
      "thought": "I am now in/on: drawer 1\nCritical objects I have found:\nwatch 1 (drawer 1)\nObjects I have taken:\nwatch 1\nNow I have taken the watch (1). Next, I need to go to and put it on the coffeetable 1."
    },
    {
      "obs": "You arrive at loc 18. On the coffeetable 1, you see a book 1, a pen 1, a plate 2, a remotecontrol 1, and a tissuebox 1.",
      "act": "put watch 1 in/on coffeetable 1",
      "thought": "I am now in/on: coffeetable 1\nCritical objects I have found:\nwatch 1 (drawer 1)\nObjects I have taken:\nwatch 1\nNow I am at the coffeetable 1. Next, I need to put the watch 1 on it."
    },
    {
      "obs": "You put the watch 1 in/on the coffeetable 1.",
      "act": "go to sidetable 1"
    }
  ]
}