{
  "task": "put some toiletpaper on toiletpaperhanger.",
  "traj": [
    {
      "obs": "You are in the middle of a room. Looking quickly around you, you see a bathtubbasin 1, a drawer 1, a garbagecan 1, a handtowelholder 1, a sidetable 1, a sinkbasin 1, a toilet 1, a toiletpaperhanger 1, a towelholder 1, and a towelholder 2.",
      "act": "go to garbagecan 1",
      "thought": "I am now in/on: the middle of a room\nCritical objects I have found:\nNone\nObjects I have taken:\nNone\nTo solve the task, I need to find and take some toiletpaper, then put it on the toiletpaperhanger. First, I need to find toiletpaper. Toiletpaper is more likely to appear in drawers (1), garbagecans (1), or possibly on the sidetable (1). I can check one by one, starting with garbagecan 1."
    },
    {
      "obs": "You arrive at loc 5. On the garbagecan 1, you see nothing.",
      "act": "go to drawer 1",
      "thought": "I am now in/on: garbagecan 1\nCritical objects I have found:\nNone\nObjects I have taken:\nNone\nIn garbagecan 1, there is no toiletpaper. Next, I need to check drawer 1."
    },
    {
      "obs": "You arrive at loc 11. The drawer 1 is closed.",
      "act": "open drawer 1",
      "thought": "I am now in/on: garbagecan 1\nCritical objects I have found:\nNone\nObjects I have taken:\nNone\nTo see objects in drawer 1, I have to open it first."
    },
    {
      "obs": "You open the drawer 1. The drawer 1 is open. In it, you see nothing.",
      "act": "go to toiletpaperhanger 1",
      "thought": "I am now in/on: drawer 1\nCritical objects I have found:\nNone\nObjects I have taken:\nNone\nIn drawer 1, there is no toiletpaper. Next, I need to check the toiletpaperhanger 1 to see if there's an extra roll there."
    },
    {
      "obs": "You arrive at loc 10. On the toiletpaperhanger 1, you see nothing.",
      "act": "go to toilet 1",
      "thought": "I am now in/on: toiletpaperhanger 1\nCritical objects I have found:\nNone\nObjects I have taken:\nNone\nOn the toiletpaperhanger 1, there is no toiletpaper. Next, I need to check the toilet 1 to see if there's toiletpaper nearby."
    },
    {
      "obs": "You arrive at loc 3. On the toilet 1, you see a candle 2, a soapbottle 1, and a toiletpaper 1.",
      "act": "take toiletpaper 1 from toilet 1",
      "thought": "I am now in/on: toilet 1\nCritical objects I have found:\ntoiletpaper 1 (toilet 1)\nObjects I have taken:\nNone\nNow I find toiletpaper (1). Next, I need to take it."
    },
    {
      "obs": "You pick up the toiletpaper 1 from the toilet 1.",
      "act": "go to toiletpaperhanger 1",
      "thought": "I am now in/on: toilet 1\nCritical objects I have found:\ntoiletpaper 1 (toilet 1)\nObjects I have taken:\ntoiletpaper 1\nNow I have taken the toiletpaper (1). Next, I need to go to and put it on the toiletpaperhanger 1."
    },
    {
      "obs": "You pick up the toiletpaper 1 from the toilet 1.",
      "act": "put toiletpaper 1 in/on toiletpaperhanger 1",
      "thought": "I am now in/on: toilet 1\nCritical objects I have found:\ntoiletpaper 1 (toilet 1)\nObjects I have taken:\ntoiletpaper 1\nNow I have taken the toiletpaper (1). Next, I need to put it on the toiletpaperhanger 1."
    },
    {
      "obs": "You put the toiletpaper 1 in/on the toiletpaperhanger 1.",
      "act": "go to garbagecan 1"
    }
  ]
}