{
  "task": "put a remotecontrol in sofa.",
  "traj": [
    {
      "obs": "You are in the middle of a room. Looking quickly around you, you see a armchair 1, a diningtable 1, a drawer 1, a drawer 2, a drawer 3, a drawer 4, a garbagecan 1, a shelf 1, a sidetable 1, a sidetable 2, a sidetable 3, and a sofa 1.",
      "act": "go to drawer 4",
      "thought": "I am now in/on: the middle of a room\nCritical objects I have found:\nNone\nObjects I have taken:\nNone\nTo solve the task, I need to find and take a remote control, then put it in the sofa. First, I need to find a remote control. A remote control is more likely to appear in drawers (1-4), sidetables (1-3), or on the shelf (1). I can check one by one, starting with drawer 4."
    },
    {
      "obs": "You arrive at loc 23. The drawer 4 is closed.",
      "act": "open drawer 4",
      "thought": "I am now in/on: drawer 4\nCritical objects I have found:\nNone\nObjects I have taken:\nNone\nTo see objects in drawer 4, I have to open it first."
    },
    {
      "obs": "You open the drawer 4. The drawer 4 is open. In it, you see nothing.",
      "act": "go to sidetable 3",
      "thought": "I am now in/on: drawer 4\nCritical objects I have found:\nNone\nObjects I have taken:\nNone\nDrawer 4 is empty, so there is no remote control here. Next, I need to check sidetable 3 for a remote control."
    },
    {
      "obs": "You arrive at loc 7. On the sidetable 3, you see a remotecontrol 2, a remotecontrol 4, and a statue 2.",
      "act": "take remotecontrol 2 from sidetable 3",
      "thought": "I am now in/on: sidetable 3\nCritical objects I have found:\nremotecontrol 2 (sidetable 3)\nObjects I have taken:\nNone\nNow I have found a remote control (2). Next, I need to take it."
    },
    {
      "obs": "You pick up the remotecontrol 2 from the sidetable 3.",
      "act": "go to sofa 1",
      "thought": "I am now in/on: sidetable 3\nCritical objects I have found:\nremotecontrol 2 (sidetable 3)\nObjects I have taken:\nremotecontrol 2\nNow I have taken the remote control (2). Next, I need to go to the sofa and put it in the sofa."
    },
    {
      "obs": "You arrive at loc 5. On the sofa 1, you see a laptop 2, and a newspaper 1.",
      "act": "put remotecontrol 2 in/on sofa 1",
      "thought": "I am now in/on: sofa 1\nCritical objects I have found:\nremotecontrol 2 (sidetable 3)\nObjects I have taken:\nremotecontrol 2\nNow I am at the sofa 1. Next, I need to put the remote control 2 in/on it."
    },
    {
      "obs": "You put the remotecontrol 2 in/on the sofa 1.",
      "act": "go to drawer 4"
    }
  ]
}