{
  "task": "put a watch in shelf.",
  "traj": [
    {
      "obs": "You are in the middle of a room. Looking quickly around you, you see a armchair 1, a armchair 2, a coffeetable 1, a coffeetable 2, a garbagecan 1, a shelf 1, a shelf 2, a shelf 3, a shelf 4, a shelf 5, a shelf 6, a shelf 7, a shelf 8, a sofa 1, and a tvstand 1.",
      "act": "go to shelf 3",
      "thought": "I am now in/on: the middle of a room\nCritical objects I have found:\nNone\nObjects I have taken:\nNone\nTo solve the task, I need to find and take a watch, then put it in a shelf. First, I need to find a watch. A watch is more likely to appear on shelves, coffeetables, tvstands, or possibly in a garbagecan. I will check the shelves first, starting with shelf 3."
    },
    {
      "obs": "You arrive at loc 12. On the shelf 3, you see nothing.",
      "act": "go to shelf 8",
      "thought": "I am now in/on: shelf 3\nCritical objects I have found:\nNone\nObjects I have taken:\nNone\nOn shelf 3, there is no watch. Next, I need to check shelf 8."
    },
    {
      "obs": "You arrive at loc 2. On the shelf 8, you see nothing.",
      "act": "go to shelf 5",
      "thought": "I am now in/on: shelf 8\nCritical objects I have found:\nNone\nObjects I have taken:\nNone\nOn shelf 8, there is no watch. Next, I need to check shelf 5."
    },
    {
      "obs": "You arrive at loc 16. On the shelf 5, you see nothing.",
      "act": "go to sofa 1",
      "thought": "I am now in/on: shelf 5\nCritical objects I have found:\nNone\nObjects I have taken:\nNone\nOn shelf 5, there is no watch. Next, I need to check around the sofa 1, as sometimes personal items like watches can be found near places where people sit."
    },
    {
      "obs": "You arrive at loc 3. On the sofa 1, you see a pillow 1, and a remotecontrol 3.",
      "act": "go to shelf 6",
      "thought": "I am now in/on: sofa 1\nCritical objects I have found:\nNone\nObjects I have taken:\nNone\nOn sofa 1, there is no watch. Next, I need to check shelf 6."
    },
    {
      "obs": "You arrive at loc 16. On the shelf 6, you see nothing.",
      "act": "go to shelf 4",
      "thought": "I am now in/on: shelf 6\nCritical objects I have found:\nNone\nObjects I have taken:\nNone\nOn shelf 6, there is no watch. Next, I need to check shelf 4."
    },
    {
      "obs": "You arrive at loc 17. On the shelf 4, you see nothing.",
      "act": "go to coffeetable 2",
      "thought": "I am now in/on: shelf 4\nCritical objects I have found:\nNone\nObjects I have taken:\nNone\nOn shelf 4, there is no watch. Next, I need to check coffeetable 2, as watches can also be left on tables."
    },
    {
      "obs": "You arrive at loc 11. On the coffeetable 2, you see a box 1, a keychain 1, a laptop 1, a remotecontrol 2, and a statue 2.",
      "act": "go to shelf 7",
      "thought": "I am now in/on: coffeetable 2\nCritical objects I have found:\nNone\nObjects I have taken:\nNone\nOn coffeetable 2, there is no watch. Next, I need to check shelf 7."
    },
    {
      "obs": "You arrive at loc 7. On the shelf 7, you see nothing.",
      "act": "go to coffeetable 1",
      "thought": "I am now in/on: shelf 7\nCritical objects I have found:\nNone\nObjects I have taken:\nNone\nOn shelf 7, there is no watch. Next, I need to check coffeetable 1, as watches can also be left on tables."
    },
    {
      "obs": "You arrive at loc 4. On the coffeetable 1, you see a houseplant 1, a vase 3, and a watch 3.",
      "act": "take watch 3 from coffeetable 1",
      "thought": "I am now in/on: coffeetable 1\nCritical objects I have found:\nwatch 3 (coffeetable 1)\nObjects I have taken:\nNone\nI have found a watch (3) on coffeetable 1. Next, I need to take it."
    },
    {
      "obs": "You pick up the watch 3 from the coffeetable 1.",
      "act": "go to shelf 3",
      "thought": "I am now in/on: coffeetable 1\nCritical objects I have found:\nwatch 3 (coffeetable 1)\nObjects I have taken:\nwatch 3\nNow that I have the watch (3), I need to put it in a shelf. I will go to shelf 3 to place the watch there."
    },
    {
      "obs": "You arrive at loc 12. On the shelf 3, you see nothing.",
      "act": "put watch 3 in/on shelf 3",
      "thought": "I am now in/on: shelf 3\nCritical objects I have found:\nwatch 3 (coffeetable 1)\nObjects I have taken:\nwatch 3\nNow I am at shelf 3 and it is empty. I will put the watch 3 in/on it to complete the task."
    },
    {
      "obs": "You put the watch 3 in/on the shelf 3.",
      "act": "go to shelf 8"
    }
  ]
}