{
  "task": "put a egg in fridge.",
  "traj": [
    {
      "obs": "You are in the middle of a room. Looking quickly around you, you see a cabinet 1, a cabinet 10, a cabinet 11, a cabinet 12, a cabinet 13, a cabinet 2, a cabinet 3, a cabinet 4, a cabinet 5, a cabinet 6, a cabinet 7, a cabinet 8, a cabinet 9, a coffeemachine 1, a countertop 1, a countertop 2, a diningtable 1, a drawer 1, a drawer 2, a drawer 3, a drawer 4, a fridge 1, a garbagecan 1, a microwave 1, a shelf 1, a shelf 2, a shelf 3, a sinkbasin 1, a stoveburner 1, a stoveburner 2, a stoveburner 3, a stoveburner 4, and a toaster 1.",
      "act": "go to fridge 1",
      "thought": "I am now in/on: the middle of a room\nCritical objects I have found:\nNone\nObjects I have taken:\nNone\nTo solve the task, I need to find and take an egg, then put it in the fridge. First, I need to find an egg. An egg is more likely to appear in fridges (1), countertops (1-2), or possibly in cabinets (1-13) if they store food. I will start by checking the fridge 1."
    },
    {
      "obs": "You arrive at loc 41. The fridge 1 is closed.",
      "act": "open fridge 1",
      "thought": "I am now in/on: fridge 1\nCritical objects I have found:\nNone\nObjects I have taken:\nNone\nTo see objects in fridge 1, I have to open it first."
    },
    {
      "obs": "You open the fridge 1. The fridge 1 is open. In it, you see a plate 1, and a pot 3.",
      "act": "go to countertop 2",
      "thought": "I am now in/on: fridge 1\nCritical objects I have found:\nNone\nObjects I have taken:\nNone\nIn fridge 1, there is no egg. Next, I need to check countertop 2."
    },
    {
      "obs": "You arrive at loc 16. On the countertop 2, you see a book 2, a bread 1, a cup 2, a egg 1, a fork 2, a kettle 1, a lettuce 3, a mug 2, a saltshaker 1, a sink 1, a statue 2, and a vase 3.",
      "act": "take egg 1 from countertop 2",
      "thought": "I am now in/on: countertop 2\nCritical objects I have found:\negg 1 (countertop 2)\nObjects I have taken:\nNone\nI have found an egg (1) on countertop 2. Next, I need to take it."
    },
    {
      "obs": "You pick up the egg 1 from the countertop 2.",
      "act": "go to fridge 1",
      "thought": "I am now in/on: countertop 2\nCritical objects I have found:\negg 1 (countertop 2)\nObjects I have taken:\negg 1\nNow that I have the egg (1), I need to go back to the fridge to put it inside."
    },
    {
      "obs": "You pick up the egg 1 from the countertop 2.",
      "act": "open fridge 1",
      "thought": "I am now in/on: countertop 2\nCritical objects I have found:\negg 1 (countertop 2)\nObjects I have taken:\negg 1\nI have the egg and I am at the countertop 2. I need to go to the fridge 1 to put the egg inside. However, it seems there was a mistake in the observation as it repeated the action of picking up the egg. I should already be at the fridge, so I will try to open it assuming I am there and it has closed again."
    },
    {
      "obs": "You pick up the egg 1 from the countertop 2.",
      "act": "put egg 1 in/on fridge 1",
      "thought": "It seems there is a confusion in the observations. I have already taken the egg from the countertop 2 and I intended to go to the fridge 1. The observation incorrectly repeated the action of picking up the egg. I should be at the fridge 1 now, ready to put the egg inside. Let's proceed with that action."
    },
    {
      "obs": "You put the egg 1 in/on the fridge 1.",
      "act": "close fridge 1"
    }
  ]
}