{
  "task": "put some keychain on armchair.",
  "traj": [
    {
      "obs": "You are in the middle of a room. Looking quickly around you, you see a armchair 1, a armchair 2, a coffeetable 1, a diningtable 1, a drawer 1, a drawer 10, a drawer 11, a drawer 12, a drawer 2, a drawer 3, a drawer 4, a drawer 5, a drawer 6, a drawer 7, a drawer 8, a drawer 9, a dresser 1, a garbagecan 1, a sidetable 1, a sidetable 2, a sidetable 3, and a sofa 1.",
      "act": "go to sidetable 1",
      "thought": "I am now in/on: the middle of a room\nCritical objects I have found:\nNone\nObjects I have taken:\nNone\nTo solve the task, I need to find and take a keychain, then put it on an armchair. First, I need to find a keychain. A keychain is more likely to appear in drawers (1-12), sidetables (1-3), or a dresser (1). I can check one by one, starting with sidetable 1."
    },
    {
      "obs": "You arrive at loc 1. On the sidetable 1, you see a keychain 1.",
      "act": "take keychain 1 from sidetable 1",
      "thought": "I am now in/on: sidetable 1\nCritical objects I have found:\nkeychain 1 (sidetable 1)\nObjects I have taken:\nNone\nI have found a keychain (1) on sidetable 1. Next, I need to take it."
    },
    {
      "obs": "You pick up the keychain 1 from the sidetable 1.",
      "act": "go to armchair 1",
      "thought": "I am now in/on: sidetable 1\nCritical objects I have found:\nkeychain 1 (sidetable 1)\nObjects I have taken:\nkeychain 1\nNow I have taken the keychain (1). Next, I need to go to and put it on an armchair. I will start with armchair 1."
    },
    {
      "obs": "You arrive at loc 24. On the armchair 1, you see nothing.",
      "act": "put keychain 1 in/on armchair 1",
      "thought": "I am now in/on: armchair 1\nCritical objects I have found:\nkeychain 1 (sidetable 1)\nObjects I have taken:\nkeychain 1\nNow I am at armchair 1 and it is empty. Next, I need to put the keychain 1 on it."
    },
    {
      "obs": "You put the keychain 1 in/on the armchair 1.",
      "act": "go to sidetable 1"
    }
  ]
}