{
  "task": "put some fork on drawer.",
  "traj": [
    {
      "obs": "You are in the middle of a room. Looking quickly around you, you see a cabinet 1, a cabinet 10, a cabinet 11, a cabinet 12, a cabinet 13, a cabinet 14, a cabinet 15, a cabinet 16, a cabinet 17, a cabinet 18, a cabinet 19, a cabinet 2, a cabinet 3, a cabinet 4, a cabinet 5, a cabinet 6, a cabinet 7, a cabinet 8, a cabinet 9, a coffeemachine 1, a countertop 1, a countertop 2, a countertop 3, a drawer 1, a drawer 2, a drawer 3, a drawer 4, a fridge 1, a garbagecan 1, a microwave 1, a sinkbasin 1, a stoveburner 1, a stoveburner 2, a stoveburner 3, a stoveburner 4, and a toaster 1.",
      "act": "go to drawer 2",
      "thought": "I am now in/on: the middle of a room\nCritical objects I have found:\nNone\nObjects I have taken:\nNone\nTo solve the task, I need to find and take a fork, then put it in/on a drawer. First, I need to find a fork. A fork is more likely to appear in drawers (1-4), countertop (1-3), or sinkbasin (1). I can check one by one, starting with drawer 2 since it's mentioned in the task."
    },
    {
      "obs": "You arrive at loc 26. The drawer 2 is closed.",
      "act": "open drawer 2",
      "thought": "I am now in/on: drawer 2\nCritical objects I have found:\nNone\nObjects I have taken:\nNone\nTo see objects in drawer 2, I have to open it first."
    },
    {
      "obs": "You open the drawer 2. The drawer 2 is open. In it, you see nothing.",
      "act": "go to countertop 2",
      "thought": "I am now in/on: drawer 2\nCritical objects I have found:\nNone\nObjects I have taken:\nNone\nDrawer 2 is empty, so I need to check another location for a fork. Next, I will check countertop 2."
    },
    {
      "obs": "You arrive at loc 10. On the countertop 2, you see a bread 2, a knife 1, and a tomato 1.",
      "act": "go to drawer 3",
      "thought": "I am now in/on: countertop 2\nCritical objects I have found:\nNone\nObjects I have taken:\nNone\nOn countertop 2, there is no fork. Next, I need to check drawer 3."
    },
    {
      "obs": "You arrive at loc 36. The drawer 3 is closed.",
      "act": "open drawer 3",
      "thought": "I am now in/on: countertop 2\nCritical objects I have found:\nNone\nObjects I have taken:\nNone\nDrawer 3 is the next location to check for a fork. Since it's closed, I need to open it to see if there's a fork inside."
    },
    {
      "obs": "You open the drawer 3. The drawer 3 is open. In it, you see a knife 3, a spatula 2, and a spoon 2.",
      "act": "go to countertop 1",
      "thought": "I am now in/on: drawer 3\nCritical objects I have found:\nNone\nObjects I have taken:\nNone\nIn drawer 3, there is no fork. Next, I need to check countertop 1 for a fork."
    },
    {
      "obs": "You arrive at loc 16. On the countertop 1, you see a fork 1, a mug 2, and a potato 2.",
      "act": "take fork 1 from countertop 1",
      "thought": "I am now in/on: countertop 1\nCritical objects I have found:\nfork 1 (countertop 1)\nObjects I have taken:\nNone\nI have found a fork (1) on countertop 1. Next, I need to take it."
    },
    {
      "obs": "You pick up the fork 1 from the countertop 1.",
      "act": "go to drawer 2",
      "thought": "I am now in/on: countertop 1\nCritical objects I have found:\nfork 1 (countertop 1)\nObjects I have taken:\nfork 1\nNow that I have the fork (1), I need to put it in a drawer. I will go back to drawer 2 as it was empty and is suitable for placing the fork in."
    },
    {
      "obs": "You arrive at loc 26. The drawer 2 is closed.",
      "act": "open drawer 2",
      "thought": "I am now in/on: countertop 1\nCritical objects I have found:\nfork 1 (countertop 1)\nObjects I have taken:\nfork 1\nI have the fork and need to put it in drawer 2, but it appears to be closed again. I need to open it first before I can put the fork inside."
    },
    {
      "obs": "You open the drawer 2. The drawer 2 is open. In it, you see nothing.",
      "act": "put fork 1 in/on drawer 2",
      "thought": "I am now in/on: drawer 2\nCritical objects I have found:\nfork 1 (countertop 1)\nObjects I have taken:\nfork 1\nNow that drawer 2 is open and empty, I can put the fork 1 in it to complete the task."
    },
    {
      "obs": "You put the fork 1 in/on the drawer 2.",
      "act": "close drawer 2"
    }
  ]
}