{
  "task": "put some keychain on sofa.",
  "traj": [
    {
      "obs": "You are in the middle of a room. Looking quickly around you, you see a armchair 1, a coffeetable 1, a drawer 1, a drawer 2, a drawer 3, a drawer 4, a dresser 1, a garbagecan 1, a sidetable 1, a sidetable 2, a sidetable 3, and a sofa 1.",
      "act": "go to drawer 4",
      "thought": "I am now in/on: the middle of a room\nCritical objects I have found:\nNone\nObjects I have taken:\nNone\nTo solve the task, I need to find and take a keychain, then put it on the sofa. First, I need to find a keychain. A keychain is more likely to appear in drawers (1-4), dressers (1), sidetables (1-3), or garbagecan (1). I can check one by one, starting with drawer 4."
    },
    {
      "obs": "You arrive at loc 16. The drawer 4 is closed.",
      "act": "open drawer 4",
      "thought": "I am now in/on: drawer 4\nCritical objects I have found:\nNone\nObjects I have taken:\nNone\nTo see objects in drawer 4, I have to open it first."
    },
    {
      "obs": "You open the drawer 4. The drawer 4 is open. In it, you see a creditcard 1.",
      "act": "go to dresser 1",
      "thought": "I am now in/on: drawer 4\nCritical objects I have found:\nNone\nObjects I have taken:\nNone\nIn drawer 4, there is no keychain. Next, I need to check dresser 1."
    },
    {
      "obs": "You arrive at loc 17. On the dresser 1, you see a cellphone 1, a pencil 1, and a television 1.",
      "act": "go to coffeetable 1",
      "thought": "I am now in/on: dresser 1\nCritical objects I have found:\nNone\nObjects I have taken:\nNone\nOn dresser 1, there is no keychain. Next, I need to check coffeetable 1. Although a keychain is less likely to be on a coffeetable, it's worth checking all nearby surfaces before moving on to other drawers or sidetables."
    },
    {
      "obs": "You arrive at loc 25. On the coffeetable 1, you see a book 1, a keychain 1, a pen 1, a pen 2, a statue 1, a statue 2, a statue 3, a tissuebox 1, and a tissuebox 2.",
      "act": "take keychain 1 from coffeetable 1",
      "thought": "I am now in/on: coffeetable 1\nCritical objects I have found:\nkeychain 1 (coffeetable 1)\nObjects I have taken:\nNone\nI have found a keychain (1) on the coffeetable 1. Next, I need to take it."
    },
    {
      "obs": "You pick up the keychain 1 from the coffeetable 1.",
      "act": "go to sofa 1",
      "thought": "I am now in/on: coffeetable 1\nCritical objects I have found:\nkeychain 1 (coffeetable 1)\nObjects I have taken:\nkeychain 1\nNow that I have the keychain (1), I need to go to the sofa and put it there."
    },
    {
      "obs": "You arrive at loc 23. On the sofa 1, you see a box 1, and a pillow 1.",
      "act": "put keychain 1 in/on sofa 1",
      "thought": "I am now in/on: sofa 1\nCritical objects I have found:\nkeychain 1 (coffeetable 1)\nObjects I have taken:\nkeychain 1\nNow I am at the sofa 1. Next, I need to put the keychain 1 in/on it."
    },
    {
      "obs": "You put the keychain 1 in/on the sofa 1.",
      "act": "go to drawer 4"
    }
  ]
}