{
  "task": "put some spraybottle on garbagecan.",
  "traj": [
    {
      "obs": "You are in the middle of a room. Looking quickly around you, you see a bathtubbasin 1, a countertop 1, a drawer 1, a drawer 2, a drawer 3, a drawer 4, a drawer 5, a drawer 6, a drawer 7, a drawer 8, a garbagecan 1, a handtowelholder 1, a sinkbasin 1, a toilet 1, a toiletpaperhanger 1, a towelholder 1, and a towelholder 2.",
      "act": "go to drawer 8",
      "thought": "I am now in/on: the middle of a room\nCritical objects I have found:\nNone\nObjects I have taken:\nNone\nTo solve the task, I need to find and take a spraybottle, then put it on the garbagecan. First, I need to find a spraybottle. A spraybottle is more likely to appear in drawers (1-8), countertop (1), or sinkbasin (1). I can check one by one, starting with drawer 8."
    },
    {
      "obs": "You arrive at loc 11. The drawer 8 is closed.",
      "act": "open drawer 8",
      "thought": "I am now in/on: drawer 8\nCritical objects I have found:\nNone\nObjects I have taken:\nNone\nTo see objects in drawer 8, I have to open it first."
    },
    {
      "obs": "You open the drawer 8. The drawer 8 is open. In it, you see nothing.",
      "act": "go to toilet 1",
      "thought": "It seems there was a mistake in the last action. I should continue searching for the spraybottle in the remaining drawers, not go to the toilet. I will correct this and continue with the task."
    },
    {
      "obs": "You arrive at loc 2. On the toilet 1, you see a candle 1, a toiletpaper 1, and a toiletpaper 2.",
      "act": "go to garbagecan 1",
      "thought": "I am now in/on: toilet 1\nCritical objects I have found:\nNone\nObjects I have taken:\nNone\nI mistakenly went to the toilet instead of continuing my search for the spraybottle. I need to correct this and continue searching the remaining drawers. However, since I am already here, I will proceed to the garbagecan to prepare for when I find the spraybottle."
    },
    {
      "obs": "You arrive at loc 4. On the garbagecan 1, you see nothing.",
      "act": "go to countertop 1",
      "thought": "I am now in/on: garbagecan 1\nCritical objects I have found:\nNone\nObjects I have taken:\nNone\nOn the garbagecan 1, there is nothing. I need to continue my search for the spraybottle. Next, I will check the countertop 1."
    },
    {
      "obs": "You arrive at loc 13. On the countertop 1, you see a candle 2, a candle 3, a cloth 2, a soapbar 1, a soapbottle 1, a soapbottle 2, and a spraybottle 1.",
      "act": "take spraybottle 1 from countertop 1",
      "thought": "I am now in/on: countertop 1\nCritical objects I have found:\nspraybottle 1 (countertop 1)\nObjects I have taken:\nNone\nI have found a spraybottle (1) on the countertop 1. Next, I need to take it."
    },
    {
      "obs": "You pick up the spraybottle 1 from the countertop 1.",
      "act": "go to garbagecan 1",
      "thought": "I am now in/on: countertop 1\nCritical objects I have found:\nspraybottle 1 (countertop 1)\nObjects I have taken:\nspraybottle 1\nNow that I have the spraybottle (1), I need to go to the garbagecan to complete the task."
    },
    {
      "obs": "You pick up the spraybottle 1 from the countertop 1.",
      "act": "put spraybottle 1 in/on garbagecan 1",
      "thought": "I am now in/on: countertop 1\nCritical objects I have found:\nspraybottle 1 (countertop 1)\nObjects I have taken:\nspraybottle 1\nI have taken the spraybottle (1) and need to put it on the garbagecan to complete the task. I will proceed to do so now."
    },
    {
      "obs": "You put the spraybottle 1 in/on the garbagecan 1.",
      "act": "go to drawer 8"
    }
  ]
}