{
  "task": "put some toiletpaper on toiletpaperhanger.",
  "traj": [
    {
      "obs": "You are in the middle of a room. Looking quickly around you, you see a bathtubbasin 1, a cabinet 1, a cabinet 2, a cabinet 3, a cabinet 4, a countertop 1, a garbagecan 1, a handtowelholder 1, a sinkbasin 1, a sinkbasin 2, a toilet 1, a toiletpaperhanger 1, and a towelholder 1.",
      "act": "go to cabinet 4",
      "thought": "I am now in/on: the middle of a room\nCritical objects I have found:\nNone\nObjects I have taken:\nNone\nTo solve the task, I need to find and take some toiletpaper, then put it on the toiletpaperhanger. First, I need to find toiletpaper. Toiletpaper is more likely to appear in cabinets (1-4), countertop (1), or possibly near the toilet (1). I will check the cabinets one by one, starting with cabinet 4."
    },
    {
      "obs": "You arrive at loc 9. The cabinet 4 is closed.",
      "act": "open cabinet 4",
      "thought": "I am now in/on: cabinet 4\nCritical objects I have found:\nNone\nObjects I have taken:\nNone\nTo see objects in cabinet 4, I have to open it first."
    },
    {
      "obs": "You open the cabinet 4. The cabinet 4 is open. In it, you see a toiletpaper 1.",
      "act": "take toiletpaper 1 from cabinet 4",
      "thought": "I am now in/on: cabinet 4\nCritical objects I have found:\ntoiletpaper 1 (cabinet 4)\nObjects I have taken:\nNone\nNow I find some toiletpaper (1). Next, I need to take it."
    },
    {
      "obs": "You pick up the toiletpaper 1 from the cabinet 4.",
      "act": "go to toiletpaperhanger 1",
      "thought": "I am now in/on: cabinet 4\nCritical objects I have found:\ntoiletpaper 1 (cabinet 4)\nObjects I have taken:\ntoiletpaper 1\nNow I have taken the toiletpaper (1). Next, I need to go to and put it on the toiletpaperhanger 1."
    },
    {
      "obs": "You arrive at loc 11. On the toiletpaperhanger 1, you see nothing.",
      "act": "put toiletpaper 1 in/on toiletpaperhanger 1",
      "thought": "I am now in/on: toiletpaperhanger 1\nCritical objects I have found:\ntoiletpaper 1 (cabinet 4)\nObjects I have taken:\ntoiletpaper 1\nNow I am at the toiletpaperhanger 1. Next, I need to put the toiletpaper 1 on it."
    },
    {
      "obs": "You put the toiletpaper 1 in/on the toiletpaperhanger 1.",
      "act": "go to cabinet 4"
    }
  ]
}