{
  "task": "put some spraybottle on toilet.",
  "traj": [
    {
      "obs": "You are in the middle of a room. Looking quickly around you, you see a cabinet 1, a cabinet 2, a cabinet 3, a countertop 1, a garbagecan 1, a handtowelholder 1, a handtowelholder 2, a sinkbasin 1, a toilet 1, a toiletpaperhanger 1, and a towelholder 1.",
      "act": "go to toilet 1",
      "thought": "I am now in/on: the middle of a room\nCritical objects I have found:\nNone\nObjects I have taken:\nNone\nTo solve the task, I need to find and take a spraybottle, then put it on the toilet. First, I need to find a spraybottle. A spraybottle is more likely to appear in cabinets (1-3), countertop (1), or possibly near the sinkbasin (1). I will check these locations starting with cabinet 1."
    },
    {
      "obs": "You arrive at loc 18. On the toilet 1, you see a candle 3, a soapbar 1, and a toiletpaper 2.",
      "act": "go to countertop 1",
      "thought": "I am now in/on: toilet 1\nCritical objects I have found:\nNone\nObjects I have taken:\nNone\nOn toilet 1, there is no spraybottle. Next, I need to check countertop 1."
    },
    {
      "obs": "You arrive at loc 10. On the countertop 1, you see a candle 2, a cloth 2, a spraybottle 1, and a toiletpaper 1.",
      "act": "take spraybottle 1 from countertop 1",
      "thought": "I am now in/on: countertop 1\nCritical objects I have found:\nspraybottle 1 (countertop 1)\nObjects I have taken:\nNone\nI have found a spraybottle (1) on the countertop 1. Next, I need to take it."
    },
    {
      "obs": "You pick up the spraybottle 1 from the countertop 1.",
      "act": "go to toilet 1",
      "thought": "I am now in/on: countertop 1\nCritical objects I have found:\nspraybottle 1 (countertop 1)\nObjects I have taken:\nspraybottle 1\nNow I have taken the spraybottle (1). Next, I need to go to and put it on the toilet 1."
    },
    {
      "obs": "You pick up the spraybottle 1 from the countertop 1.",
      "act": "put spraybottle 1 in/on toilet 1",
      "thought": "I am now in/on: countertop 1\nCritical objects I have found:\nspraybottle 1 (countertop 1)\nObjects I have taken:\nspraybottle 1\nNow I have taken the spraybottle (1). Next, I need to go to and put it on the toilet 1."
    },
    {
      "obs": "You put the spraybottle 1 in/on the toilet 1.",
      "act": "go to countertop 1"
    }
  ]
}