{
  "task": "put some cd on safe.",
  "traj": [
    {
      "obs": "You are in the middle of a room. Looking quickly around you, you see a bed 1, a drawer 1, a drawer 10, a drawer 11, a drawer 2, a drawer 3, a drawer 4, a drawer 5, a drawer 6, a drawer 7, a drawer 8, a drawer 9, a dresser 1, a garbagecan 1, a laundryhamper 1, a safe 1, and a sidetable 1.",
      "act": "go to drawer 7",
      "thought": "I am now in/on: the middle of a room\nCritical objects I have found:\nNone\nObjects I have taken:\nNone\nTo solve the task, I need to find and take a CD, then put it on the safe. First, I need to find a CD. A CD is more likely to appear in drawers (1-11), dresser (1), or sidetable (1). I can check one by one, starting with drawer 7."
    },
    {
      "obs": "You arrive at loc 11. The drawer 7 is closed.",
      "act": "open drawer 7",
      "thought": "I am now in/on: drawer 7\nCritical objects I have found:\nNone\nObjects I have taken:\nNone\nTo see objects in drawer 7, I have to open it first."
    },
    {
      "obs": "You open the drawer 7. The drawer 7 is open. In it, you see nothing.",
      "act": "go to drawer 9",
      "thought": "I am now in/on: drawer 7\nCritical objects I have found:\nNone\nObjects I have taken:\nNone\nIn drawer 7, there is no CD. Next, I need to check drawer 9."
    },
    {
      "obs": "You arrive at loc 10. The drawer 9 is closed.",
      "act": "open drawer 9",
      "thought": "I am now in/on: drawer 7\nCritical objects I have found:\nNone\nObjects I have taken:\nNone\nDrawer 7 is empty. Now I will open drawer 9 to continue searching for a CD."
    },
    {
      "obs": "You open the drawer 9. The drawer 9 is open. In it, you see nothing.",
      "act": "go to drawer 3",
      "thought": "I am now in/on: drawer 9\nCritical objects I have found:\nNone\nObjects I have taken:\nNone\nIn drawer 9, there is no CD. Next, I need to check drawer 3."
    },
    {
      "obs": "You arrive at loc 24. The drawer 3 is closed.",
      "act": "open drawer 3",
      "thought": "I am now in/on: drawer 9\nCritical objects I have found:\nNone\nObjects I have taken:\nNone\nDrawer 9 is empty. Now I will open drawer 3 to continue searching for a CD."
    },
    {
      "obs": "You open the drawer 3. The drawer 3 is open. In it, you see a keychain 1, and a keychain 2.",
      "act": "go to safe 1",
      "thought": "I am now in/on: drawer 3\nCritical objects I have found:\nNone\nObjects I have taken:\nNone\nIn drawer 3, there is no CD. Next, I need to check the safe, as sometimes small valuable items like CDs might be stored there for safekeeping."
    },
    {
      "obs": "You arrive at loc 15. The safe 1 is closed.",
      "act": "open safe 1",
      "thought": "I am now in/on: drawer 3\nCritical objects I have found:\nNone\nObjects I have taken:\nNone\nThe safe might contain valuable items, including CDs. I will attempt to open the safe to see if the CD is inside."
    },
    {
      "obs": "You open the safe 1. The safe 1 is open. In it, you see nothing.",
      "act": "go to sidetable 1",
      "thought": "I am now in/on: safe 1\nCritical objects I have found:\nNone\nObjects I have taken:\nNone\nThe safe is empty, so there is no CD inside. Next, I need to check the sidetable 1, as it could be another place where a CD might be placed."
    },
    {
      "obs": "You arrive at loc 22. On the sidetable 1, you see a alarmclock 1, a cd 1, a creditcard 1, and a desklamp 1.",
      "act": "take cd 1 from sidetable 1",
      "thought": "I am now in/on: sidetable 1\nCritical objects I have found:\ncd 1 (sidetable 1)\nObjects I have taken:\nNone\nI have found a CD on the sidetable 1. Next, I need to take it."
    },
    {
      "obs": "You pick up the cd 1 from the sidetable 1.",
      "act": "go to safe 1",
      "thought": "I am now in/on: sidetable 1\nCritical objects I have found:\ncd 1 (sidetable 1)\nObjects I have taken:\ncd 1\nNow I have taken the CD from the sidetable 1. Next, I need to go to the safe and put the CD on it."
    },
    {
      "obs": "You pick up the cd 1 from the sidetable 1.",
      "act": "open safe 1",
      "thought": "It seems there was a mistake in the last observation, as it repeated the action of picking up the CD from the sidetable 1. Since I already have the CD and the safe is already open, I should proceed to put the CD on the safe."
    },
    {
      "obs": "You pick up the cd 1 from the sidetable 1.",
      "act": "put cd 1 in/on safe 1",
      "thought": "It seems there was a mistake in the last observation, as it repeated the action of picking up the CD from the sidetable 1. Since I already have the CD and the safe is already open, I should proceed to put the CD on the safe."
    },
    {
      "obs": "You put the cd 1 in/on the safe 1.",
      "act": "close safe 1"
    }
  ]
}