{
  "task": "put a spraybottle in toilet.",
  "traj": [
    {
      "obs": "You are in the middle of a room. Looking quickly around you, you see a cabinet 1, a cabinet 2, a cabinet 3, a cabinet 4, a countertop 1, a garbagecan 1, a handtowelholder 1, a handtowelholder 2, a sinkbasin 1, a sinkbasin 2, a toilet 1, a toiletpaperhanger 1, and a towelholder 1.",
      "act": "go to garbagecan 1",
      "thought": "I am now in/on: the middle of a room\nCritical objects I have found:\nNone\nObjects I have taken:\nNone\nTo solve the task, I need to find and take a spraybottle, then put it in the toilet. First, I need to find a spraybottle. A spraybottle is more likely to appear in cabinets (1-4), countertop (1), or possibly in the garbagecan (1). I will start by checking the garbagecan 1 since it's a place where items might be discarded."
    },
    {
      "obs": "You arrive at loc 10. On the garbagecan 1, you see a soapbar 1.",
      "act": "go to cabinet 1",
      "thought": "I am now in/on: garbagecan 1\nCritical objects I have found:\nNone\nObjects I have taken:\nNone\nIn the garbagecan 1, there is no spraybottle. Next, I need to check cabinet 1 for a spraybottle."
    },
    {
      "obs": "You arrive at loc 14. On the cabinet 1, you see a spraybottle 1.",
      "act": "take spraybottle 1 from cabinet 1",
      "thought": "I am now in/on: cabinet 1\nCritical objects I have found:\nspraybottle 1 (cabinet 1)\nObjects I have taken:\nNone\nNow I find a spraybottle (1). Next, I need to take it."
    },
    {
      "obs": "You pick up the spraybottle 1 from the cabinet 1.",
      "act": "go to toilet 1",
      "thought": "I am now in/on: cabinet 1\nCritical objects I have found:\nspraybottle 1 (cabinet 1)\nObjects I have taken:\nspraybottle 1\nNow I have taken the spraybottle (1). Next, I need to go to the toilet and put it in there."
    },
    {
      "obs": "You arrive at loc 7. On the toilet 1, you see a cloth 1.",
      "act": "put spraybottle 1 in/on toilet 1",
      "thought": "I am now in/on: toilet 1\nCritical objects I have found:\nspraybottle 1 (cabinet 1)\nObjects I have taken:\nspraybottle 1\nNow I am at the toilet 1. Next, I need to put the spraybottle 1 in the toilet."
    },
    {
      "obs": "You put the spraybottle 1 in/on the toilet 1.",
      "act": "go to garbagecan 1"
    }
  ]
}