{
  "task": "put a candle in toilet.",
  "traj": [
    {
      "obs": "You are in the middle of a room. Looking quickly around you, you see a bathtubbasin 1, a cabinet 1, a cabinet 2, a cabinet 3, a cabinet 4, a countertop 1, a garbagecan 1, a handtowelholder 1, a handtowelholder 2, a shelf 1, a sinkbasin 1, a sinkbasin 2, a toilet 1, a toiletpaperhanger 1, a towelholder 1, and a towelholder 2.",
      "act": "go to cabinet 3",
      "thought": "I am now in/on: the middle of a room\nCritical objects I have found:\nNone\nObjects I have taken:\nNone\nTo solve the task, I need to find and take a candle, then put it in the toilet. First, I need to find a candle. A candle is more likely to appear in cabinets (1-4), shelf (1), or countertop (1). I will check one by one, starting with cabinet 3."
    },
    {
      "obs": "You arrive at loc 7. The cabinet 3 is closed.",
      "act": "open cabinet 3",
      "thought": "I am now in/on: cabinet 3\nCritical objects I have found:\nNone\nObjects I have taken:\nNone\nTo see objects in cabinet 3, I have to open it first."
    },
    {
      "obs": "You open the cabinet 3. The cabinet 3 is open. In it, you see a soapbar 2, a spraybottle 2, and a toiletpaper 1.",
      "act": "go to cabinet 4",
      "thought": "I am now in/on: cabinet 3\nCritical objects I have found:\nNone\nObjects I have taken:\nNone\nIn cabinet 3, there is no candle. Next, I need to check cabinet 4."
    },
    {
      "obs": "You arrive at loc 11. The cabinet 4 is closed.",
      "act": "open cabinet 4",
      "thought": "I am now in/on: cabinet 3\nCritical objects I have found:\nNone\nObjects I have taken:\nNone\nTo see objects in cabinet 4, I have to open it next."
    },
    {
      "obs": "You open the cabinet 4. The cabinet 4 is open. In it, you see nothing.",
      "act": "go to shelf 1",
      "thought": "I am now in/on: cabinet 4\nCritical objects I have found:\nNone\nObjects I have taken:\nNone\nIn cabinet 4, there is no candle. Next, I need to check shelf 1."
    },
    {
      "obs": "You arrive at loc 1. On the shelf 1, you see a soapbottle 1, and a tissuebox 1.",
      "act": "go to cabinet 1",
      "thought": "I am now in/on: shelf 1\nCritical objects I have found:\nNone\nObjects I have taken:\nNone\nOn shelf 1, there is no candle. Next, I need to check cabinet 1."
    },
    {
      "obs": "You arrive at loc 7. The cabinet 1 is closed.",
      "act": "open cabinet 1",
      "thought": "I am now in/on: shelf 1\nCritical objects I have found:\nNone\nObjects I have taken:\nNone\nTo see objects in cabinet 1, I have to open it next."
    },
    {
      "obs": "You open the cabinet 1. The cabinet 1 is open. In it, you see a soapbar 1.",
      "act": "go to countertop 1",
      "thought": "I am now in/on: cabinet 1\nCritical objects I have found:\nNone\nObjects I have taken:\nNone\nIn cabinet 1, there is no candle. Next, I need to check countertop 1."
    },
    {
      "obs": "You arrive at loc 9. On the countertop 1, you see a candle 1, a cloth 3, a soapbar 3, and a spraybottle 1.",
      "act": "take candle 1 from countertop 1",
      "thought": "I am now in/on: countertop 1\nCritical objects I have found:\ncandle 1 (countertop 1)\nObjects I have taken:\nNone\nNow I find a candle (1). Next, I need to take it."
    },
    {
      "obs": "You pick up the candle 1 from the countertop 1.",
      "act": "go to toilet 1",
      "thought": "I am now in/on: countertop 1\nCritical objects I have found:\ncandle 1 (countertop 1)\nObjects I have taken:\ncandle 1\nNow I have taken the candle (1). Next, I need to go to and put it in the toilet 1."
    },
    {
      "obs": "You arrive at loc 19. On the toilet 1, you see a soapbottle 3.",
      "act": "put candle 1 in/on toilet 1",
      "thought": "I am now in/on: toilet 1\nCritical objects I have found:\ncandle 1 (countertop 1)\nObjects I have taken:\ncandle 1\nNow I am at the toilet 1. Next, I need to put the candle 1 in/on it."
    },
    {
      "obs": "You put the candle 1 in/on the toilet 1.",
      "act": "go to cabinet 3"
    }
  ]
}