{
  "task": "put some book on desk.",
  "traj": [
    {
      "obs": "You are in the middle of a room. Looking quickly around you, you see a bed 1, a cabinet 1, a cabinet 2, a cabinet 3, a cabinet 4, a desk 1, a drawer 1, a drawer 2, a garbagecan 1, a shelf 1, and a sidetable 1.",
      "act": "go to drawer 1",
      "thought": "I am now in/on: the middle of a room\nCritical objects I have found:\nNone\nObjects I have taken:\nNone\nTo solve the task, I need to find and take a book, then put it on the desk. First, I need to find a book. A book is more likely to appear in drawers (1-2), cabinets (1-4), shelves (1), or sidetables (1). I can check one by one, starting with drawer 1."
    },
    {
      "obs": "You arrive at loc 17. The drawer 1 is closed.",
      "act": "open drawer 1",
      "thought": "I am now in/on: drawer 1\nCritical objects I have found:\nNone\nObjects I have taken:\nNone\nTo see objects in drawer 1, I have to open it first."
    },
    {
      "obs": "You open the drawer 1. The drawer 1 is open. In it, you see a creditcard 1.",
      "act": "go to drawer 2",
      "thought": "I am now in/on: drawer 1\nCritical objects I have found:\nNone\nObjects I have taken:\nNone\nIn drawer 1, there is no book. Next, I need to check drawer 2."
    },
    {
      "obs": "You arrive at loc 18. The drawer 2 is closed.",
      "act": "open drawer 2",
      "thought": "I am now in/on: drawer 1\nCritical objects I have found:\nNone\nObjects I have taken:\nNone\nTo see objects in drawer 2, I have to open it next."
    },
    {
      "obs": "You open the drawer 2. The drawer 2 is open. In it, you see nothing.",
      "act": "go to cabinet 4",
      "thought": "I am now in/on: drawer 2\nCritical objects I have found:\nNone\nObjects I have taken:\nNone\nIn drawer 2, there is no book. Next, I need to check cabinet 4."
    },
    {
      "obs": "You arrive at loc 13. The cabinet 4 is closed.",
      "act": "open cabinet 4",
      "thought": "I am now in/on: cabinet 4\nCritical objects I have found:\nNone\nObjects I have taken:\nNone\nTo see objects in cabinet 4, I have to open it first."
    },
    {
      "obs": "You open the cabinet 4. The cabinet 4 is open. In it, you see nothing.",
      "act": "go to cabinet 3",
      "thought": "I am now in/on: cabinet 4\nCritical objects I have found:\nNone\nObjects I have taken:\nNone\nIn cabinet 4, there is no book. Next, I need to check cabinet 3."
    },
    {
      "obs": "You arrive at loc 9. The cabinet 3 is closed.",
      "act": "open cabinet 3",
      "thought": "I am now in/on: cabinet 3\nCritical objects I have found:\nNone\nObjects I have taken:\nNone\nTo see objects in cabinet 3, I have to open it next."
    },
    {
      "obs": "You open the cabinet 3. The cabinet 3 is open. In it, you see nothing.",
      "act": "go to cabinet 2",
      "thought": "I am now in/on: cabinet 3\nCritical objects I have found:\nNone\nObjects I have taken:\nNone\nIn cabinet 3, there is no book. Next, I need to check cabinet 2."
    },
    {
      "obs": "You arrive at loc 2. The cabinet 2 is closed.",
      "act": "open cabinet 2",
      "thought": "I am now in/on: cabinet 3\nCritical objects I have found:\nNone\nObjects I have taken:\nNone\nTo see objects in cabinet 2, I have to open it next."
    },
    {
      "obs": "You open the cabinet 2. The cabinet 2 is open. In it, you see nothing.",
      "act": "go to bed 1",
      "thought": "I am now in/on: cabinet 2\nCritical objects I have found:\nNone\nObjects I have taken:\nNone\nIn cabinet 2, there is no book. Next, I need to check bed 1, although it's less likely to find a book there, I should still check all possible locations before moving on to the remaining cabinets and the shelf."
    },
    {
      "obs": "You arrive at loc 11. On the bed 1, you see a book 1, a book 2, a laptop 1, and a pillow 1.",
      "act": "take book 2 from bed 1",
      "thought": "I am now in/on: bed 1\nCritical objects I have found:\nbook 2 (bed 1)\nObjects I have taken:\nNone\nNow I find a book (2). Next, I need to take it."
    },
    {
      "obs": "You pick up the book 2 from the bed 1.",
      "act": "go to desk 1",
      "thought": "I am now in/on: bed 1\nCritical objects I have found:\nbook 2 (bed 1)\nObjects I have taken:\nbook 2\nNow I have taken a book (2). Next, I need to go to and put it on the desk 1."
    },
    {
      "obs": "You arrive at loc 8. On the desk 1, you see a alarmclock 1, a box 1, a creditcard 3, a keychain 1, a laptop 2, a pen 1, a pen 2, a pen 3, and a pencil 2.",
      "act": "put book 2 in/on desk 1",
      "thought": "I am now in/on: desk 1\nCritical objects I have found:\nbook 2 (bed 1)\nObjects I have taken:\nbook 2\nNow I am at the desk 1. Next, I need to put the book 2 on it."
    },
    {
      "obs": "You put the book 2 in/on the desk 1.",
      "act": "go to drawer 1"
    }
  ]
}