{
  "task": "put some pencil on desk.",
  "traj": [
    {
      "obs": "You are in the middle of a room. Looking quickly around you, you see a bed 1, a desk 1, a drawer 1, a drawer 2, a drawer 3, a garbagecan 1, a safe 1, a shelf 1, a shelf 2, a shelf 3, a shelf 4, a shelf 5, a sidetable 1, and a sidetable 2.",
      "act": "go to drawer 3",
      "thought": "I am now in/on: the middle of a room\nCritical objects I have found:\nNone\nObjects I have taken:\nNone\nTo solve the task, I need to find and take a pencil, then put it on the desk. First, I need to find a pencil. A pencil is more likely to appear in drawers (1-3), shelves (1-5), sidetables (1-2), or possibly on the desk itself. I will check one by one, starting with drawer 3."
    },
    {
      "obs": "You arrive at loc 11. The drawer 3 is closed.",
      "act": "open drawer 3",
      "thought": "I am now in/on: drawer 3\nCritical objects I have found:\nNone\nObjects I have taken:\nNone\nTo see objects in drawer 3, I have to open it first."
    },
    {
      "obs": "You open the drawer 3. The drawer 3 is open. In it, you see nothing.",
      "act": "go to garbagecan 1",
      "thought": "I am now in/on: drawer 3\nCritical objects I have found:\nNone\nObjects I have taken:\nNone\nDrawer 3 is empty, so there is no pencil here. Next, I will check the garbagecan 1, although it's less likely to find a pencil there, it's worth checking before moving on to other storage areas."
    },
    {
      "obs": "You arrive at loc 13. On the garbagecan 1, you see nothing.",
      "act": "go to shelf 3",
      "thought": "I am now in/on: garbagecan 1\nCritical objects I have found:\nNone\nObjects I have taken:\nNone\nThe garbagecan 1 is empty, so there is no pencil there. Next, I will check shelf 3, as shelves are common places to find pencils and other small items."
    },
    {
      "obs": "You arrive at loc 18. On the shelf 3, you see nothing.",
      "act": "go to sidetable 1",
      "thought": "I am now in/on: shelf 3\nCritical objects I have found:\nNone\nObjects I have taken:\nNone\nShelf 3 is empty, so there is no pencil there. Next, I will check sidetable 1, as sidetables can also be places where pencils are placed temporarily."
    },
    {
      "obs": "You arrive at loc 10. On the sidetable 1, you see a creditcard 1.",
      "act": "go to shelf 5",
      "thought": "I am now in/on: sidetable 1\nCritical objects I have found:\nNone\nObjects I have taken:\nNone\nSidetable 1 has a creditcard but no pencil. Next, I will check shelf 5, continuing the search for a pencil."
    },
    {
      "obs": "You arrive at loc 21. On the shelf 5, you see a alarmclock 1, a houseplant 1, and a pencil 1.",
      "act": "take pencil 1 from shelf 5",
      "thought": "I am now in/on: shelf 5\nCritical objects I have found:\npencil 1 (shelf 5)\nObjects I have taken:\nNone\nI have found a pencil (1) on shelf 5. Next, I need to take it."
    },
    {
      "obs": "You pick up the pencil 1 from the shelf 5.",
      "act": "go to desk 1",
      "thought": "I am now in/on: shelf 5\nCritical objects I have found:\npencil 1 (shelf 5)\nObjects I have taken:\npencil 1\nNow I have taken the pencil (1). Next, I need to go to and put it on desk 1."
    },
    {
      "obs": "You arrive at loc 9. On the desk 1, you see a creditcard 2, a creditcard 3, a keychain 1, a laptop 1, and a pen 1.",
      "act": "put pencil 1 in/on desk 1",
      "thought": "I am now in/on: desk 1\nCritical objects I have found:\npencil 1 (shelf 5)\nObjects I have taken:\npencil 1\nNow I am at the desk 1. Next, I need to put the pencil 1 on it."
    },
    {
      "obs": "You put the pencil 1 in/on the desk 1.",
      "act": "go to drawer 3"
    }
  ]
}