{
  "task": "put some kettle on shelf.",
  "traj": [
    {
      "obs": "You are in the middle of a room. Looking quickly around you, you see a cabinet 1, a cabinet 2, a cabinet 3, a cabinet 4, a cabinet 5, a cabinet 6, a cabinet 7, a cabinet 8, a cabinet 9, a coffeemachine 1, a countertop 1, a countertop 2, a countertop 3, a drawer 1, a drawer 2, a drawer 3, a drawer 4, a drawer 5, a drawer 6, a drawer 7, a drawer 8, a drawer 9, a fridge 1, a garbagecan 1, a microwave 1, a shelf 1, a shelf 2, a shelf 3, a sinkbasin 1, a stoveburner 1, a stoveburner 2, a stoveburner 3, a stoveburner 4, and a toaster 1.",
      "act": "go to shelf 1",
      "thought": "I am now in/on: the middle of a room\nCritical objects I have found:\nNone\nObjects I have taken:\nNone\nTo solve the task, I need to find and take a kettle, then put it on a shelf. First, I need to find a kettle. A kettle is more likely to appear on countertops (1-3), in cabinets (1-9), or on shelves (1-3). I can check one by one, starting with shelf 1."
    },
    {
      "obs": "You arrive at loc 26. On the shelf 1, you see a cup 1, and a dishsponge 1.",
      "act": "go to stoveburner 2",
      "thought": "I am now in/on: shelf 1\nCritical objects I have found:\nNone\nObjects I have taken:\nNone\nOn shelf 1, there is no kettle. Next, I need to check around the stoveburners, as sometimes kettles are left on or near the stove after use."
    },
    {
      "obs": "You arrive at loc 21. On the stoveburner 2, you see nothing.",
      "act": "go to cabinet 6",
      "thought": "I am now in/on: stoveburner 2\nCritical objects I have found:\nNone\nObjects I have taken:\nNone\nOn stoveburner 2, there is no kettle. Next, I need to check cabinet 6, as kettles are often stored in cabinets."
    },
    {
      "obs": "You arrive at loc 18. The cabinet 6 is closed.",
      "act": "open cabinet 6",
      "thought": "I am now in/on: stoveburner 2\nCritical objects I have found:\nNone\nObjects I have taken:\nNone\nTo see objects in cabinet 6, I have to open it first."
    },
    {
      "obs": "You open the cabinet 6. The cabinet 6 is open. In it, you see nothing.",
      "act": "go to cabinet 2",
      "thought": "I am now in/on: cabinet 6\nCritical objects I have found:\nNone\nObjects I have taken:\nNone\nIn cabinet 6, there is no kettle. Next, I need to check cabinet 2."
    },
    {
      "obs": "You arrive at loc 36. The cabinet 2 is closed.",
      "act": "open cabinet 2",
      "thought": "I am now in/on: cabinet 6\nCritical objects I have found:\nNone\nObjects I have taken:\nNone\nCabinet 6 is empty. I will now open cabinet 2 to see if the kettle is inside."
    },
    {
      "obs": "You open the cabinet 2. The cabinet 2 is open. In it, you see nothing.",
      "act": "go to shelf 2",
      "thought": "I am now in/on: cabinet 2\nCritical objects I have found:\nNone\nObjects I have taken:\nNone\nCabinet 2 is also empty. Next, I need to check shelf 2 for the kettle."
    },
    {
      "obs": "You arrive at loc 29. On the shelf 2, you see a bowl 1, and a peppershaker 1.",
      "act": "go to cabinet 1",
      "thought": "I am now in/on: shelf 2\nCritical objects I have found:\nNone\nObjects I have taken:\nNone\nOn shelf 2, there is no kettle. Next, I need to check cabinet 1."
    },
    {
      "obs": "You arrive at loc 31. The cabinet 1 is closed.",
      "act": "open cabinet 1",
      "thought": "I am now in/on: shelf 2\nCritical objects I have found:\nNone\nObjects I have taken:\nNone\nShelf 2 does not have a kettle. I will now open cabinet 1 to continue searching for the kettle."
    },
    {
      "obs": "You open the cabinet 1. The cabinet 1 is open. In it, you see nothing.",
      "act": "go to stoveburner 3",
      "thought": "I am now in/on: cabinet 1\nCritical objects I have found:\nNone\nObjects I have taken:\nNone\nCabinet 1 is also empty. Next, I need to check around the other stoveburners, as kettles can sometimes be found there."
    },
    {
      "obs": "You arrive at loc 40. On the stoveburner 3, you see a kettle 2.",
      "act": "take kettle 2 from stoveburner 3",
      "thought": "I am now in/on: stoveburner 3\nCritical objects I have found:\nkettle 2 (stoveburner 3)\nObjects I have taken:\nNone\nI have found a kettle (2) on stoveburner 3. Next, I need to take it."
    },
    {
      "obs": "You pick up the kettle 2 from the stoveburner 3.",
      "act": "go to shelf 1",
      "thought": "I am now in/on: stoveburner 3\nCritical objects I have found:\nkettle 2 (stoveburner 3)\nObjects I have taken:\nkettle 2\nNow I have taken the kettle (2). Next, I need to go to and put it on a shelf. I will start with shelf 1 since it was the first shelf I checked."
    },
    {
      "obs": "You arrive at loc 26. On the shelf 1, you see a cup 1, and a dishsponge 1.",
      "act": "put kettle 2 in/on shelf 1",
      "thought": "I am now in/on: shelf 1\nCritical objects I have found:\nkettle 2 (stoveburner 3)\nObjects I have taken:\nkettle 2\nNow I am at shelf 1. Next, I need to put the kettle 2 in/on it to complete the task."
    },
    {
      "obs": "You put the kettle 2 in/on the shelf 1.",
      "act": "go to stoveburner 2"
    }
  ]
}