{
  "task": "put a remotecontrol in armchair.",
  "traj": [
    {
      "obs": "You are in the middle of a room. Looking quickly around you, you see a armchair 1, a armchair 2, a armchair 3, a coffeetable 1, a diningtable 1, a diningtable 2, a garbagecan 1, a sofa 1, and a tvstand 1.",
      "act": "go to coffeetable 1",
      "thought": "I am now in/on: the middle of a room\nCritical objects I have found:\nNone\nObjects I have taken:\nNone\nTo solve the task, I need to find and take a remote control, then put it in an armchair. First, I need to find a remote control. A remote control is more likely to appear on surfaces like coffee tables, dining tables, sofas, or TV stands. I will start by checking the coffee table."
    },
    {
      "obs": "You arrive at loc 9. On the coffeetable 1, you see a plate 1, and a statue 2.",
      "act": "go to diningtable 2",
      "thought": "I am now in/on: coffeetable 1\nCritical objects I have found:\nNone\nObjects I have taken:\nNone\nOn coffeetable 1, there is no remote control. Next, I need to check diningtable 2."
    },
    {
      "obs": "You arrive at loc 1. On the diningtable 2, you see a remotecontrol 2.",
      "act": "take remotecontrol 2 from diningtable 2",
      "thought": "I am now in/on: diningtable 2\nCritical objects I have found:\nremotecontrol 2 (diningtable 2)\nObjects I have taken:\nNone\nNow I find a remote control (2). Next, I need to take it."
    },
    {
      "obs": "You pick up the remotecontrol 2 from the diningtable 2.",
      "act": "go to armchair 3",
      "thought": "I am now in/on: diningtable 2\nCritical objects I have found:\nremotecontrol 2 (diningtable 2)\nObjects I have taken:\nremotecontrol 2\nNow I have taken the remote control (2). Next, I need to go to an armchair and put it there. I will choose armchair 3."
    },
    {
      "obs": "You arrive at loc 4. On the armchair 3, you see nothing.",
      "act": "put remotecontrol 2 in/on armchair 3",
      "thought": "I am now in/on: armchair 3\nCritical objects I have found:\nremotecontrol 2 (diningtable 2)\nObjects I have taken:\nremotecontrol 2\nNow I am at armchair 3. Next, I need to put the remote control (2) in/on it."
    },
    {
      "obs": "You put the remotecontrol 2 in/on the armchair 3.",
      "act": "go to coffeetable 1"
    }
  ]
}