{
  "task": "put a soapbottle in garbagecan.",
  "traj": [
    {
      "obs": "You are in the middle of a room. Looking quickly around you, you see a cabinet 1, a cabinet 2, a cabinet 3, a cabinet 4, a countertop 1, a garbagecan 1, a handtowelholder 1, a sinkbasin 1, a sinkbasin 2, a toilet 1, a toiletpaperhanger 1, and a towelholder 1.",
      "act": "go to cabinet 1",
      "thought": "I am now in/on: the middle of a room\nCritical objects I have found:\nNone\nObjects I have taken:\nNone\nTo solve the task, I need to find and take a soapbottle, then put it in the garbagecan. First, I need to find a soapbottle. A soapbottle is more likely to appear in cabinets (1-4) or on the countertop (1). I will check one by one, starting with cabinet 1."
    },
    {
      "obs": "You arrive at loc 10. The cabinet 1 is closed.",
      "act": "open cabinet 1",
      "thought": "I am now in/on: cabinet 1\nCritical objects I have found:\nNone\nObjects I have taken:\nNone\nTo see objects in cabinet 1, I have to open it first."
    },
    {
      "obs": "You open the cabinet 1. The cabinet 1 is open. In it, you see a spraybottle 2.",
      "act": "go to countertop 1",
      "thought": "I am now in/on: cabinet 1\nCritical objects I have found:\nNone\nObjects I have taken:\nNone\nIn cabinet 1, there is no soapbottle. Next, I need to check countertop 1."
    },
    {
      "obs": "You arrive at loc 5. On the countertop 1, you see a candle 1, a soapbar 1, and a spraybottle 3.",
      "act": "go to cabinet 2",
      "thought": "I am now in/on: countertop 1\nCritical objects I have found:\nNone\nObjects I have taken:\nNone\nOn countertop 1, there is no soapbottle. Next, I need to check cabinet 2."
    },
    {
      "obs": "You arrive at loc 12. The cabinet 2 is closed.",
      "act": "open cabinet 2",
      "thought": "I am now in/on: cabinet 1\nCritical objects I have found:\nNone\nObjects I have taken:\nNone\nI have checked cabinet 1 and countertop 1 and found no soapbottle. Now I will open cabinet 2 to look for a soapbottle."
    },
    {
      "obs": "You open the cabinet 2. The cabinet 2 is open. In it, you see a soapbottle 2.",
      "act": "take soapbottle 2 from cabinet 2",
      "thought": "I am now in/on: cabinet 2\nCritical objects I have found:\nsoapbottle 2 (cabinet 2)\nObjects I have taken:\nNone\nNow I have found a soapbottle (2) in cabinet 2. Next, I need to take it."
    },
    {
      "obs": "You pick up the soapbottle 2 from the cabinet 2.",
      "act": "go to garbagecan 1",
      "thought": "I am now in/on: cabinet 2\nCritical objects I have found:\nsoapbottle 2 (cabinet 2)\nObjects I have taken:\nsoapbottle 2\nNow I have taken the soapbottle (2). Next, I need to go to the garbagecan 1 to put the soapbottle in it."
    },
    {
      "obs": "You arrive at loc 14. On the garbagecan 1, you see nothing.",
      "act": "put soapbottle 2 in/on garbagecan 1",
      "thought": "I am now in/on: garbagecan 1\nCritical objects I have found:\nsoapbottle 2 (cabinet 2)\nObjects I have taken:\nsoapbottle 2\nNow I am at the garbagecan 1. Next, I need to put the soapbottle 2 in/on it."
    },
    {
      "obs": "You put the soapbottle 2 in/on the garbagecan 1.",
      "act": "go to cabinet 1"
    }
  ]
}