{
  "task": "put some tomato on microwave.",
  "traj": [
    {
      "obs": "You are in the middle of a room. Looking quickly around you, you see a cabinet 1, a cabinet 10, a cabinet 11, a cabinet 12, a cabinet 13, a cabinet 14, a cabinet 15, a cabinet 16, a cabinet 17, a cabinet 18, a cabinet 19, a cabinet 2, a cabinet 20, a cabinet 3, a cabinet 4, a cabinet 5, a cabinet 6, a cabinet 7, a cabinet 8, a cabinet 9, a coffeemachine 1, a countertop 1, a countertop 2, a countertop 3, a drawer 1, a drawer 2, a drawer 3, a fridge 1, a garbagecan 1, a microwave 1, a shelf 1, a shelf 2, a shelf 3, a sinkbasin 1, a stoveburner 1, a stoveburner 2, a stoveburner 3, a stoveburner 4, and a toaster 1.",
      "act": "go to countertop 1",
      "thought": "I am now in/on: the middle of a room\nCritical objects I have found:\nNone\nObjects I have taken:\nNone\nTo solve the task, I need to find and take a tomato, then put it on the microwave. First, I need to find a tomato. A tomato is more likely to appear on countertops (1-3), in fridges (1), or on shelves (1-3). I will start by checking countertop 1."
    },
    {
      "obs": "You arrive at loc 21. On the countertop 1, you see a dishsponge 2, a knife 1, a lettuce 1, a mug 1, a pan 1, a plate 2, a spatula 2, a vase 2, and a vase 3.",
      "act": "go to sinkbasin 1",
      "thought": "I am now in/on: countertop 1\nCritical objects I have found:\nNone\nObjects I have taken:\nNone\nOn countertop 1, there is no tomato. Next, I need to check sinkbasin 1, as sometimes vegetables are left there after washing."
    },
    {
      "obs": "You arrive at loc 38. On the sinkbasin 1, you see a cup 1, a egg 3, a potato 2, and a tomato 4.",
      "act": "take tomato 4 from sinkbasin 1",
      "thought": "I am now in/on: sinkbasin 1\nCritical objects I have found:\ntomato 4 (sinkbasin 1)\nObjects I have taken:\nNone\nI have found a tomato (4) in the sinkbasin 1. Next, I need to take it."
    },
    {
      "obs": "You pick up the tomato 4 from the sinkbasin 1.",
      "act": "go to microwave 1",
      "thought": "I am now in/on: sinkbasin 1\nCritical objects I have found:\ntomato 4 (sinkbasin 1)\nObjects I have taken:\ntomato 4\nNow I have taken the tomato (4). Next, I need to go to the microwave 1 to put the tomato on it."
    },
    {
      "obs": "You arrive at loc 23. The microwave 1 is closed.",
      "act": "open microwave 1",
      "thought": "I am now in/on: microwave 1\nCritical objects I have found:\ntomato 4 (sinkbasin 1)\nObjects I have taken:\ntomato 4\nThe microwave is closed, but since my task is to put the tomato on the microwave, I don't need to open it. I just need to place the tomato on top of the microwave."
    },
    {
      "obs": "You open the microwave 1. The microwave 1 is open. In it, you see a apple 3.",
      "act": "put tomato 4 in/on microwave 1",
      "thought": "I am now in/on: microwave 1\nCritical objects I have found:\ntomato 4 (sinkbasin 1)\nObjects I have taken:\ntomato 4\nI have opened the microwave, but my task is to put the tomato on the microwave, not inside it. I will proceed to place the tomato on top of the microwave."
    },
    {
      "obs": "You put the tomato 4 in/on the microwave 1.",
      "act": "close microwave 1"
    }
  ]
}